Store_Code,Store_Name,Division,Region,Retailer,Barcode,Product_Description,Brand,SKU,Category,Sub_Category,Value_2026,Value_2025,Volume_2026,Volume_2025,Ranging_Gap,Availability_Gap,Pricing_Gap,AUP,RSP
310001,Pick n Pay Menlyn,Inland North Division,Gauteng North Region,Pick n Pay,6001007001011,SunTrail Original Crunch Cereal 500g,SunTrail,SunTrail Original Crunch Cereal 500g,Cereals,Ready-to-Eat Cereal,7603.2800000000000,6367.8400000000000,137,119,0,0,0,54.71,54.99
310001,Pick n Pay Menlyn,Inland North Division,Gauteng North Region,Pick n Pay,6001007001028,SunTrail Honey Rings Cereal 450g,SunTrail,SunTrail Honey Rings Cereal 450g,Cereals,Ready-to-Eat Cereal,7827.6600000000000,6285.3100000000000,137,115,0,0,0,58.73,59.99
310001,Pick n Pay Menlyn,Inland North Division,Gauteng North Region,Pick n Pay,6001007001035,MorningMelt Creamy Instant Oats 500g,MorningMelt,MorningMelt Creamy Instant Oats 500g,Cereals,Hot Cereals,4507.0200000000004,3919.1600000000000,104,95,0,0,0,45.35,44.99
310001,Pick n Pay Menlyn,Inland North Division,Gauteng North Region,Pick n Pay,6001007001042,MorningMelt Cinnamon Oats Sachets 10x35g,MorningMelt,MorningMelt Cinnamon Oats Sachets 10x35g,Cereals,Hot Cereals,5033.4200000000000,4370.4300000000000,101,92,0,0,0,50.34,49.99
310001,Pick n Pay Menlyn,Inland North Division,Gauteng North Region,Pick n Pay,6001007001059,SavannaSip Pure Rooibos Tea 80s,SavannaSip,SavannaSip Pure Rooibos Tea 80s,Beverages,Tea,11044.6200000000000,8392.1900000000000,169,134,0,0,0,66.41,64.99
310001,Pick n Pay Menlyn,Inland North Division,Gauteng North Region,Pick n Pay,6001007001066,SavannaSip Lemon Iced Tea 1.5L,SavannaSip,SavannaSip Lemon Iced Tea 1.5L,Beverages,Ready-to-Drink,5960.0900000000000,4458.0300000000000,245,193,0,0,0,25.92,24.99
310001,Pick n Pay Menlyn,Inland North Division,Gauteng North Region,Pick n Pay,6001007001073,CraveCraft Salted Maize Bites 125g,CraveCraft,CraveCraft Salted Maize Bites 125g,Snacks,Savoury Snacks,4162.2900000000000,4810.1099999999997,213,258,1,0,0,18.86,18.99
310001,Pick n Pay Menlyn,Inland North Division,Gauteng North Region,Pick n Pay,6001007001080,CraveCraft Chutney Maize Bites 125g,CraveCraft,CraveCraft Chutney Maize Bites 125g,Snacks,Savoury Snacks,3435.3000000000000,2835.8600000000000,191,163,0,0,0,19.01,18.99
310001,Pick n Pay Menlyn,Inland North Division,Gauteng North Region,Pick n Pay,6001007001097,CraveCraft Cheese Corn Puffs 100g,CraveCraft,CraveCraft Cheese Corn Puffs 100g,Snacks,Savoury Snacks,2964.3500000000000,2516.2900000000000,167,149,0,0,0,18.46,17.99
310001,Pick n Pay Menlyn,Inland North Division,Gauteng North Region,Pick n Pay,6001007001103,HomeHarvest Tomato & Herb Soup 500ml,HomeHarvest,HomeHarvest Tomato & Herb Soup 500ml,Convenience Foods,Soups,3752.5700000000000,3115.6500000000000,113,97,0,0,0,34.79,34.99
310001,Pick n Pay Menlyn,Inland North Division,Gauteng North Region,Pick n Pay,6001007001110,HomeHarvest Beef Stew Mix 200g,HomeHarvest,HomeHarvest Beef Stew Mix 200g,Convenience Foods,Meal Solutions,2991.8900000000000,2456.9899999999998,100,85,0,0,0,29.9,29.99
310001,Pick n Pay Menlyn,Inland North Division,Gauteng North Region,Pick n Pay,6001007001127,HomeHarvest Chicken Curry Meal Base 200g,HomeHarvest,HomeHarvest Chicken Curry Meal Base 200g,Convenience Foods,Meal Solutions,3379.4900000000000,2721.5500000000000,110,93,0,0,0,32.03,31.99
310002,Pick n Pay Montana,Inland North Division,Gauteng North Region,Pick n Pay,6001007001011,SunTrail Original Crunch Cereal 500g,SunTrail,SunTrail Original Crunch Cereal 500g,Cereals,Ready-to-Eat Cereal,7799.6000000000000,7004.6900000000000,146,137,0,0,1,58.83,54.99
310002,Pick n Pay Montana,Inland North Division,Gauteng North Region,Pick n Pay,6001007001028,SunTrail Honey Rings Cereal 450g,SunTrail,SunTrail Honey Rings Cereal 450g,Cereals,Ready-to-Eat Cereal,9572.9100000000000,7769.9300000000000,161,137,0,0,0,58.68,59.99
310002,Pick n Pay Montana,Inland North Division,Gauteng North Region,Pick n Pay,6001007001035,MorningMelt Creamy Instant Oats 500g,MorningMelt,MorningMelt Creamy Instant Oats 500g,Cereals,Hot Cereals,5574.3400000000000,4665.8500000000004,130,113,0,0,0,45.0,44.99
310002,Pick n Pay Montana,Inland North Division,Gauteng North Region,Pick n Pay,6001007001042,MorningMelt Cinnamon Oats Sachets 10x35g,MorningMelt,MorningMelt Cinnamon Oats Sachets 10x35g,Cereals,Hot Cereals,6379.1300000000000,5429.0900000000000,127,112,0,0,0,49.25,49.99
310002,Pick n Pay Montana,Inland North Division,Gauteng North Region,Pick n Pay,6001007001059,SavannaSip Pure Rooibos Tea 80s,SavannaSip,SavannaSip Pure Rooibos Tea 80s,Beverages,Tea,6849.1400000000000,7658.7500000000000,110,129,1,0,0,63.77,64.99
310002,Pick n Pay Montana,Inland North Division,Gauteng North Region,Pick n Pay,6001007001066,SavannaSip Lemon Iced Tea 1.5L,SavannaSip,SavannaSip Lemon Iced Tea 1.5L,Beverages,Ready-to-Drink,6579.5500000000000,5124.7700000000004,258,209,0,0,0,25.34,24.99
310002,Pick n Pay Montana,Inland North Division,Gauteng North Region,Pick n Pay,6001007001073,CraveCraft Salted Maize Bites 125g,CraveCraft,CraveCraft Salted Maize Bites 125g,Snacks,Savoury Snacks,5795.8100000000000,4617.9799999999996,320,267,0,0,0,18.83,18.99
310002,Pick n Pay Montana,Inland North Division,Gauteng North Region,Pick n Pay,6001007001080,CraveCraft Chutney Maize Bites 125g,CraveCraft,CraveCraft Chutney Maize Bites 125g,Snacks,Savoury Snacks,4465.9799999999996,3865.1300000000000,238,213,0,0,0,18.79,18.99
310002,Pick n Pay Montana,Inland North Division,Gauteng North Region,Pick n Pay,6001007001097,CraveCraft Cheese Corn Puffs 100g,CraveCraft,CraveCraft Cheese Corn Puffs 100g,Snacks,Savoury Snacks,4724.3000000000000,4076.8300000000000,271,245,0,0,1,19.92,17.99
310002,Pick n Pay Montana,Inland North Division,Gauteng North Region,Pick n Pay,6001007001103,HomeHarvest Tomato & Herb Soup 500ml,HomeHarvest,HomeHarvest Tomato & Herb Soup 500ml,Convenience Foods,Soups,5623.4500000000000,4537.2400000000000,164,138,0,0,0,34.8,34.99
310002,Pick n Pay Montana,Inland North Division,Gauteng North Region,Pick n Pay,6001007001110,HomeHarvest Beef Stew Mix 200g,HomeHarvest,HomeHarvest Beef Stew Mix 200g,Convenience Foods,Meal Solutions,2729.0800000000000,2242.0700000000002,96,82,0,0,0,30.53,29.99
310002,Pick n Pay Montana,Inland North Division,Gauteng North Region,Pick n Pay,6001007001127,HomeHarvest Chicken Curry Meal Base 200g,HomeHarvest,HomeHarvest Chicken Curry Meal Base 200g,Convenience Foods,Meal Solutions,3177.9000000000000,3134.6900000000000,97,99,0,1,0,31.62,31.99
310003,Pick n Pay Centurion,Inland North Division,Gauteng North Region,Pick n Pay,6001007001011,SunTrail Original Crunch Cereal 500g,SunTrail,SunTrail Original Crunch Cereal 500g,Cereals,Ready-to-Eat Cereal,11673.9900000000000,10126.9300000000000,208,190,0,0,0,53.36,54.99
310003,Pick n Pay Centurion,Inland North Division,Gauteng North Region,Pick n Pay,6001007001028,SunTrail Honey Rings Cereal 450g,SunTrail,SunTrail Honey Rings Cereal 450g,Cereals,Ready-to-Eat Cereal,12081.5600000000000,10839.4800000000000,194,183,0,0,1,64.94,59.99
310003,Pick n Pay Centurion,Inland North Division,Gauteng North Region,Pick n Pay,6001007001035,MorningMelt Creamy Instant Oats 500g,MorningMelt,MorningMelt Creamy Instant Oats 500g,Cereals,Hot Cereals,6638.1200000000000,6111.8700000000000,148,144,0,0,1,50.62,44.99
310003,Pick n Pay Centurion,Inland North Division,Gauteng North Region,Pick n Pay,6001007001042,MorningMelt Cinnamon Oats Sachets 10x35g,MorningMelt,MorningMelt Cinnamon Oats Sachets 10x35g,Cereals,Hot Cereals,7289.9800000000000,6311.8900000000000,146,131,0,0,0,48.76,49.99
310003,Pick n Pay Centurion,Inland North Division,Gauteng North Region,Pick n Pay,6001007001059,SavannaSip Pure Rooibos Tea 80s,SavannaSip,SavannaSip Pure Rooibos Tea 80s,Beverages,Tea,12841.8100000000000,9785.2199999999993,206,165,0,0,0,66.17,64.99
310003,Pick n Pay Centurion,Inland North Division,Gauteng North Region,Pick n Pay,6001007001066,SavannaSip Lemon Iced Tea 1.5L,SavannaSip,SavannaSip Lemon Iced Tea 1.5L,Beverages,Ready-to-Drink,7956.5800000000000,6239.5100000000000,322,264,0,0,0,25.93,24.99
310003,Pick n Pay Centurion,Inland North Division,Gauteng North Region,Pick n Pay,6001007001073,CraveCraft Salted Maize Bites 125g,CraveCraft,CraveCraft Salted Maize Bites 125g,Snacks,Savoury Snacks,3568.9500000000000,4452.1700000000000,197,257,1,0,0,19.52,18.99
310003,Pick n Pay Centurion,Inland North Division,Gauteng North Region,Pick n Pay,6001007001080,CraveCraft Chutney Maize Bites 125g,CraveCraft,CraveCraft Chutney Maize Bites 125g,Snacks,Savoury Snacks,4838.0200000000004,3850.4200000000000,247,206,0,0,0,19.8,18.99
310003,Pick n Pay Centurion,Inland North Division,Gauteng North Region,Pick n Pay,6001007001097,CraveCraft Cheese Corn Puffs 100g,CraveCraft,CraveCraft Cheese Corn Puffs 100g,Snacks,Savoury Snacks,4316.9900000000000,3437.7400000000000,231,194,0,0,0,17.98,17.99
310003,Pick n Pay Centurion,Inland North Division,Gauteng North Region,Pick n Pay,6001007001103,HomeHarvest Tomato & Herb Soup 500ml,HomeHarvest,HomeHarvest Tomato & Herb Soup 500ml,Convenience Foods,Soups,5915.1000000000000,4749.6499999999996,176,148,0,0,0,34.61,34.99
310003,Pick n Pay Centurion,Inland North Division,Gauteng North Region,Pick n Pay,6001007001110,HomeHarvest Beef Stew Mix 200g,HomeHarvest,HomeHarvest Beef Stew Mix 200g,Convenience Foods,Meal Solutions,3841.9600000000000,3120.7800000000000,134,113,0,0,0,29.26,29.99
310003,Pick n Pay Centurion,Inland North Division,Gauteng North Region,Pick n Pay,6001007001127,HomeHarvest Chicken Curry Meal Base 200g,HomeHarvest,HomeHarvest Chicken Curry Meal Base 200g,Convenience Foods,Meal Solutions,4226.3999999999996,3462.2800000000000,132,114,0,0,0,32.63,31.99
310004,Pick n Pay Pretoria CBD,Inland North Division,Gauteng North Region,Pick n Pay,6001007001011,SunTrail Original Crunch Cereal 500g,SunTrail,SunTrail Original Crunch Cereal 500g,Cereals,Ready-to-Eat Cereal,9542.5200000000000,8148.1900000000000,174,156,0,0,0,54.44,54.99
310004,Pick n Pay Pretoria CBD,Inland North Division,Gauteng North Region,Pick n Pay,6001007001028,SunTrail Honey Rings Cereal 450g,SunTrail,SunTrail Honey Rings Cereal 450g,Cereals,Ready-to-Eat Cereal,10470.5499999999990,8841.5900000000000,170,149,0,0,0,61.22,59.99
310004,Pick n Pay Pretoria CBD,Inland North Division,Gauteng North Region,Pick n Pay,6001007001035,MorningMelt Creamy Instant Oats 500g,MorningMelt,MorningMelt Creamy Instant Oats 500g,Cereals,Hot Cereals,6833.6400000000000,5907.5600000000000,156,142,0,0,0,45.26,44.99
310004,Pick n Pay Pretoria CBD,Inland North Division,Gauteng North Region,Pick n Pay,6001007001042,MorningMelt Cinnamon Oats Sachets 10x35g,MorningMelt,MorningMelt Cinnamon Oats Sachets 10x35g,Cereals,Hot Cereals,6812.9700000000000,5536.7500000000000,133,113,0,0,0,49.82,49.99
310004,Pick n Pay Pretoria CBD,Inland North Division,Gauteng North Region,Pick n Pay,6001007001059,SavannaSip Pure Rooibos Tea 80s,SavannaSip,SavannaSip Pure Rooibos Tea 80s,Beverages,Tea,10806.2300000000000,8139.8700000000000,162,127,0,0,0,64.89,64.99
310004,Pick n Pay Pretoria CBD,Inland North Division,Gauteng North Region,Pick n Pay,6001007001066,SavannaSip Lemon Iced Tea 1.5L,SavannaSip,SavannaSip Lemon Iced Tea 1.5L,Beverages,Ready-to-Drink,6352.1200000000000,5023.8100000000004,265,217,0,0,0,25.11,24.99
310004,Pick n Pay Pretoria CBD,Inland North Division,Gauteng North Region,Pick n Pay,6001007001073,CraveCraft Salted Maize Bites 125g,CraveCraft,CraveCraft Salted Maize Bites 125g,Snacks,Savoury Snacks,4434.0600000000004,3708.3600000000000,237,206,0,0,0,19.59,18.99
310004,Pick n Pay Pretoria CBD,Inland North Division,Gauteng North Region,Pick n Pay,6001007001080,CraveCraft Chutney Maize Bites 125g,CraveCraft,CraveCraft Chutney Maize Bites 125g,Snacks,Savoury Snacks,4871.6700000000000,4059.1800000000000,267,233,0,0,0,19.12,18.99
310004,Pick n Pay Pretoria CBD,Inland North Division,Gauteng North Region,Pick n Pay,6001007001097,CraveCraft Cheese Corn Puffs 100g,CraveCraft,CraveCraft Cheese Corn Puffs 100g,Snacks,Savoury Snacks,4194.3800000000000,3459.4100000000000,234,200,0,0,0,18.72,17.99
310004,Pick n Pay Pretoria CBD,Inland North Division,Gauteng North Region,Pick n Pay,6001007001103,HomeHarvest Tomato & Herb Soup 500ml,HomeHarvest,HomeHarvest Tomato & Herb Soup 500ml,Convenience Foods,Soups,4432.1700000000000,3545.6800000000000,134,111,0,0,0,35.85,34.99
310004,Pick n Pay Pretoria CBD,Inland North Division,Gauteng North Region,Pick n Pay,6001007001110,HomeHarvest Beef Stew Mix 200g,HomeHarvest,HomeHarvest Beef Stew Mix 200g,Convenience Foods,Meal Solutions,2004.2700000000000,2348.2399999999998,68,84,1,0,0,30.43,29.99
310004,Pick n Pay Pretoria CBD,Inland North Division,Gauteng North Region,Pick n Pay,6001007001127,HomeHarvest Chicken Curry Meal Base 200g,HomeHarvest,HomeHarvest Chicken Curry Meal Base 200g,Convenience Foods,Meal Solutions,2845.9000000000000,2831.8400000000000,90,93,0,1,0,32.19,31.99
310005,Pick n Pay Hyper Silver Lakes,Inland North Division,Gauteng North Region,Pick n Pay,6001007001011,SunTrail Original Crunch Cereal 500g,SunTrail,SunTrail Original Crunch Cereal 500g,Cereals,Ready-to-Eat Cereal,7701.3600000000000,6500.9600000000000,144,127,0,0,0,55.42,54.99
310005,Pick n Pay Hyper Silver Lakes,Inland North Division,Gauteng North Region,Pick n Pay,6001007001028,SunTrail Honey Rings Cereal 450g,SunTrail,SunTrail Honey Rings Cereal 450g,Cereals,Ready-to-Eat Cereal,7093.5800000000000,6035.8700000000000,116,104,0,0,0,58.84,59.99
310005,Pick n Pay Hyper Silver Lakes,Inland North Division,Gauteng North Region,Pick n Pay,6001007001035,MorningMelt Creamy Instant Oats 500g,MorningMelt,MorningMelt Creamy Instant Oats 500g,Cereals,Hot Cereals,6334.4400000000000,5235.5600000000004,140,122,0,0,0,43.73,44.99
310005,Pick n Pay Hyper Silver Lakes,Inland North Division,Gauteng North Region,Pick n Pay,6001007001042,MorningMelt Cinnamon Oats Sachets 10x35g,MorningMelt,MorningMelt Cinnamon Oats Sachets 10x35g,Cereals,Hot Cereals,5672.4900000000000,4725.7400000000000,115,100,0,0,0,50.23,49.99
310005,Pick n Pay Hyper Silver Lakes,Inland North Division,Gauteng North Region,Pick n Pay,6001007001059,SavannaSip Pure Rooibos Tea 80s,SavannaSip,SavannaSip Pure Rooibos Tea 80s,Beverages,Tea,9686.3200000000000,7586.9200000000000,151,125,0,0,0,64.52,64.99
310005,Pick n Pay Hyper Silver Lakes,Inland North Division,Gauteng North Region,Pick n Pay,6001007001066,SavannaSip Lemon Iced Tea 1.5L,SavannaSip,SavannaSip Lemon Iced Tea 1.5L,Beverages,Ready-to-Drink,5855.3100000000000,4589.6200000000000,229,186,0,0,0,24.41,24.99
310005,Pick n Pay Hyper Silver Lakes,Inland North Division,Gauteng North Region,Pick n Pay,6001007001073,CraveCraft Salted Maize Bites 125g,CraveCraft,CraveCraft Salted Maize Bites 125g,Snacks,Savoury Snacks,4843.8800000000000,3928.2500000000000,256,217,0,0,0,19.21,18.99
310005,Pick n Pay Hyper Silver Lakes,Inland North Division,Gauteng North Region,Pick n Pay,6001007001080,CraveCraft Chutney Maize Bites 125g,CraveCraft,CraveCraft Chutney Maize Bites 125g,Snacks,Savoury Snacks,4275.8300000000000,3557.8900000000000,235,202,0,0,0,18.99,18.99
310005,Pick n Pay Hyper Silver Lakes,Inland North Division,Gauteng North Region,Pick n Pay,6001007001097,CraveCraft Cheese Corn Puffs 100g,CraveCraft,CraveCraft Cheese Corn Puffs 100g,Snacks,Savoury Snacks,3673.6600000000000,2962.2800000000000,203,170,0,0,0,17.99,17.99
310005,Pick n Pay Hyper Silver Lakes,Inland North Division,Gauteng North Region,Pick n Pay,6001007001103,HomeHarvest Tomato & Herb Soup 500ml,HomeHarvest,HomeHarvest Tomato & Herb Soup 500ml,Convenience Foods,Soups,3995.8800000000000,3342.0500000000000,117,102,0,0,0,36.12,34.99
310005,Pick n Pay Hyper Silver Lakes,Inland North Division,Gauteng North Region,Pick n Pay,6001007001110,HomeHarvest Beef Stew Mix 200g,HomeHarvest,HomeHarvest Beef Stew Mix 200g,Convenience Foods,Meal Solutions,2807.7400000000000,2217.7500000000000,96,79,0,0,0,29.48,29.99
310005,Pick n Pay Hyper Silver Lakes,Inland North Division,Gauteng North Region,Pick n Pay,6001007001127,HomeHarvest Chicken Curry Meal Base 200g,HomeHarvest,HomeHarvest Chicken Curry Meal Base 200g,Convenience Foods,Meal Solutions,3046.9000000000000,2549.9899999999998,99,86,0,0,1,34.5,31.99
310006,Pick n Pay Alberton,Inland South Division,Gauteng South Region,Pick n Pay,6001007001011,SunTrail Original Crunch Cereal 500g,SunTrail,SunTrail Original Crunch Cereal 500g,Cereals,Ready-to-Eat Cereal,8624.1400000000000,7877.2200000000000,159,153,0,0,1,59.46,54.99
310006,Pick n Pay Alberton,Inland South Division,Gauteng South Region,Pick n Pay,6001007001028,SunTrail Honey Rings Cereal 450g,SunTrail,SunTrail Honey Rings Cereal 450g,Cereals,Ready-to-Eat Cereal,7727.8500000000000,6612.9000000000000,135,120,0,0,0,62.35,59.99
310006,Pick n Pay Alberton,Inland South Division,Gauteng South Region,Pick n Pay,6001007001035,MorningMelt Creamy Instant Oats 500g,MorningMelt,MorningMelt Creamy Instant Oats 500g,Cereals,Hot Cereals,6006.7600000000000,5154.5300000000000,130,117,0,0,0,44.35,44.99
310006,Pick n Pay Alberton,Inland South Division,Gauteng South Region,Pick n Pay,6001007001042,MorningMelt Cinnamon Oats Sachets 10x35g,MorningMelt,MorningMelt Cinnamon Oats Sachets 10x35g,Cereals,Hot Cereals,5012.2200000000000,5630.6900000000000,104,122,0,1,0,50.47,49.99
310006,Pick n Pay Alberton,Inland South Division,Gauteng South Region,Pick n Pay,6001007001059,SavannaSip Pure Rooibos Tea 80s,SavannaSip,SavannaSip Pure Rooibos Tea 80s,Beverages,Tea,12655.5000000000000,10207.1299999999990,194,162,0,0,0,65.39,64.99
310006,Pick n Pay Alberton,Inland South Division,Gauteng South Region,Pick n Pay,6001007001066,SavannaSip Lemon Iced Tea 1.5L,SavannaSip,SavannaSip Lemon Iced Tea 1.5L,Beverages,Ready-to-Drink,7394.1100000000000,6032.9400000000000,287,244,0,0,0,25.65,24.99
310006,Pick n Pay Alberton,Inland South Division,Gauteng South Region,Pick n Pay,6001007001073,CraveCraft Salted Maize Bites 125g,CraveCraft,CraveCraft Salted Maize Bites 125g,Snacks,Savoury Snacks,4895.8599999999997,4463.2500000000000,273,258,0,0,0,18.87,18.99
310006,Pick n Pay Alberton,Inland South Division,Gauteng South Region,Pick n Pay,6001007001080,CraveCraft Chutney Maize Bites 125g,CraveCraft,CraveCraft Chutney Maize Bites 125g,Snacks,Savoury Snacks,3881.2700000000000,3399.8200000000000,212,193,0,0,0,19.82,18.99
310006,Pick n Pay Alberton,Inland South Division,Gauteng South Region,Pick n Pay,6001007001097,CraveCraft Cheese Corn Puffs 100g,CraveCraft,CraveCraft Cheese Corn Puffs 100g,Snacks,Savoury Snacks,3818.4700000000000,3442.8300000000000,212,201,0,0,0,17.81,17.99
310006,Pick n Pay Alberton,Inland South Division,Gauteng South Region,Pick n Pay,6001007001103,HomeHarvest Tomato & Herb Soup 500ml,HomeHarvest,HomeHarvest Tomato & Herb Soup 500ml,Convenience Foods,Soups,5463.8200000000000,4356.2299999999996,163,136,0,0,0,35.33,34.99
310006,Pick n Pay Alberton,Inland South Division,Gauteng South Region,Pick n Pay,6001007001110,HomeHarvest Beef Stew Mix 200g,HomeHarvest,HomeHarvest Beef Stew Mix 200g,Convenience Foods,Meal Solutions,2840.7300000000000,2395.1100000000000,96,84,0,0,0,30.16,29.99
310006,Pick n Pay Alberton,Inland South Division,Gauteng South Region,Pick n Pay,6001007001127,HomeHarvest Chicken Curry Meal Base 200g,HomeHarvest,HomeHarvest Chicken Curry Meal Base 200g,Convenience Foods,Meal Solutions,4136.6800000000000,3488.0100000000000,127,111,0,0,0,33.27,31.99
310007,Pick n Pay Vanderbijlpark,Inland South Division,Gauteng South Region,Pick n Pay,6001007001011,SunTrail Original Crunch Cereal 500g,SunTrail,SunTrail Original Crunch Cereal 500g,Cereals,Ready-to-Eat Cereal,9037.4200000000000,7784.4300000000000,172,154,0,0,0,57.33,54.99
310007,Pick n Pay Vanderbijlpark,Inland South Division,Gauteng South Region,Pick n Pay,6001007001028,SunTrail Honey Rings Cereal 450g,SunTrail,SunTrail Honey Rings Cereal 450g,Cereals,Ready-to-Eat Cereal,9196.0600000000000,7659.1900000000000,150,131,0,0,0,59.5,59.99
310007,Pick n Pay Vanderbijlpark,Inland South Division,Gauteng South Region,Pick n Pay,6001007001035,MorningMelt Creamy Instant Oats 500g,MorningMelt,MorningMelt Creamy Instant Oats 500g,Cereals,Hot Cereals,7060.2500000000000,6275.6400000000000,151,141,0,0,0,46.98,44.99
310007,Pick n Pay Vanderbijlpark,Inland South Division,Gauteng South Region,Pick n Pay,6001007001042,MorningMelt Cinnamon Oats Sachets 10x35g,MorningMelt,MorningMelt Cinnamon Oats Sachets 10x35g,Cereals,Hot Cereals,6484.0500000000000,5799.6900000000000,134,126,0,0,0,50.63,49.99
310007,Pick n Pay Vanderbijlpark,Inland South Division,Gauteng South Region,Pick n Pay,6001007001059,SavannaSip Pure Rooibos Tea 80s,SavannaSip,SavannaSip Pure Rooibos Tea 80s,Beverages,Tea,7436.3000000000000,8511.0300000000007,112,135,1,0,0,67.68,64.99
310007,Pick n Pay Vanderbijlpark,Inland South Division,Gauteng South Region,Pick n Pay,6001007001066,SavannaSip Lemon Iced Tea 1.5L,SavannaSip,SavannaSip Lemon Iced Tea 1.5L,Beverages,Ready-to-Drink,6774.7900000000000,5379.3600000000000,286,235,0,0,0,26.11,24.99
310007,Pick n Pay Vanderbijlpark,Inland South Division,Gauteng South Region,Pick n Pay,6001007001073,CraveCraft Salted Maize Bites 125g,CraveCraft,CraveCraft Salted Maize Bites 125g,Snacks,Savoury Snacks,5265.9200000000000,4367.8100000000004,275,241,0,0,0,19.54,18.99
310007,Pick n Pay Vanderbijlpark,Inland South Division,Gauteng South Region,Pick n Pay,6001007001080,CraveCraft Chutney Maize Bites 125g,CraveCraft,CraveCraft Chutney Maize Bites 125g,Snacks,Savoury Snacks,5289.6400000000000,4795.6400000000003,290,273,0,0,0,19.48,18.99
310007,Pick n Pay Vanderbijlpark,Inland South Division,Gauteng South Region,Pick n Pay,6001007001097,CraveCraft Cheese Corn Puffs 100g,CraveCraft,CraveCraft Cheese Corn Puffs 100g,Snacks,Savoury Snacks,3850.0400000000000,3375.0200000000000,213,197,0,0,0,17.76,17.99
310007,Pick n Pay Vanderbijlpark,Inland South Division,Gauteng South Region,Pick n Pay,6001007001103,HomeHarvest Tomato & Herb Soup 500ml,HomeHarvest,HomeHarvest Tomato & Herb Soup 500ml,Convenience Foods,Soups,3717.9100000000000,3090.0600000000000,108,93,0,0,0,36.48,34.99
310007,Pick n Pay Vanderbijlpark,Inland South Division,Gauteng South Region,Pick n Pay,6001007001110,HomeHarvest Beef Stew Mix 200g,HomeHarvest,HomeHarvest Beef Stew Mix 200g,Convenience Foods,Meal Solutions,4378.2000000000000,3529.0900000000000,140,119,0,0,0,29.26,29.99
310007,Pick n Pay Vanderbijlpark,Inland South Division,Gauteng South Region,Pick n Pay,6001007001127,HomeHarvest Chicken Curry Meal Base 200g,HomeHarvest,HomeHarvest Chicken Curry Meal Base 200g,Convenience Foods,Meal Solutions,4382.4700000000000,3590.0800000000000,139,120,0,0,0,32.59,31.99
310008,Pick n Pay Vereeniging,Inland South Division,Gauteng South Region,Pick n Pay,6001007001011,SunTrail Original Crunch Cereal 500g,SunTrail,SunTrail Original Crunch Cereal 500g,Cereals,Ready-to-Eat Cereal,10649.9100000000000,9106.8700000000008,196,175,0,0,0,57.06,54.99
310008,Pick n Pay Vereeniging,Inland South Division,Gauteng South Region,Pick n Pay,6001007001028,SunTrail Honey Rings Cereal 450g,SunTrail,SunTrail Honey Rings Cereal 450g,Cereals,Ready-to-Eat Cereal,8185.0300000000000,7867.9300000000000,142,143,0,0,1,67.73,59.99
310008,Pick n Pay Vereeniging,Inland South Division,Gauteng South Region,Pick n Pay,6001007001035,MorningMelt Creamy Instant Oats 500g,MorningMelt,MorningMelt Creamy Instant Oats 500g,Cereals,Hot Cereals,5784.8300000000000,6534.2800000000000,131,153,0,1,0,45.77,44.99
310008,Pick n Pay Vereeniging,Inland South Division,Gauteng South Region,Pick n Pay,6001007001042,MorningMelt Cinnamon Oats Sachets 10x35g,MorningMelt,MorningMelt Cinnamon Oats Sachets 10x35g,Cereals,Hot Cereals,5085.3000000000000,4626.6099999999997,106,100,0,0,0,49.5,49.99
310008,Pick n Pay Vereeniging,Inland South Division,Gauteng South Region,Pick n Pay,6001007001059,SavannaSip Pure Rooibos Tea 80s,SavannaSip,SavannaSip Pure Rooibos Tea 80s,Beverages,Tea,9344.8799999999992,9255.9300000000000,145,150,0,1,0,63.6,64.99
310008,Pick n Pay Vereeniging,Inland South Division,Gauteng South Region,Pick n Pay,6001007001066,SavannaSip Lemon Iced Tea 1.5L,SavannaSip,SavannaSip Lemon Iced Tea 1.5L,Beverages,Ready-to-Drink,7888.7600000000000,6521.1000000000000,311,269,0,0,1,28.08,24.99
310008,Pick n Pay Vereeniging,Inland South Division,Gauteng South Region,Pick n Pay,6001007001073,CraveCraft Salted Maize Bites 125g,CraveCraft,CraveCraft Salted Maize Bites 125g,Snacks,Savoury Snacks,5146.5400000000000,4478.8700000000000,272,248,0,0,0,19.38,18.99
310008,Pick n Pay Vereeniging,Inland South Division,Gauteng South Region,Pick n Pay,6001007001080,CraveCraft Chutney Maize Bites 125g,CraveCraft,CraveCraft Chutney Maize Bites 125g,Snacks,Savoury Snacks,4248.7400000000000,3770.2800000000000,226,210,0,0,0,18.49,18.99
310008,Pick n Pay Vereeniging,Inland South Division,Gauteng South Region,Pick n Pay,6001007001097,CraveCraft Cheese Corn Puffs 100g,CraveCraft,CraveCraft Cheese Corn Puffs 100g,Snacks,Savoury Snacks,5653.9900000000000,4725.6600000000000,326,287,0,0,0,18.35,17.99
310008,Pick n Pay Vereeniging,Inland South Division,Gauteng South Region,Pick n Pay,6001007001103,HomeHarvest Tomato & Herb Soup 500ml,HomeHarvest,HomeHarvest Tomato & Herb Soup 500ml,Convenience Foods,Soups,4506.5700000000000,3700.6100000000000,132,113,0,0,0,34.01,34.99
310008,Pick n Pay Vereeniging,Inland South Division,Gauteng South Region,Pick n Pay,6001007001110,HomeHarvest Beef Stew Mix 200g,HomeHarvest,HomeHarvest Beef Stew Mix 200g,Convenience Foods,Meal Solutions,4406.8500000000004,3636.4600000000000,142,123,0,0,0,29.25,29.99
310008,Pick n Pay Vereeniging,Inland South Division,Gauteng South Region,Pick n Pay,6001007001127,HomeHarvest Chicken Curry Meal Base 200g,HomeHarvest,HomeHarvest Chicken Curry Meal Base 200g,Convenience Foods,Meal Solutions,3715.8600000000000,3104.1200000000000,117,101,0,0,0,32.4,31.99
310009,Pick n Pay Boksburg,Inland South Division,Gauteng South Region,Pick n Pay,6001007001011,SunTrail Original Crunch Cereal 500g,SunTrail,SunTrail Original Crunch Cereal 500g,Cereals,Ready-to-Eat Cereal,8476.6200000000008,7284.2100000000000,162,145,0,0,0,53.35,54.99
310009,Pick n Pay Boksburg,Inland South Division,Gauteng South Region,Pick n Pay,6001007001028,SunTrail Honey Rings Cereal 450g,SunTrail,SunTrail Honey Rings Cereal 450g,Cereals,Ready-to-Eat Cereal,6435.6200000000000,5290.9900000000000,106,92,0,0,0,62.63,59.99
310009,Pick n Pay Boksburg,Inland South Division,Gauteng South Region,Pick n Pay,6001007001035,MorningMelt Creamy Instant Oats 500g,MorningMelt,MorningMelt Creamy Instant Oats 500g,Cereals,Hot Cereals,4094.5600000000000,3731.6300000000000,95,90,0,0,0,44.74,44.99
310009,Pick n Pay Boksburg,Inland South Division,Gauteng South Region,Pick n Pay,6001007001042,MorningMelt Cinnamon Oats Sachets 10x35g,MorningMelt,MorningMelt Cinnamon Oats Sachets 10x35g,Cereals,Hot Cereals,4850.3999999999996,4292.8500000000004,99,92,0,0,0,50.65,49.99
310009,Pick n Pay Boksburg,Inland South Division,Gauteng South Region,Pick n Pay,6001007001059,SavannaSip Pure Rooibos Tea 80s,SavannaSip,SavannaSip Pure Rooibos Tea 80s,Beverages,Tea,9728.2400000000000,7441.5900000000000,147,118,0,0,0,63.97,64.99
310009,Pick n Pay Boksburg,Inland South Division,Gauteng South Region,Pick n Pay,6001007001066,SavannaSip Lemon Iced Tea 1.5L,SavannaSip,SavannaSip Lemon Iced Tea 1.5L,Beverages,Ready-to-Drink,4475.4700000000000,3611.2900000000000,183,154,0,0,0,24.65,24.99
310009,Pick n Pay Boksburg,Inland South Division,Gauteng South Region,Pick n Pay,6001007001073,CraveCraft Salted Maize Bites 125g,CraveCraft,CraveCraft Salted Maize Bites 125g,Snacks,Savoury Snacks,4318.6800000000000,3601.0800000000000,223,193,0,0,0,19.26,18.99
310009,Pick n Pay Boksburg,Inland South Division,Gauteng South Region,Pick n Pay,6001007001080,CraveCraft Chutney Maize Bites 125g,CraveCraft,CraveCraft Chutney Maize Bites 125g,Snacks,Savoury Snacks,3550.3700000000000,3225.2400000000000,183,173,0,0,0,19.75,18.99
310009,Pick n Pay Boksburg,Inland South Division,Gauteng South Region,Pick n Pay,6001007001097,CraveCraft Cheese Corn Puffs 100g,CraveCraft,CraveCraft Cheese Corn Puffs 100g,Snacks,Savoury Snacks,2352.7800000000002,2524.0500000000002,127,142,0,1,0,18.73,17.99
310009,Pick n Pay Boksburg,Inland South Division,Gauteng South Region,Pick n Pay,6001007001103,HomeHarvest Tomato & Herb Soup 500ml,HomeHarvest,HomeHarvest Tomato & Herb Soup 500ml,Convenience Foods,Soups,4145.1499999999996,3454.6000000000000,122,106,0,0,0,35.03,34.99
310009,Pick n Pay Boksburg,Inland South Division,Gauteng South Region,Pick n Pay,6001007001110,HomeHarvest Beef Stew Mix 200g,HomeHarvest,HomeHarvest Beef Stew Mix 200g,Convenience Foods,Meal Solutions,2514.2300000000000,2163.2199999999998,85,76,0,0,0,30.57,29.99
310009,Pick n Pay Boksburg,Inland South Division,Gauteng South Region,Pick n Pay,6001007001127,HomeHarvest Chicken Curry Meal Base 200g,HomeHarvest,HomeHarvest Chicken Curry Meal Base 200g,Convenience Foods,Meal Solutions,2876.4200000000000,2288.9800000000000,87,73,0,0,0,32.58,31.99
310010,Pick n Pay Hyper Germiston,Inland South Division,Gauteng South Region,Pick n Pay,6001007001011,SunTrail Original Crunch Cereal 500g,SunTrail,SunTrail Original Crunch Cereal 500g,Cereals,Ready-to-Eat Cereal,6973.0600000000000,6067.4500000000000,122,112,0,0,0,55.99,54.99
310010,Pick n Pay Hyper Germiston,Inland South Division,Gauteng South Region,Pick n Pay,6001007001028,SunTrail Honey Rings Cereal 450g,SunTrail,SunTrail Honey Rings Cereal 450g,Cereals,Ready-to-Eat Cereal,9789.3100000000000,8138.1300000000000,170,149,0,0,0,60.01,59.99
310010,Pick n Pay Hyper Germiston,Inland South Division,Gauteng South Region,Pick n Pay,6001007001035,MorningMelt Creamy Instant Oats 500g,MorningMelt,MorningMelt Creamy Instant Oats 500g,Cereals,Hot Cereals,4727.8100000000004,4266.7400000000000,106,99,0,0,0,46.83,44.99
310010,Pick n Pay Hyper Germiston,Inland South Division,Gauteng South Region,Pick n Pay,6001007001042,MorningMelt Cinnamon Oats Sachets 10x35g,MorningMelt,MorningMelt Cinnamon Oats Sachets 10x35g,Cereals,Hot Cereals,6216.7900000000000,5564.0400000000000,123,116,0,0,0,51.75,49.99
310010,Pick n Pay Hyper Germiston,Inland South Division,Gauteng South Region,Pick n Pay,6001007001059,SavannaSip Pure Rooibos Tea 80s,SavannaSip,SavannaSip Pure Rooibos Tea 80s,Beverages,Tea,11546.1700000000000,8825.1400000000000,181,145,0,0,0,64.33,64.99
310010,Pick n Pay Hyper Germiston,Inland South Division,Gauteng South Region,Pick n Pay,6001007001066,SavannaSip Lemon Iced Tea 1.5L,SavannaSip,SavannaSip Lemon Iced Tea 1.5L,Beverages,Ready-to-Drink,6002.0400000000000,4873.9600000000000,250,211,0,0,0,24.53,24.99
310010,Pick n Pay Hyper Germiston,Inland South Division,Gauteng South Region,Pick n Pay,6001007001073,CraveCraft Salted Maize Bites 125g,CraveCraft,CraveCraft Salted Maize Bites 125g,Snacks,Savoury Snacks,3074.8700000000000,3812.3700000000000,164,212,1,0,0,18.82,18.99
310010,Pick n Pay Hyper Germiston,Inland South Division,Gauteng South Region,Pick n Pay,6001007001080,CraveCraft Chutney Maize Bites 125g,CraveCraft,CraveCraft Chutney Maize Bites 125g,Snacks,Savoury Snacks,4896.3599999999997,4066.9000000000000,271,235,0,0,0,18.6,18.99
310010,Pick n Pay Hyper Germiston,Inland South Division,Gauteng South Region,Pick n Pay,6001007001097,CraveCraft Cheese Corn Puffs 100g,CraveCraft,CraveCraft Cheese Corn Puffs 100g,Snacks,Savoury Snacks,3474.6700000000000,3025.3700000000000,201,182,0,0,0,18.05,17.99
310010,Pick n Pay Hyper Germiston,Inland South Division,Gauteng South Region,Pick n Pay,6001007001103,HomeHarvest Tomato & Herb Soup 500ml,HomeHarvest,HomeHarvest Tomato & Herb Soup 500ml,Convenience Foods,Soups,4390.7299999999996,3838.8900000000000,123,112,0,0,0,35.42,34.99
310010,Pick n Pay Hyper Germiston,Inland South Division,Gauteng South Region,Pick n Pay,6001007001110,HomeHarvest Beef Stew Mix 200g,HomeHarvest,HomeHarvest Beef Stew Mix 200g,Convenience Foods,Meal Solutions,2323.3900000000000,2104.4200000000000,75,71,0,0,1,32.82,29.99
310010,Pick n Pay Hyper Germiston,Inland South Division,Gauteng South Region,Pick n Pay,6001007001127,HomeHarvest Chicken Curry Meal Base 200g,HomeHarvest,HomeHarvest Chicken Curry Meal Base 200g,Convenience Foods,Meal Solutions,2800.7000000000000,2331.1300000000000,87,76,0,0,0,33.41,31.99
310011,Pick n Pay Bellville,Coastal Division,Western Cape Metro Region,Pick n Pay,6001007001011,SunTrail Original Crunch Cereal 500g,SunTrail,SunTrail Original Crunch Cereal 500g,Cereals,Ready-to-Eat Cereal,9435.7900000000009,7853.0400000000000,174,151,0,0,0,57.03,54.99
310011,Pick n Pay Bellville,Coastal Division,Western Cape Metro Region,Pick n Pay,6001007001028,SunTrail Honey Rings Cereal 450g,SunTrail,SunTrail Honey Rings Cereal 450g,Cereals,Ready-to-Eat Cereal,8582.9200000000000,7359.7200000000000,150,133,0,0,0,59.35,59.99
310011,Pick n Pay Bellville,Coastal Division,Western Cape Metro Region,Pick n Pay,6001007001035,MorningMelt Creamy Instant Oats 500g,MorningMelt,MorningMelt Creamy Instant Oats 500g,Cereals,Hot Cereals,5210.0500000000000,4138.1300000000000,112,94,0,0,0,46.41,44.99
310011,Pick n Pay Bellville,Coastal Division,Western Cape Metro Region,Pick n Pay,6001007001042,MorningMelt Cinnamon Oats Sachets 10x35g,MorningMelt,MorningMelt Cinnamon Oats Sachets 10x35g,Cereals,Hot Cereals,4465.9900000000000,5371.2000000000000,88,111,1,0,0,50.41,49.99
310011,Pick n Pay Bellville,Coastal Division,Western Cape Metro Region,Pick n Pay,6001007001059,SavannaSip Pure Rooibos Tea 80s,SavannaSip,SavannaSip Pure Rooibos Tea 80s,Beverages,Tea,12742.0100000000000,9847.0200000000000,203,163,0,0,0,63.66,64.99
310011,Pick n Pay Bellville,Coastal Division,Western Cape Metro Region,Pick n Pay,6001007001066,SavannaSip Lemon Iced Tea 1.5L,SavannaSip,SavannaSip Lemon Iced Tea 1.5L,Beverages,Ready-to-Drink,6868.8300000000000,5037.6099999999997,284,218,0,0,0,25.54,24.99
310011,Pick n Pay Bellville,Coastal Division,Western Cape Metro Region,Pick n Pay,6001007001073,CraveCraft Salted Maize Bites 125g,CraveCraft,CraveCraft Salted Maize Bites 125g,Snacks,Savoury Snacks,5022.6600000000000,4182.9300000000000,270,235,0,0,0,18.79,18.99
310011,Pick n Pay Bellville,Coastal Division,Western Cape Metro Region,Pick n Pay,6001007001080,CraveCraft Chutney Maize Bites 125g,CraveCraft,CraveCraft Chutney Maize Bites 125g,Snacks,Savoury Snacks,5176.3100000000004,4106.1000000000004,269,224,0,0,0,19.46,18.99
310011,Pick n Pay Bellville,Coastal Division,Western Cape Metro Region,Pick n Pay,6001007001097,CraveCraft Cheese Corn Puffs 100g,CraveCraft,CraveCraft Cheese Corn Puffs 100g,Snacks,Savoury Snacks,4986.5700000000000,4126.8300000000000,269,232,0,0,0,18.68,17.99
310011,Pick n Pay Bellville,Coastal Division,Western Cape Metro Region,Pick n Pay,6001007001103,HomeHarvest Tomato & Herb Soup 500ml,HomeHarvest,HomeHarvest Tomato & Herb Soup 500ml,Convenience Foods,Soups,4346.6499999999996,3573.6700000000000,124,106,0,0,0,35.66,34.99
310011,Pick n Pay Bellville,Coastal Division,Western Cape Metro Region,Pick n Pay,6001007001110,HomeHarvest Beef Stew Mix 200g,HomeHarvest,HomeHarvest Beef Stew Mix 200g,Convenience Foods,Meal Solutions,2540.6300000000000,1984.7000000000000,88,72,0,0,0,29.16,29.99
310011,Pick n Pay Bellville,Coastal Division,Western Cape Metro Region,Pick n Pay,6001007001127,HomeHarvest Chicken Curry Meal Base 200g,HomeHarvest,HomeHarvest Chicken Curry Meal Base 200g,Convenience Foods,Meal Solutions,4240.2700000000004,3304.7200000000000,139,112,0,0,0,32.46,31.99
310012,Pick n Pay Brackenfell,Coastal Division,Western Cape Metro Region,Pick n Pay,6001007001011,SunTrail Original Crunch Cereal 500g,SunTrail,SunTrail Original Crunch Cereal 500g,Cereals,Ready-to-Eat Cereal,10969.5900000000000,9265.2700000000000,192,171,0,0,0,56.17,54.99
310012,Pick n Pay Brackenfell,Coastal Division,Western Cape Metro Region,Pick n Pay,6001007001028,SunTrail Honey Rings Cereal 450g,SunTrail,SunTrail Honey Rings Cereal 450g,Cereals,Ready-to-Eat Cereal,10991.3600000000000,9315.7600000000000,192,169,0,0,0,61.9,59.99
310012,Pick n Pay Brackenfell,Coastal Division,Western Cape Metro Region,Pick n Pay,6001007001035,MorningMelt Creamy Instant Oats 500g,MorningMelt,MorningMelt Creamy Instant Oats 500g,Cereals,Hot Cereals,6587.8100000000000,5653.4700000000000,152,135,0,0,0,44.09,44.99
310012,Pick n Pay Brackenfell,Coastal Division,Western Cape Metro Region,Pick n Pay,6001007001042,MorningMelt Cinnamon Oats Sachets 10x35g,MorningMelt,MorningMelt Cinnamon Oats Sachets 10x35g,Cereals,Hot Cereals,6262.5100000000000,5281.3900000000000,123,109,0,0,0,51.67,49.99
310012,Pick n Pay Brackenfell,Coastal Division,Western Cape Metro Region,Pick n Pay,6001007001059,SavannaSip Pure Rooibos Tea 80s,SavannaSip,SavannaSip Pure Rooibos Tea 80s,Beverages,Tea,11828.2800000000000,9274.5700000000000,181,147,0,0,0,67.34,64.99
310012,Pick n Pay Brackenfell,Coastal Division,Western Cape Metro Region,Pick n Pay,6001007001066,SavannaSip Lemon Iced Tea 1.5L,SavannaSip,SavannaSip Lemon Iced Tea 1.5L,Beverages,Ready-to-Drink,5722.8900000000000,4234.7299999999996,227,174,0,0,0,25.08,24.99
310012,Pick n Pay Brackenfell,Coastal Division,Western Cape Metro Region,Pick n Pay,6001007001073,CraveCraft Salted Maize Bites 125g,CraveCraft,CraveCraft Salted Maize Bites 125g,Snacks,Savoury Snacks,6162.2600000000000,4946.9900000000000,334,278,0,0,0,19.49,18.99
310012,Pick n Pay Brackenfell,Coastal Division,Western Cape Metro Region,Pick n Pay,6001007001080,CraveCraft Chutney Maize Bites 125g,CraveCraft,CraveCraft Chutney Maize Bites 125g,Snacks,Savoury Snacks,5183.5500000000000,4458.1200000000000,265,239,0,0,0,19.49,18.99
310012,Pick n Pay Brackenfell,Coastal Division,Western Cape Metro Region,Pick n Pay,6001007001097,CraveCraft Cheese Corn Puffs 100g,CraveCraft,CraveCraft Cheese Corn Puffs 100g,Snacks,Savoury Snacks,4730.7200000000000,4020.9000000000000,266,237,0,0,0,18.73,17.99
310012,Pick n Pay Brackenfell,Coastal Division,Western Cape Metro Region,Pick n Pay,6001007001103,HomeHarvest Tomato & Herb Soup 500ml,HomeHarvest,HomeHarvest Tomato & Herb Soup 500ml,Convenience Foods,Soups,5782.5700000000000,4380.2800000000000,162,128,0,0,0,34.69,34.99
310012,Pick n Pay Brackenfell,Coastal Division,Western Cape Metro Region,Pick n Pay,6001007001110,HomeHarvest Beef Stew Mix 200g,HomeHarvest,HomeHarvest Beef Stew Mix 200g,Convenience Foods,Meal Solutions,3448.6100000000000,2813.5800000000000,119,101,0,0,0,29.3,29.99
310012,Pick n Pay Brackenfell,Coastal Division,Western Cape Metro Region,Pick n Pay,6001007001127,HomeHarvest Chicken Curry Meal Base 200g,HomeHarvest,HomeHarvest Chicken Curry Meal Base 200g,Convenience Foods,Meal Solutions,4263.0400000000000,3336.4700000000000,130,106,0,0,0,31.19,31.99
310013,Pick n Pay Cape Gate,Coastal Division,Western Cape Metro Region,Pick n Pay,6001007001011,SunTrail Original Crunch Cereal 500g,SunTrail,SunTrail Original Crunch Cereal 500g,Cereals,Ready-to-Eat Cereal,7896.1300000000000,8505.9699999999993,149,167,0,1,0,54.74,54.99
310013,Pick n Pay Cape Gate,Coastal Division,Western Cape Metro Region,Pick n Pay,6001007001028,SunTrail Honey Rings Cereal 450g,SunTrail,SunTrail Honey Rings Cereal 450g,Cereals,Ready-to-Eat Cereal,8630.9300000000000,6950.8400000000000,149,125,0,0,0,60.99,59.99
310013,Pick n Pay Cape Gate,Coastal Division,Western Cape Metro Region,Pick n Pay,6001007001035,MorningMelt Creamy Instant Oats 500g,MorningMelt,MorningMelt Creamy Instant Oats 500g,Cereals,Hot Cereals,7598.7800000000000,6232.2500000000000,176,150,0,0,0,44.92,44.99
310013,Pick n Pay Cape Gate,Coastal Division,Western Cape Metro Region,Pick n Pay,6001007001042,MorningMelt Cinnamon Oats Sachets 10x35g,MorningMelt,MorningMelt Cinnamon Oats Sachets 10x35g,Cereals,Hot Cereals,4902.5400000000000,5012.6600000000000,96,102,0,1,0,48.82,49.99
310013,Pick n Pay Cape Gate,Coastal Division,Western Cape Metro Region,Pick n Pay,6001007001059,SavannaSip Pure Rooibos Tea 80s,SavannaSip,SavannaSip Pure Rooibos Tea 80s,Beverages,Tea,11538.4400000000000,8642.5400000000009,176,137,0,0,0,65.69,64.99
310013,Pick n Pay Cape Gate,Coastal Division,Western Cape Metro Region,Pick n Pay,6001007001066,SavannaSip Lemon Iced Tea 1.5L,SavannaSip,SavannaSip Lemon Iced Tea 1.5L,Beverages,Ready-to-Drink,5739.5200000000000,4377.8500000000004,226,182,0,0,0,24.71,24.99
310013,Pick n Pay Cape Gate,Coastal Division,Western Cape Metro Region,Pick n Pay,6001007001073,CraveCraft Salted Maize Bites 125g,CraveCraft,CraveCraft Salted Maize Bites 125g,Snacks,Savoury Snacks,7002.8500000000000,5750.6300000000000,370,314,0,0,0,19.63,18.99
310013,Pick n Pay Cape Gate,Coastal Division,Western Cape Metro Region,Pick n Pay,6001007001080,CraveCraft Chutney Maize Bites 125g,CraveCraft,CraveCraft Chutney Maize Bites 125g,Snacks,Savoury Snacks,5139.4700000000000,4386.8400000000000,266,237,0,0,0,19.3,18.99
310013,Pick n Pay Cape Gate,Coastal Division,Western Cape Metro Region,Pick n Pay,6001007001097,CraveCraft Cheese Corn Puffs 100g,CraveCraft,CraveCraft Cheese Corn Puffs 100g,Snacks,Savoury Snacks,4760.2700000000004,3876.2100000000000,275,236,0,0,0,17.52,17.99
310013,Pick n Pay Cape Gate,Coastal Division,Western Cape Metro Region,Pick n Pay,6001007001103,HomeHarvest Tomato & Herb Soup 500ml,HomeHarvest,HomeHarvest Tomato & Herb Soup 500ml,Convenience Foods,Soups,6218.2400000000000,5073.0000000000000,173,149,0,0,0,35.2,34.99
310013,Pick n Pay Cape Gate,Coastal Division,Western Cape Metro Region,Pick n Pay,6001007001110,HomeHarvest Beef Stew Mix 200g,HomeHarvest,HomeHarvest Beef Stew Mix 200g,Convenience Foods,Meal Solutions,4131.3700000000000,3113.7000000000000,136,108,0,0,0,30.77,29.99
310013,Pick n Pay Cape Gate,Coastal Division,Western Cape Metro Region,Pick n Pay,6001007001127,HomeHarvest Chicken Curry Meal Base 200g,HomeHarvest,HomeHarvest Chicken Curry Meal Base 200g,Convenience Foods,Meal Solutions,3168.3100000000000,3157.9900000000000,100,105,0,1,0,33.36,31.99
310014,Pick n Pay Claremont,Coastal Division,Western Cape Metro Region,Pick n Pay,6001007001011,SunTrail Original Crunch Cereal 500g,SunTrail,SunTrail Original Crunch Cereal 500g,Cereals,Ready-to-Eat Cereal,5232.2000000000000,6283.8100000000000,96,120,1,0,0,56.87,54.99
310014,Pick n Pay Claremont,Coastal Division,Western Cape Metro Region,Pick n Pay,6001007001028,SunTrail Honey Rings Cereal 450g,SunTrail,SunTrail Honey Rings Cereal 450g,Cereals,Ready-to-Eat Cereal,6298.2700000000000,5287.4200000000000,106,92,0,0,0,62.09,59.99
310014,Pick n Pay Claremont,Coastal Division,Western Cape Metro Region,Pick n Pay,6001007001035,MorningMelt Creamy Instant Oats 500g,MorningMelt,MorningMelt Creamy Instant Oats 500g,Cereals,Hot Cereals,4553.0300000000000,3909.2300000000000,102,91,0,0,0,44.09,44.99
310014,Pick n Pay Claremont,Coastal Division,Western Cape Metro Region,Pick n Pay,6001007001042,MorningMelt Cinnamon Oats Sachets 10x35g,MorningMelt,MorningMelt Cinnamon Oats Sachets 10x35g,Cereals,Hot Cereals,5730.7000000000000,4949.3200000000000,116,104,0,0,0,50.41,49.99
310014,Pick n Pay Claremont,Coastal Division,Western Cape Metro Region,Pick n Pay,6001007001059,SavannaSip Pure Rooibos Tea 80s,SavannaSip,SavannaSip Pure Rooibos Tea 80s,Beverages,Tea,7398.3900000000000,5649.1900000000000,116,92,0,0,0,67.22,64.99
310014,Pick n Pay Claremont,Coastal Division,Western Cape Metro Region,Pick n Pay,6001007001066,SavannaSip Lemon Iced Tea 1.5L,SavannaSip,SavannaSip Lemon Iced Tea 1.5L,Beverages,Ready-to-Drink,4961.6899999999996,3827.5000000000000,199,161,0,0,0,24.31,24.99
310014,Pick n Pay Claremont,Coastal Division,Western Cape Metro Region,Pick n Pay,6001007001073,CraveCraft Salted Maize Bites 125g,CraveCraft,CraveCraft Salted Maize Bites 125g,Snacks,Savoury Snacks,4801.7299999999996,3970.1500000000000,262,224,0,0,0,18.77,18.99
310014,Pick n Pay Claremont,Coastal Division,Western Cape Metro Region,Pick n Pay,6001007001080,CraveCraft Chutney Maize Bites 125g,CraveCraft,CraveCraft Chutney Maize Bites 125g,Snacks,Savoury Snacks,2983.7900000000000,2471.7199999999998,162,141,0,0,0,19.34,18.99
310014,Pick n Pay Claremont,Coastal Division,Western Cape Metro Region,Pick n Pay,6001007001097,CraveCraft Cheese Corn Puffs 100g,CraveCraft,CraveCraft Cheese Corn Puffs 100g,Snacks,Savoury Snacks,3589.0100000000000,2971.2100000000000,199,173,0,0,0,17.89,17.99
310014,Pick n Pay Claremont,Coastal Division,Western Cape Metro Region,Pick n Pay,6001007001103,HomeHarvest Tomato & Herb Soup 500ml,HomeHarvest,HomeHarvest Tomato & Herb Soup 500ml,Convenience Foods,Soups,4095.2100000000000,3158.1300000000000,116,94,0,0,0,35.35,34.99
310014,Pick n Pay Claremont,Coastal Division,Western Cape Metro Region,Pick n Pay,6001007001110,HomeHarvest Beef Stew Mix 200g,HomeHarvest,HomeHarvest Beef Stew Mix 200g,Convenience Foods,Meal Solutions,3307.5100000000000,2482.3400000000000,110,87,0,0,0,29.72,29.99
310014,Pick n Pay Claremont,Coastal Division,Western Cape Metro Region,Pick n Pay,6001007001127,HomeHarvest Chicken Curry Meal Base 200g,HomeHarvest,HomeHarvest Chicken Curry Meal Base 200g,Convenience Foods,Meal Solutions,3566.4800000000000,2814.3200000000000,116,95,0,0,0,31.46,31.99
310015,Pick n Pay Hyper Somerset West,Coastal Division,Western Cape Metro Region,Pick n Pay,6001007001011,SunTrail Original Crunch Cereal 500g,SunTrail,SunTrail Original Crunch Cereal 500g,Cereals,Ready-to-Eat Cereal,9461.7900000000009,8023.5000000000000,170,149,0,0,0,56.24,54.99
310015,Pick n Pay Hyper Somerset West,Coastal Division,Western Cape Metro Region,Pick n Pay,6001007001028,SunTrail Honey Rings Cereal 450g,SunTrail,SunTrail Honey Rings Cereal 450g,Cereals,Ready-to-Eat Cereal,9944.2900000000009,7935.9500000000000,163,135,0,0,0,61.09,59.99
310015,Pick n Pay Hyper Somerset West,Coastal Division,Western Cape Metro Region,Pick n Pay,6001007001035,MorningMelt Creamy Instant Oats 500g,MorningMelt,MorningMelt Creamy Instant Oats 500g,Cereals,Hot Cereals,5219.9399999999996,4193.7200000000000,118,100,0,0,0,46.89,44.99
310015,Pick n Pay Hyper Somerset West,Coastal Division,Western Cape Metro Region,Pick n Pay,6001007001042,MorningMelt Cinnamon Oats Sachets 10x35g,MorningMelt,MorningMelt Cinnamon Oats Sachets 10x35g,Cereals,Hot Cereals,5047.0400000000000,3925.9100000000000,98,80,0,0,0,51.91,49.99
310015,Pick n Pay Hyper Somerset West,Coastal Division,Western Cape Metro Region,Pick n Pay,6001007001059,SavannaSip Pure Rooibos Tea 80s,SavannaSip,SavannaSip Pure Rooibos Tea 80s,Beverages,Tea,9242.3100000000000,8725.7500000000000,137,136,0,1,1,71.6,64.99
310015,Pick n Pay Hyper Somerset West,Coastal Division,Western Cape Metro Region,Pick n Pay,6001007001066,SavannaSip Lemon Iced Tea 1.5L,SavannaSip,SavannaSip Lemon Iced Tea 1.5L,Beverages,Ready-to-Drink,4826.5100000000000,4401.9500000000000,196,188,0,1,0,24.6,24.99
310015,Pick n Pay Hyper Somerset West,Coastal Division,Western Cape Metro Region,Pick n Pay,6001007001073,CraveCraft Salted Maize Bites 125g,CraveCraft,CraveCraft Salted Maize Bites 125g,Snacks,Savoury Snacks,4706.5800000000000,4025.9700000000000,254,228,0,0,0,18.55,18.99
310015,Pick n Pay Hyper Somerset West,Coastal Division,Western Cape Metro Region,Pick n Pay,6001007001080,CraveCraft Chutney Maize Bites 125g,CraveCraft,CraveCraft Chutney Maize Bites 125g,Snacks,Savoury Snacks,4199.0100000000000,3544.4000000000000,222,194,0,0,0,18.74,18.99
310015,Pick n Pay Hyper Somerset West,Coastal Division,Western Cape Metro Region,Pick n Pay,6001007001097,CraveCraft Cheese Corn Puffs 100g,CraveCraft,CraveCraft Cheese Corn Puffs 100g,Snacks,Savoury Snacks,3135.0000000000000,2660.4500000000000,180,161,0,0,0,17.83,17.99
310015,Pick n Pay Hyper Somerset West,Coastal Division,Western Cape Metro Region,Pick n Pay,6001007001103,HomeHarvest Tomato & Herb Soup 500ml,HomeHarvest,HomeHarvest Tomato & Herb Soup 500ml,Convenience Foods,Soups,5042.7000000000000,3868.5400000000000,150,119,0,0,0,35.53,34.99
310015,Pick n Pay Hyper Somerset West,Coastal Division,Western Cape Metro Region,Pick n Pay,6001007001110,HomeHarvest Beef Stew Mix 200g,HomeHarvest,HomeHarvest Beef Stew Mix 200g,Convenience Foods,Meal Solutions,2465.8400000000000,2327.3800000000000,82,80,0,1,0,30.33,29.99
310015,Pick n Pay Hyper Somerset West,Coastal Division,Western Cape Metro Region,Pick n Pay,6001007001127,HomeHarvest Chicken Curry Meal Base 200g,HomeHarvest,HomeHarvest Chicken Curry Meal Base 200g,Convenience Foods,Meal Solutions,2900.0500000000000,2388.8600000000000,96,82,0,0,0,31.22,31.99
310016,Pick n Pay George,Coastal Division,Western Cape Coastal Region,Pick n Pay,6001007001011,SunTrail Original Crunch Cereal 500g,SunTrail,SunTrail Original Crunch Cereal 500g,Cereals,Ready-to-Eat Cereal,7612.3500000000000,8132.9900000000000,143,160,0,1,0,56.37,54.99
310016,Pick n Pay George,Coastal Division,Western Cape Coastal Region,Pick n Pay,6001007001028,SunTrail Honey Rings Cereal 450g,SunTrail,SunTrail Honey Rings Cereal 450g,Cereals,Ready-to-Eat Cereal,7149.0500000000000,6324.4700000000000,116,107,0,0,0,62.15,59.99
310016,Pick n Pay George,Coastal Division,Western Cape Coastal Region,Pick n Pay,6001007001035,MorningMelt Creamy Instant Oats 500g,MorningMelt,MorningMelt Creamy Instant Oats 500g,Cereals,Hot Cereals,5105.2100000000000,4711.2800000000000,113,108,0,0,1,48.88,44.99
310016,Pick n Pay George,Coastal Division,Western Cape Coastal Region,Pick n Pay,6001007001042,MorningMelt Cinnamon Oats Sachets 10x35g,MorningMelt,MorningMelt Cinnamon Oats Sachets 10x35g,Cereals,Hot Cereals,5271.8900000000000,4616.8999999999996,105,96,0,0,0,48.54,49.99
310016,Pick n Pay George,Coastal Division,Western Cape Coastal Region,Pick n Pay,6001007001059,SavannaSip Pure Rooibos Tea 80s,SavannaSip,SavannaSip Pure Rooibos Tea 80s,Beverages,Tea,9592.1000000000000,7856.9000000000000,146,125,0,0,0,65.99,64.99
310016,Pick n Pay George,Coastal Division,Western Cape Coastal Region,Pick n Pay,6001007001066,SavannaSip Lemon Iced Tea 1.5L,SavannaSip,SavannaSip Lemon Iced Tea 1.5L,Beverages,Ready-to-Drink,4996.5700000000000,3941.6100000000000,196,160,0,0,0,25.35,24.99
310016,Pick n Pay George,Coastal Division,Western Cape Coastal Region,Pick n Pay,6001007001073,CraveCraft Salted Maize Bites 125g,CraveCraft,CraveCraft Salted Maize Bites 125g,Snacks,Savoury Snacks,4856.5100000000000,4357.9799999999996,251,235,0,0,0,18.9,18.99
310016,Pick n Pay George,Coastal Division,Western Cape Coastal Region,Pick n Pay,6001007001080,CraveCraft Chutney Maize Bites 125g,CraveCraft,CraveCraft Chutney Maize Bites 125g,Snacks,Savoury Snacks,4715.3700000000000,4025.2400000000000,253,225,0,0,0,18.62,18.99
310016,Pick n Pay George,Coastal Division,Western Cape Coastal Region,Pick n Pay,6001007001097,CraveCraft Cheese Corn Puffs 100g,CraveCraft,CraveCraft Cheese Corn Puffs 100g,Snacks,Savoury Snacks,3542.1700000000000,3263.4600000000000,192,185,0,0,0,18.41,17.99
310016,Pick n Pay George,Coastal Division,Western Cape Coastal Region,Pick n Pay,6001007001103,HomeHarvest Tomato & Herb Soup 500ml,HomeHarvest,HomeHarvest Tomato & Herb Soup 500ml,Convenience Foods,Soups,3274.8900000000000,2749.1400000000000,92,80,0,0,0,36.31,34.99
310016,Pick n Pay George,Coastal Division,Western Cape Coastal Region,Pick n Pay,6001007001110,HomeHarvest Beef Stew Mix 200g,HomeHarvest,HomeHarvest Beef Stew Mix 200g,Convenience Foods,Meal Solutions,2847.9900000000000,2399.0300000000002,97,86,0,0,0,30.93,29.99
310016,Pick n Pay George,Coastal Division,Western Cape Coastal Region,Pick n Pay,6001007001127,HomeHarvest Chicken Curry Meal Base 200g,HomeHarvest,HomeHarvest Chicken Curry Meal Base 200g,Convenience Foods,Meal Solutions,1726.6800000000000,2207.1100000000000,55,73,1,0,0,32.18,31.99
310017,Pick n Pay Mossel Bay,Coastal Division,Western Cape Coastal Region,Pick n Pay,6001007001011,SunTrail Original Crunch Cereal 500g,SunTrail,SunTrail Original Crunch Cereal 500g,Cereals,Ready-to-Eat Cereal,9257.1500000000000,7952.3900000000000,166,149,0,0,0,53.95,54.99
310017,Pick n Pay Mossel Bay,Coastal Division,Western Cape Coastal Region,Pick n Pay,6001007001028,SunTrail Honey Rings Cereal 450g,SunTrail,SunTrail Honey Rings Cereal 450g,Cereals,Ready-to-Eat Cereal,7152.4300000000000,6053.2400000000000,123,109,0,0,0,60.22,59.99
310017,Pick n Pay Mossel Bay,Coastal Division,Western Cape Coastal Region,Pick n Pay,6001007001035,MorningMelt Creamy Instant Oats 500g,MorningMelt,MorningMelt Creamy Instant Oats 500g,Cereals,Hot Cereals,5461.8200000000000,4962.8000000000000,119,114,0,0,0,43.97,44.99
310017,Pick n Pay Mossel Bay,Coastal Division,Western Cape Coastal Region,Pick n Pay,6001007001042,MorningMelt Cinnamon Oats Sachets 10x35g,MorningMelt,MorningMelt Cinnamon Oats Sachets 10x35g,Cereals,Hot Cereals,4323.4500000000000,3776.4600000000000,86,78,0,0,0,51.34,49.99
310017,Pick n Pay Mossel Bay,Coastal Division,Western Cape Coastal Region,Pick n Pay,6001007001059,SavannaSip Pure Rooibos Tea 80s,SavannaSip,SavannaSip Pure Rooibos Tea 80s,Beverages,Tea,7807.5000000000000,6237.9700000000000,126,104,0,0,0,66.33,64.99
310017,Pick n Pay Mossel Bay,Coastal Division,Western Cape Coastal Region,Pick n Pay,6001007001066,SavannaSip Lemon Iced Tea 1.5L,SavannaSip,SavannaSip Lemon Iced Tea 1.5L,Beverages,Ready-to-Drink,5228.6000000000004,4085.7000000000000,211,174,0,0,0,25.79,24.99
310017,Pick n Pay Mossel Bay,Coastal Division,Western Cape Coastal Region,Pick n Pay,6001007001073,CraveCraft Salted Maize Bites 125g,CraveCraft,CraveCraft Salted Maize Bites 125g,Snacks,Savoury Snacks,4732.4399999999996,4033.1400000000000,245,217,0,0,0,19.37,18.99
310017,Pick n Pay Mossel Bay,Coastal Division,Western Cape Coastal Region,Pick n Pay,6001007001080,CraveCraft Chutney Maize Bites 125g,CraveCraft,CraveCraft Chutney Maize Bites 125g,Snacks,Savoury Snacks,3780.2800000000000,3291.2300000000000,195,178,0,0,0,19.03,18.99
310017,Pick n Pay Mossel Bay,Coastal Division,Western Cape Coastal Region,Pick n Pay,6001007001097,CraveCraft Cheese Corn Puffs 100g,CraveCraft,CraveCraft Cheese Corn Puffs 100g,Snacks,Savoury Snacks,3457.5300000000000,3173.4600000000000,196,188,0,0,0,18.79,17.99
310017,Pick n Pay Mossel Bay,Coastal Division,Western Cape Coastal Region,Pick n Pay,6001007001103,HomeHarvest Tomato & Herb Soup 500ml,HomeHarvest,HomeHarvest Tomato & Herb Soup 500ml,Convenience Foods,Soups,3366.4300000000000,3150.9900000000000,93,92,0,0,1,38.02,34.99
310017,Pick n Pay Mossel Bay,Coastal Division,Western Cape Coastal Region,Pick n Pay,6001007001110,HomeHarvest Beef Stew Mix 200g,HomeHarvest,HomeHarvest Beef Stew Mix 200g,Convenience Foods,Meal Solutions,2101.4499999999998,1805.4000000000000,69,62,0,0,0,29.77,29.99
310017,Pick n Pay Mossel Bay,Coastal Division,Western Cape Coastal Region,Pick n Pay,6001007001127,HomeHarvest Chicken Curry Meal Base 200g,HomeHarvest,HomeHarvest Chicken Curry Meal Base 200g,Convenience Foods,Meal Solutions,2381.5700000000002,2018.6100000000000,75,67,0,0,0,32.51,31.99
310018,Pick n Pay Paarl,Coastal Division,Western Cape Coastal Region,Pick n Pay,6001007001011,SunTrail Original Crunch Cereal 500g,SunTrail,SunTrail Original Crunch Cereal 500g,Cereals,Ready-to-Eat Cereal,10557.9000000000000,9788.5000000000000,191,186,0,0,1,60.69,54.99
310018,Pick n Pay Paarl,Coastal Division,Western Cape Coastal Region,Pick n Pay,6001007001028,SunTrail Honey Rings Cereal 450g,SunTrail,SunTrail Honey Rings Cereal 450g,Cereals,Ready-to-Eat Cereal,8563.7300000000000,7830.1700000000000,148,143,0,0,0,61.22,59.99
310018,Pick n Pay Paarl,Coastal Division,Western Cape Coastal Region,Pick n Pay,6001007001035,MorningMelt Creamy Instant Oats 500g,MorningMelt,MorningMelt Creamy Instant Oats 500g,Cereals,Hot Cereals,6497.8600000000000,6858.4600000000000,145,160,0,1,0,44.93,44.99
310018,Pick n Pay Paarl,Coastal Division,Western Cape Coastal Region,Pick n Pay,6001007001042,MorningMelt Cinnamon Oats Sachets 10x35g,MorningMelt,MorningMelt Cinnamon Oats Sachets 10x35g,Cereals,Hot Cereals,5033.9300000000000,4642.1000000000004,106,102,0,0,0,49.79,49.99
310018,Pick n Pay Paarl,Coastal Division,Western Cape Coastal Region,Pick n Pay,6001007001059,SavannaSip Pure Rooibos Tea 80s,SavannaSip,SavannaSip Pure Rooibos Tea 80s,Beverages,Tea,8990.7999999999993,7600.4600000000000,143,125,0,0,0,63.32,64.99
310018,Pick n Pay Paarl,Coastal Division,Western Cape Coastal Region,Pick n Pay,6001007001066,SavannaSip Lemon Iced Tea 1.5L,SavannaSip,SavannaSip Lemon Iced Tea 1.5L,Beverages,Ready-to-Drink,5484.9400000000000,4636.8100000000004,214,188,0,0,0,25.55,24.99
310018,Pick n Pay Paarl,Coastal Division,Western Cape Coastal Region,Pick n Pay,6001007001073,CraveCraft Salted Maize Bites 125g,CraveCraft,CraveCraft Salted Maize Bites 125g,Snacks,Savoury Snacks,6064.5300000000000,5585.4900000000000,321,310,0,0,0,19.35,18.99
310018,Pick n Pay Paarl,Coastal Division,Western Cape Coastal Region,Pick n Pay,6001007001080,CraveCraft Chutney Maize Bites 125g,CraveCraft,CraveCraft Chutney Maize Bites 125g,Snacks,Savoury Snacks,4505.4799999999996,4158.0500000000000,236,225,0,0,0,19.19,18.99
310018,Pick n Pay Paarl,Coastal Division,Western Cape Coastal Region,Pick n Pay,6001007001097,CraveCraft Cheese Corn Puffs 100g,CraveCraft,CraveCraft Cheese Corn Puffs 100g,Snacks,Savoury Snacks,3569.6600000000000,3284.5800000000000,205,197,0,0,0,18.55,17.99
310018,Pick n Pay Paarl,Coastal Division,Western Cape Coastal Region,Pick n Pay,6001007001103,HomeHarvest Tomato & Herb Soup 500ml,HomeHarvest,HomeHarvest Tomato & Herb Soup 500ml,Convenience Foods,Soups,5114.2400000000000,4455.6700000000000,149,135,0,0,0,36.5,34.99
310018,Pick n Pay Paarl,Coastal Division,Western Cape Coastal Region,Pick n Pay,6001007001110,HomeHarvest Beef Stew Mix 200g,HomeHarvest,HomeHarvest Beef Stew Mix 200g,Convenience Foods,Meal Solutions,3677.6000000000000,3200.3600000000000,129,116,0,0,0,29.69,29.99
310018,Pick n Pay Paarl,Coastal Division,Western Cape Coastal Region,Pick n Pay,6001007001127,HomeHarvest Chicken Curry Meal Base 200g,HomeHarvest,HomeHarvest Chicken Curry Meal Base 200g,Convenience Foods,Meal Solutions,4256.4200000000000,3531.9000000000000,133,115,0,0,0,33.42,31.99
310019,Pick n Pay Worcester,Coastal Division,Western Cape Coastal Region,Pick n Pay,6001007001011,SunTrail Original Crunch Cereal 500g,SunTrail,SunTrail Original Crunch Cereal 500g,Cereals,Ready-to-Eat Cereal,8913.8700000000008,8496.2500000000000,168,168,0,0,1,60.15,54.99
310019,Pick n Pay Worcester,Coastal Division,Western Cape Coastal Region,Pick n Pay,6001007001028,SunTrail Honey Rings Cereal 450g,SunTrail,SunTrail Honey Rings Cereal 450g,Cereals,Ready-to-Eat Cereal,7530.2800000000000,6877.0900000000000,122,117,0,0,0,58.21,59.99
310019,Pick n Pay Worcester,Coastal Division,Western Cape Coastal Region,Pick n Pay,6001007001035,MorningMelt Creamy Instant Oats 500g,MorningMelt,MorningMelt Creamy Instant Oats 500g,Cereals,Hot Cereals,5319.9600000000000,6189.9100000000000,123,149,0,1,0,46.19,44.99
310019,Pick n Pay Worcester,Coastal Division,Western Cape Coastal Region,Pick n Pay,6001007001042,MorningMelt Cinnamon Oats Sachets 10x35g,MorningMelt,MorningMelt Cinnamon Oats Sachets 10x35g,Cereals,Hot Cereals,6518.4200000000000,5823.8000000000000,136,127,0,0,0,50.03,49.99
310019,Pick n Pay Worcester,Coastal Division,Western Cape Coastal Region,Pick n Pay,6001007001059,SavannaSip Pure Rooibos Tea 80s,SavannaSip,SavannaSip Pure Rooibos Tea 80s,Beverages,Tea,9252.6000000000000,10463.6000000000000,140,164,1,0,0,64.58,64.99
310019,Pick n Pay Worcester,Coastal Division,Western Cape Coastal Region,Pick n Pay,6001007001066,SavannaSip Lemon Iced Tea 1.5L,SavannaSip,SavannaSip Lemon Iced Tea 1.5L,Beverages,Ready-to-Drink,4964.4799999999996,4143.6600000000000,196,171,0,0,0,24.66,24.99
310019,Pick n Pay Worcester,Coastal Division,Western Cape Coastal Region,Pick n Pay,6001007001073,CraveCraft Salted Maize Bites 125g,CraveCraft,CraveCraft Salted Maize Bites 125g,Snacks,Savoury Snacks,3429.5900000000000,3366.7700000000000,188,193,0,0,1,20.8,18.99
310019,Pick n Pay Worcester,Coastal Division,Western Cape Coastal Region,Pick n Pay,6001007001080,CraveCraft Chutney Maize Bites 125g,CraveCraft,CraveCraft Chutney Maize Bites 125g,Snacks,Savoury Snacks,4248.5200000000004,3805.5300000000000,232,217,0,0,0,19.76,18.99
310019,Pick n Pay Worcester,Coastal Division,Western Cape Coastal Region,Pick n Pay,6001007001097,CraveCraft Cheese Corn Puffs 100g,CraveCraft,CraveCraft Cheese Corn Puffs 100g,Snacks,Savoury Snacks,3692.4700000000000,3185.4300000000000,212,191,0,0,0,17.61,17.99
310019,Pick n Pay Worcester,Coastal Division,Western Cape Coastal Region,Pick n Pay,6001007001103,HomeHarvest Tomato & Herb Soup 500ml,HomeHarvest,HomeHarvest Tomato & Herb Soup 500ml,Convenience Foods,Soups,4933.0300000000000,4344.4500000000000,140,128,0,0,0,35.18,34.99
310019,Pick n Pay Worcester,Coastal Division,Western Cape Coastal Region,Pick n Pay,6001007001110,HomeHarvest Beef Stew Mix 200g,HomeHarvest,HomeHarvest Beef Stew Mix 200g,Convenience Foods,Meal Solutions,3288.3900000000000,2810.8500000000000,109,97,0,0,0,30.25,29.99
310019,Pick n Pay Worcester,Coastal Division,Western Cape Coastal Region,Pick n Pay,6001007001127,HomeHarvest Chicken Curry Meal Base 200g,HomeHarvest,HomeHarvest Chicken Curry Meal Base 200g,Convenience Foods,Meal Solutions,3721.9500000000000,2987.8400000000000,115,97,0,0,0,32.06,31.99
310020,Pick n Pay Hyper Vredenburg,Coastal Division,Western Cape Coastal Region,Pick n Pay,6001007001011,SunTrail Original Crunch Cereal 500g,SunTrail,SunTrail Original Crunch Cereal 500g,Cereals,Ready-to-Eat Cereal,7685.6800000000000,6666.9400000000000,144,131,0,0,0,55.18,54.99
310020,Pick n Pay Hyper Vredenburg,Coastal Division,Western Cape Coastal Region,Pick n Pay,6001007001028,SunTrail Honey Rings Cereal 450g,SunTrail,SunTrail Honey Rings Cereal 450g,Cereals,Ready-to-Eat Cereal,3954.0500000000000,4800.8200000000000,69,87,1,0,0,61.89,59.99
310020,Pick n Pay Hyper Vredenburg,Coastal Division,Western Cape Coastal Region,Pick n Pay,6001007001035,MorningMelt Creamy Instant Oats 500g,MorningMelt,MorningMelt Creamy Instant Oats 500g,Cereals,Hot Cereals,4348.1400000000003,3775.7900000000000,97,88,0,0,0,46.0,44.99
310020,Pick n Pay Hyper Vredenburg,Coastal Division,Western Cape Coastal Region,Pick n Pay,6001007001042,MorningMelt Cinnamon Oats Sachets 10x35g,MorningMelt,MorningMelt Cinnamon Oats Sachets 10x35g,Cereals,Hot Cereals,3975.0200000000000,3621.4500000000000,81,78,0,0,1,56.11,49.99
310020,Pick n Pay Hyper Vredenburg,Coastal Division,Western Cape Coastal Region,Pick n Pay,6001007001059,SavannaSip Pure Rooibos Tea 80s,SavannaSip,SavannaSip Pure Rooibos Tea 80s,Beverages,Tea,6196.2500000000000,6295.1900000000000,92,98,0,1,0,67.67,64.99
310020,Pick n Pay Hyper Vredenburg,Coastal Division,Western Cape Coastal Region,Pick n Pay,6001007001066,SavannaSip Lemon Iced Tea 1.5L,SavannaSip,SavannaSip Lemon Iced Tea 1.5L,Beverages,Ready-to-Drink,4435.8000000000000,3453.3300000000000,177,145,0,0,0,26.06,24.99
310020,Pick n Pay Hyper Vredenburg,Coastal Division,Western Cape Coastal Region,Pick n Pay,6001007001073,CraveCraft Salted Maize Bites 125g,CraveCraft,CraveCraft Salted Maize Bites 125g,Snacks,Savoury Snacks,3286.4400000000000,2820.0000000000000,177,157,0,0,0,19.5,18.99
310020,Pick n Pay Hyper Vredenburg,Coastal Division,Western Cape Coastal Region,Pick n Pay,6001007001080,CraveCraft Chutney Maize Bites 125g,CraveCraft,CraveCraft Chutney Maize Bites 125g,Snacks,Savoury Snacks,3711.1900000000000,3157.5800000000000,201,180,0,0,0,19.7,18.99
310020,Pick n Pay Hyper Vredenburg,Coastal Division,Western Cape Coastal Region,Pick n Pay,6001007001097,CraveCraft Cheese Corn Puffs 100g,CraveCraft,CraveCraft Cheese Corn Puffs 100g,Snacks,Savoury Snacks,2805.5800000000000,2708.7600000000000,157,158,0,0,1,19.43,17.99
310020,Pick n Pay Hyper Vredenburg,Coastal Division,Western Cape Coastal Region,Pick n Pay,6001007001103,HomeHarvest Tomato & Herb Soup 500ml,HomeHarvest,HomeHarvest Tomato & Herb Soup 500ml,Convenience Foods,Soups,2855.6700000000000,2459.6900000000000,82,74,0,0,0,34.65,34.99
310020,Pick n Pay Hyper Vredenburg,Coastal Division,Western Cape Coastal Region,Pick n Pay,6001007001110,HomeHarvest Beef Stew Mix 200g,HomeHarvest,HomeHarvest Beef Stew Mix 200g,Convenience Foods,Meal Solutions,2082.1400000000000,1751.6400000000000,71,63,0,0,0,29.46,29.99
310020,Pick n Pay Hyper Vredenburg,Coastal Division,Western Cape Coastal Region,Pick n Pay,6001007001127,HomeHarvest Chicken Curry Meal Base 200g,HomeHarvest,HomeHarvest Chicken Curry Meal Base 200g,Convenience Foods,Meal Solutions,2509.0100000000002,2112.8800000000000,80,70,0,0,0,31.35,31.99
310021,Pick n Pay Durban North,KZN & Eastern Cape Division,KwaZulu-Natal Region,Pick n Pay,6001007001011,SunTrail Original Crunch Cereal 500g,SunTrail,SunTrail Original Crunch Cereal 500g,Cereals,Ready-to-Eat Cereal,5526.8000000000000,5064.3200000000000,105,100,0,0,0,54.94,54.99
310021,Pick n Pay Durban North,KZN & Eastern Cape Division,KwaZulu-Natal Region,Pick n Pay,6001007001028,SunTrail Honey Rings Cereal 450g,SunTrail,SunTrail Honey Rings Cereal 450g,Cereals,Ready-to-Eat Cereal,7042.5200000000000,6363.3100000000000,117,110,0,0,0,62.42,59.99
310021,Pick n Pay Durban North,KZN & Eastern Cape Division,KwaZulu-Natal Region,Pick n Pay,6001007001035,MorningMelt Creamy Instant Oats 500g,MorningMelt,MorningMelt Creamy Instant Oats 500g,Cereals,Hot Cereals,4572.7500000000000,4043.4900000000000,98,91,0,0,0,45.44,44.99
310021,Pick n Pay Durban North,KZN & Eastern Cape Division,KwaZulu-Natal Region,Pick n Pay,6001007001042,MorningMelt Cinnamon Oats Sachets 10x35g,MorningMelt,MorningMelt Cinnamon Oats Sachets 10x35g,Cereals,Hot Cereals,3614.4800000000000,3190.2800000000000,74,69,0,0,0,50.69,49.99
310021,Pick n Pay Durban North,KZN & Eastern Cape Division,KwaZulu-Natal Region,Pick n Pay,6001007001059,SavannaSip Pure Rooibos Tea 80s,SavannaSip,SavannaSip Pure Rooibos Tea 80s,Beverages,Tea,8127.2300000000000,7907.5800000000000,125,126,0,1,0,64.25,64.99
310021,Pick n Pay Durban North,KZN & Eastern Cape Division,KwaZulu-Natal Region,Pick n Pay,6001007001066,SavannaSip Lemon Iced Tea 1.5L,SavannaSip,SavannaSip Lemon Iced Tea 1.5L,Beverages,Ready-to-Drink,3751.3300000000000,3063.9500000000000,155,131,0,0,0,25.15,24.99
310021,Pick n Pay Durban North,KZN & Eastern Cape Division,KwaZulu-Natal Region,Pick n Pay,6001007001073,CraveCraft Salted Maize Bites 125g,CraveCraft,CraveCraft Salted Maize Bites 125g,Snacks,Savoury Snacks,4677.7000000000000,4017.2100000000000,242,215,0,0,0,18.75,18.99
310021,Pick n Pay Durban North,KZN & Eastern Cape Division,KwaZulu-Natal Region,Pick n Pay,6001007001080,CraveCraft Chutney Maize Bites 125g,CraveCraft,CraveCraft Chutney Maize Bites 125g,Snacks,Savoury Snacks,2437.7700000000000,2598.4899999999998,133,147,0,1,0,19.32,18.99
310021,Pick n Pay Durban North,KZN & Eastern Cape Division,KwaZulu-Natal Region,Pick n Pay,6001007001097,CraveCraft Cheese Corn Puffs 100g,CraveCraft,CraveCraft Cheese Corn Puffs 100g,Snacks,Savoury Snacks,3107.6200000000000,2600.7100000000000,177,156,0,0,0,17.85,17.99
310021,Pick n Pay Durban North,KZN & Eastern Cape Division,KwaZulu-Natal Region,Pick n Pay,6001007001103,HomeHarvest Tomato & Herb Soup 500ml,HomeHarvest,HomeHarvest Tomato & Herb Soup 500ml,Convenience Foods,Soups,2762.4200000000000,2345.4600000000000,81,72,0,0,0,35.68,34.99
310021,Pick n Pay Durban North,KZN & Eastern Cape Division,KwaZulu-Natal Region,Pick n Pay,6001007001110,HomeHarvest Beef Stew Mix 200g,HomeHarvest,HomeHarvest Beef Stew Mix 200g,Convenience Foods,Meal Solutions,2740.9100000000000,2308.3200000000002,93,82,0,0,0,30.01,29.99
310021,Pick n Pay Durban North,KZN & Eastern Cape Division,KwaZulu-Natal Region,Pick n Pay,6001007001127,HomeHarvest Chicken Curry Meal Base 200g,HomeHarvest,HomeHarvest Chicken Curry Meal Base 200g,Convenience Foods,Meal Solutions,2740.2200000000000,2738.3600000000000,90,94,0,1,0,33.23,31.99
310022,Pick n Pay Pinetown,KZN & Eastern Cape Division,KwaZulu-Natal Region,Pick n Pay,6001007001011,SunTrail Original Crunch Cereal 500g,SunTrail,SunTrail Original Crunch Cereal 500g,Cereals,Ready-to-Eat Cereal,6545.1500000000000,6986.6300000000000,118,131,0,1,0,56.63,54.99
310022,Pick n Pay Pinetown,KZN & Eastern Cape Division,KwaZulu-Natal Region,Pick n Pay,6001007001028,SunTrail Honey Rings Cereal 450g,SunTrail,SunTrail Honey Rings Cereal 450g,Cereals,Ready-to-Eat Cereal,8159.8200000000000,7127.4400000000000,134,121,0,0,0,60.45,59.99
310022,Pick n Pay Pinetown,KZN & Eastern Cape Division,KwaZulu-Natal Region,Pick n Pay,6001007001035,MorningMelt Creamy Instant Oats 500g,MorningMelt,MorningMelt Creamy Instant Oats 500g,Cereals,Hot Cereals,5152.7500000000000,4495.5100000000000,113,104,0,0,0,46.91,44.99
310022,Pick n Pay Pinetown,KZN & Eastern Cape Division,KwaZulu-Natal Region,Pick n Pay,6001007001042,MorningMelt Cinnamon Oats Sachets 10x35g,MorningMelt,MorningMelt Cinnamon Oats Sachets 10x35g,Cereals,Hot Cereals,4292.2400000000000,3899.4400000000000,88,83,0,0,0,49.81,49.99
310022,Pick n Pay Pinetown,KZN & Eastern Cape Division,KwaZulu-Natal Region,Pick n Pay,6001007001059,SavannaSip Pure Rooibos Tea 80s,SavannaSip,SavannaSip Pure Rooibos Tea 80s,Beverages,Tea,8341.2800000000007,6464.1200000000000,130,105,0,0,0,66.93,64.99
310022,Pick n Pay Pinetown,KZN & Eastern Cape Division,KwaZulu-Natal Region,Pick n Pay,6001007001066,SavannaSip Lemon Iced Tea 1.5L,SavannaSip,SavannaSip Lemon Iced Tea 1.5L,Beverages,Ready-to-Drink,4443.7700000000004,3522.2500000000000,185,152,0,0,0,24.79,24.99
310022,Pick n Pay Pinetown,KZN & Eastern Cape Division,KwaZulu-Natal Region,Pick n Pay,6001007001073,CraveCraft Salted Maize Bites 125g,CraveCraft,CraveCraft Salted Maize Bites 125g,Snacks,Savoury Snacks,2860.9100000000000,2601.2500000000000,155,148,0,0,0,19.25,18.99
310022,Pick n Pay Pinetown,KZN & Eastern Cape Division,KwaZulu-Natal Region,Pick n Pay,6001007001080,CraveCraft Chutney Maize Bites 125g,CraveCraft,CraveCraft Chutney Maize Bites 125g,Snacks,Savoury Snacks,3577.5500000000000,3164.1100000000000,186,170,0,0,0,18.58,18.99
310022,Pick n Pay Pinetown,KZN & Eastern Cape Division,KwaZulu-Natal Region,Pick n Pay,6001007001097,CraveCraft Cheese Corn Puffs 100g,CraveCraft,CraveCraft Cheese Corn Puffs 100g,Snacks,Savoury Snacks,2492.3600000000000,2307.5500000000002,140,134,0,0,0,17.58,17.99
310022,Pick n Pay Pinetown,KZN & Eastern Cape Division,KwaZulu-Natal Region,Pick n Pay,6001007001103,HomeHarvest Tomato & Herb Soup 500ml,HomeHarvest,HomeHarvest Tomato & Herb Soup 500ml,Convenience Foods,Soups,3632.3800000000000,2992.9700000000000,103,88,0,0,0,35.52,34.99
310022,Pick n Pay Pinetown,KZN & Eastern Cape Division,KwaZulu-Natal Region,Pick n Pay,6001007001110,HomeHarvest Beef Stew Mix 200g,HomeHarvest,HomeHarvest Beef Stew Mix 200g,Convenience Foods,Meal Solutions,2461.6100000000000,2089.3300000000000,82,73,0,0,0,30.63,29.99
310022,Pick n Pay Pinetown,KZN & Eastern Cape Division,KwaZulu-Natal Region,Pick n Pay,6001007001127,HomeHarvest Chicken Curry Meal Base 200g,HomeHarvest,HomeHarvest Chicken Curry Meal Base 200g,Convenience Foods,Meal Solutions,2863.7300000000000,2517.1400000000000,90,82,0,0,0,32.56,31.99
310023,Pick n Pay Pietermaritzburg,KZN & Eastern Cape Division,KwaZulu-Natal Region,Pick n Pay,6001007001011,SunTrail Original Crunch Cereal 500g,SunTrail,SunTrail Original Crunch Cereal 500g,Cereals,Ready-to-Eat Cereal,10608.9300000000000,9243.2300000000000,197,178,0,0,0,54.46,54.99
310023,Pick n Pay Pietermaritzburg,KZN & Eastern Cape Division,KwaZulu-Natal Region,Pick n Pay,6001007001028,SunTrail Honey Rings Cereal 450g,SunTrail,SunTrail Honey Rings Cereal 450g,Cereals,Ready-to-Eat Cereal,10262.0000000000000,10038.5700000000000,168,173,0,0,1,64.99,59.99
310023,Pick n Pay Pietermaritzburg,KZN & Eastern Cape Division,KwaZulu-Natal Region,Pick n Pay,6001007001035,MorningMelt Creamy Instant Oats 500g,MorningMelt,MorningMelt Creamy Instant Oats 500g,Cereals,Hot Cereals,7330.7100000000000,6519.7300000000000,167,155,0,0,0,45.26,44.99
310023,Pick n Pay Pietermaritzburg,KZN & Eastern Cape Division,KwaZulu-Natal Region,Pick n Pay,6001007001042,MorningMelt Cinnamon Oats Sachets 10x35g,MorningMelt,MorningMelt Cinnamon Oats Sachets 10x35g,Cereals,Hot Cereals,6167.4500000000000,5360.5800000000000,127,115,0,0,0,50.89,49.99
310023,Pick n Pay Pietermaritzburg,KZN & Eastern Cape Division,KwaZulu-Natal Region,Pick n Pay,6001007001059,SavannaSip Pure Rooibos Tea 80s,SavannaSip,SavannaSip Pure Rooibos Tea 80s,Beverages,Tea,9814.6900000000000,8058.6700000000000,153,132,0,0,0,66.22,64.99
310023,Pick n Pay Pietermaritzburg,KZN & Eastern Cape Division,KwaZulu-Natal Region,Pick n Pay,6001007001066,SavannaSip Lemon Iced Tea 1.5L,SavannaSip,SavannaSip Lemon Iced Tea 1.5L,Beverages,Ready-to-Drink,7153.0500000000000,5626.1700000000000,283,232,0,0,0,24.83,24.99
310023,Pick n Pay Pietermaritzburg,KZN & Eastern Cape Division,KwaZulu-Natal Region,Pick n Pay,6001007001073,CraveCraft Salted Maize Bites 125g,CraveCraft,CraveCraft Salted Maize Bites 125g,Snacks,Savoury Snacks,6197.8800000000000,5265.8200000000000,337,301,0,0,0,19.76,18.99
310023,Pick n Pay Pietermaritzburg,KZN & Eastern Cape Division,KwaZulu-Natal Region,Pick n Pay,6001007001080,CraveCraft Chutney Maize Bites 125g,CraveCraft,CraveCraft Chutney Maize Bites 125g,Snacks,Savoury Snacks,5086.3900000000003,4573.8000000000000,276,262,0,0,0,18.54,18.99
310023,Pick n Pay Pietermaritzburg,KZN & Eastern Cape Division,KwaZulu-Natal Region,Pick n Pay,6001007001097,CraveCraft Cheese Corn Puffs 100g,CraveCraft,CraveCraft Cheese Corn Puffs 100g,Snacks,Savoury Snacks,2878.5400000000000,3665.4400000000000,155,208,1,0,0,17.52,17.99
310023,Pick n Pay Pietermaritzburg,KZN & Eastern Cape Division,KwaZulu-Natal Region,Pick n Pay,6001007001103,HomeHarvest Tomato & Herb Soup 500ml,HomeHarvest,HomeHarvest Tomato & Herb Soup 500ml,Convenience Foods,Soups,4296.9900000000000,3468.1200000000000,123,103,0,0,0,35.46,34.99
310023,Pick n Pay Pietermaritzburg,KZN & Eastern Cape Division,KwaZulu-Natal Region,Pick n Pay,6001007001110,HomeHarvest Beef Stew Mix 200g,HomeHarvest,HomeHarvest Beef Stew Mix 200g,Convenience Foods,Meal Solutions,3694.4100000000000,3340.3500000000000,123,117,0,0,1,32.76,29.99
310023,Pick n Pay Pietermaritzburg,KZN & Eastern Cape Division,KwaZulu-Natal Region,Pick n Pay,6001007001127,HomeHarvest Chicken Curry Meal Base 200g,HomeHarvest,HomeHarvest Chicken Curry Meal Base 200g,Convenience Foods,Meal Solutions,3644.4600000000000,2980.4400000000000,110,95,0,0,0,32.02,31.99
310024,Pick n Pay Richards Bay,KZN & Eastern Cape Division,KwaZulu-Natal Region,Pick n Pay,6001007001011,SunTrail Original Crunch Cereal 500g,SunTrail,SunTrail Original Crunch Cereal 500g,Cereals,Ready-to-Eat Cereal,8335.1200000000008,7021.1100000000000,158,139,0,0,0,55.8,54.99
310024,Pick n Pay Richards Bay,KZN & Eastern Cape Division,KwaZulu-Natal Region,Pick n Pay,6001007001028,SunTrail Honey Rings Cereal 450g,SunTrail,SunTrail Honey Rings Cereal 450g,Cereals,Ready-to-Eat Cereal,9239.7800000000007,7718.6700000000000,151,133,0,0,0,60.56,59.99
310024,Pick n Pay Richards Bay,KZN & Eastern Cape Division,KwaZulu-Natal Region,Pick n Pay,6001007001035,MorningMelt Creamy Instant Oats 500g,MorningMelt,MorningMelt Creamy Instant Oats 500g,Cereals,Hot Cereals,6213.8000000000000,5214.8100000000004,145,126,0,0,0,45.97,44.99
310024,Pick n Pay Richards Bay,KZN & Eastern Cape Division,KwaZulu-Natal Region,Pick n Pay,6001007001042,MorningMelt Cinnamon Oats Sachets 10x35g,MorningMelt,MorningMelt Cinnamon Oats Sachets 10x35g,Cereals,Hot Cereals,5819.5300000000000,5407.5500000000000,114,110,0,0,0,52.04,49.99
310024,Pick n Pay Richards Bay,KZN & Eastern Cape Division,KwaZulu-Natal Region,Pick n Pay,6001007001059,SavannaSip Pure Rooibos Tea 80s,SavannaSip,SavannaSip Pure Rooibos Tea 80s,Beverages,Tea,11460.8400000000000,10702.1100000000000,173,170,0,1,0,64.6,64.99
310024,Pick n Pay Richards Bay,KZN & Eastern Cape Division,KwaZulu-Natal Region,Pick n Pay,6001007001066,SavannaSip Lemon Iced Tea 1.5L,SavannaSip,SavannaSip Lemon Iced Tea 1.5L,Beverages,Ready-to-Drink,6843.4800000000000,5685.8000000000000,273,236,0,0,0,24.41,24.99
310024,Pick n Pay Richards Bay,KZN & Eastern Cape Division,KwaZulu-Natal Region,Pick n Pay,6001007001073,CraveCraft Salted Maize Bites 125g,CraveCraft,CraveCraft Salted Maize Bites 125g,Snacks,Savoury Snacks,4704.3999999999996,4134.0900000000000,251,233,0,0,0,18.73,18.99
310024,Pick n Pay Richards Bay,KZN & Eastern Cape Division,KwaZulu-Natal Region,Pick n Pay,6001007001080,CraveCraft Chutney Maize Bites 125g,CraveCraft,CraveCraft Chutney Maize Bites 125g,Snacks,Savoury Snacks,3925.0200000000000,4511.3900000000003,212,257,0,1,0,18.53,18.99
310024,Pick n Pay Richards Bay,KZN & Eastern Cape Division,KwaZulu-Natal Region,Pick n Pay,6001007001097,CraveCraft Cheese Corn Puffs 100g,CraveCraft,CraveCraft Cheese Corn Puffs 100g,Snacks,Savoury Snacks,4912.0800000000000,4160.8500000000004,264,234,0,0,0,18.1,17.99
310024,Pick n Pay Richards Bay,KZN & Eastern Cape Division,KwaZulu-Natal Region,Pick n Pay,6001007001103,HomeHarvest Tomato & Herb Soup 500ml,HomeHarvest,HomeHarvest Tomato & Herb Soup 500ml,Convenience Foods,Soups,5435.2400000000000,4362.9700000000000,161,135,0,0,0,34.09,34.99
310024,Pick n Pay Richards Bay,KZN & Eastern Cape Division,KwaZulu-Natal Region,Pick n Pay,6001007001110,HomeHarvest Beef Stew Mix 200g,HomeHarvest,HomeHarvest Beef Stew Mix 200g,Convenience Foods,Meal Solutions,3166.9900000000000,2787.1100000000000,109,100,0,0,0,31.08,29.99
310024,Pick n Pay Richards Bay,KZN & Eastern Cape Division,KwaZulu-Natal Region,Pick n Pay,6001007001127,HomeHarvest Chicken Curry Meal Base 200g,HomeHarvest,HomeHarvest Chicken Curry Meal Base 200g,Convenience Foods,Meal Solutions,2991.7100000000000,2524.1700000000000,94,83,0,0,0,32.24,31.99
310025,Pick n Pay Hyper Ballito,KZN & Eastern Cape Division,KwaZulu-Natal Region,Pick n Pay,6001007001011,SunTrail Original Crunch Cereal 500g,SunTrail,SunTrail Original Crunch Cereal 500g,Cereals,Ready-to-Eat Cereal,8005.9600000000000,7346.9400000000000,147,141,0,0,0,54.1,54.99
310025,Pick n Pay Hyper Ballito,KZN & Eastern Cape Division,KwaZulu-Natal Region,Pick n Pay,6001007001028,SunTrail Honey Rings Cereal 450g,SunTrail,SunTrail Honey Rings Cereal 450g,Cereals,Ready-to-Eat Cereal,11949.0600000000000,10111.4699999999990,199,174,0,0,0,60.63,59.99
310025,Pick n Pay Hyper Ballito,KZN & Eastern Cape Division,KwaZulu-Natal Region,Pick n Pay,6001007001035,MorningMelt Creamy Instant Oats 500g,MorningMelt,MorningMelt Creamy Instant Oats 500g,Cereals,Hot Cereals,7361.0500000000000,6328.1200000000000,165,148,0,0,0,45.14,44.99
310025,Pick n Pay Hyper Ballito,KZN & Eastern Cape Division,KwaZulu-Natal Region,Pick n Pay,6001007001042,MorningMelt Cinnamon Oats Sachets 10x35g,MorningMelt,MorningMelt Cinnamon Oats Sachets 10x35g,Cereals,Hot Cereals,6750.2900000000000,6145.5900000000000,135,128,0,0,0,49.44,49.99
310025,Pick n Pay Hyper Ballito,KZN & Eastern Cape Division,KwaZulu-Natal Region,Pick n Pay,6001007001059,SavannaSip Pure Rooibos Tea 80s,SavannaSip,SavannaSip Pure Rooibos Tea 80s,Beverages,Tea,12974.8400000000000,10122.7600000000000,206,168,0,0,0,64.72,64.99
310025,Pick n Pay Hyper Ballito,KZN & Eastern Cape Division,KwaZulu-Natal Region,Pick n Pay,6001007001066,SavannaSip Lemon Iced Tea 1.5L,SavannaSip,SavannaSip Lemon Iced Tea 1.5L,Beverages,Ready-to-Drink,5537.0300000000000,4620.2100000000000,220,190,0,0,0,26.09,24.99
310025,Pick n Pay Hyper Ballito,KZN & Eastern Cape Division,KwaZulu-Natal Region,Pick n Pay,6001007001073,CraveCraft Salted Maize Bites 125g,CraveCraft,CraveCraft Salted Maize Bites 125g,Snacks,Savoury Snacks,4957.3100000000004,4252.8000000000000,275,245,0,0,0,19.11,18.99
310025,Pick n Pay Hyper Ballito,KZN & Eastern Cape Division,KwaZulu-Natal Region,Pick n Pay,6001007001080,CraveCraft Chutney Maize Bites 125g,CraveCraft,CraveCraft Chutney Maize Bites 125g,Snacks,Savoury Snacks,4316.9500000000000,3611.4200000000000,233,206,0,0,0,19.39,18.99
310025,Pick n Pay Hyper Ballito,KZN & Eastern Cape Division,KwaZulu-Natal Region,Pick n Pay,6001007001097,CraveCraft Cheese Corn Puffs 100g,CraveCraft,CraveCraft Cheese Corn Puffs 100g,Snacks,Savoury Snacks,3823.9100000000000,3400.2400000000000,212,197,0,0,0,18.41,17.99
310025,Pick n Pay Hyper Ballito,KZN & Eastern Cape Division,KwaZulu-Natal Region,Pick n Pay,6001007001103,HomeHarvest Tomato & Herb Soup 500ml,HomeHarvest,HomeHarvest Tomato & Herb Soup 500ml,Convenience Foods,Soups,4006.0600000000000,3466.4700000000000,114,103,0,0,0,34.36,34.99
310025,Pick n Pay Hyper Ballito,KZN & Eastern Cape Division,KwaZulu-Natal Region,Pick n Pay,6001007001110,HomeHarvest Beef Stew Mix 200g,HomeHarvest,HomeHarvest Beef Stew Mix 200g,Convenience Foods,Meal Solutions,4199.4700000000000,3507.9700000000000,146,126,0,0,0,30.04,29.99
310025,Pick n Pay Hyper Ballito,KZN & Eastern Cape Division,KwaZulu-Natal Region,Pick n Pay,6001007001127,HomeHarvest Chicken Curry Meal Base 200g,HomeHarvest,HomeHarvest Chicken Curry Meal Base 200g,Convenience Foods,Meal Solutions,3649.2300000000000,3039.0400000000000,113,99,0,0,0,32.16,31.99
310026,Pick n Pay Gqeberha,KZN & Eastern Cape Division,Eastern Cape Region,Pick n Pay,6001007001011,SunTrail Original Crunch Cereal 500g,SunTrail,SunTrail Original Crunch Cereal 500g,Cereals,Ready-to-Eat Cereal,9093.9200000000000,8288.3400000000000,167,159,0,0,0,56.94,54.99
310026,Pick n Pay Gqeberha,KZN & Eastern Cape Division,Eastern Cape Region,Pick n Pay,6001007001028,SunTrail Honey Rings Cereal 450g,SunTrail,SunTrail Honey Rings Cereal 450g,Cereals,Ready-to-Eat Cereal,11092.2300000000000,9987.8300000000000,186,175,0,0,0,58.93,59.99
310026,Pick n Pay Gqeberha,KZN & Eastern Cape Division,Eastern Cape Region,Pick n Pay,6001007001035,MorningMelt Creamy Instant Oats 500g,MorningMelt,MorningMelt Creamy Instant Oats 500g,Cereals,Hot Cereals,6561.7400000000000,6036.8000000000000,145,138,0,0,0,45.32,44.99
310026,Pick n Pay Gqeberha,KZN & Eastern Cape Division,Eastern Cape Region,Pick n Pay,6001007001042,MorningMelt Cinnamon Oats Sachets 10x35g,MorningMelt,MorningMelt Cinnamon Oats Sachets 10x35g,Cereals,Hot Cereals,4193.6700000000000,4989.7000000000000,85,106,0,1,0,50.87,49.99
310026,Pick n Pay Gqeberha,KZN & Eastern Cape Division,Eastern Cape Region,Pick n Pay,6001007001059,SavannaSip Pure Rooibos Tea 80s,SavannaSip,SavannaSip Pure Rooibos Tea 80s,Beverages,Tea,14637.5500000000000,12642.8600000000000,218,197,0,0,0,64.14,64.99
310026,Pick n Pay Gqeberha,KZN & Eastern Cape Division,Eastern Cape Region,Pick n Pay,6001007001066,SavannaSip Lemon Iced Tea 1.5L,SavannaSip,SavannaSip Lemon Iced Tea 1.5L,Beverages,Ready-to-Drink,6508.4600000000000,5408.5600000000000,265,228,0,0,0,25.03,24.99
310026,Pick n Pay Gqeberha,KZN & Eastern Cape Division,Eastern Cape Region,Pick n Pay,6001007001073,CraveCraft Salted Maize Bites 125g,CraveCraft,CraveCraft Salted Maize Bites 125g,Snacks,Savoury Snacks,6200.7200000000000,5692.4800000000000,318,307,0,0,0,19.54,18.99
310026,Pick n Pay Gqeberha,KZN & Eastern Cape Division,Eastern Cape Region,Pick n Pay,6001007001080,CraveCraft Chutney Maize Bites 125g,CraveCraft,CraveCraft Chutney Maize Bites 125g,Snacks,Savoury Snacks,4778.8999999999996,4247.7600000000000,245,230,0,0,0,19.16,18.99
310026,Pick n Pay Gqeberha,KZN & Eastern Cape Division,Eastern Cape Region,Pick n Pay,6001007001097,CraveCraft Cheese Corn Puffs 100g,CraveCraft,CraveCraft Cheese Corn Puffs 100g,Snacks,Savoury Snacks,3874.8400000000000,3763.5300000000000,212,217,0,0,0,17.46,17.99
310026,Pick n Pay Gqeberha,KZN & Eastern Cape Division,Eastern Cape Region,Pick n Pay,6001007001103,HomeHarvest Tomato & Herb Soup 500ml,HomeHarvest,HomeHarvest Tomato & Herb Soup 500ml,Convenience Foods,Soups,4494.0000000000000,3839.9400000000000,128,115,0,0,0,35.74,34.99
310026,Pick n Pay Gqeberha,KZN & Eastern Cape Division,Eastern Cape Region,Pick n Pay,6001007001110,HomeHarvest Beef Stew Mix 200g,HomeHarvest,HomeHarvest Beef Stew Mix 200g,Convenience Foods,Meal Solutions,3826.1500000000000,3446.6800000000000,124,117,0,0,0,29.48,29.99
310026,Pick n Pay Gqeberha,KZN & Eastern Cape Division,Eastern Cape Region,Pick n Pay,6001007001127,HomeHarvest Chicken Curry Meal Base 200g,HomeHarvest,HomeHarvest Chicken Curry Meal Base 200g,Convenience Foods,Meal Solutions,3224.4100000000000,3030.3500000000000,97,96,0,0,0,32.91,31.99
310027,Pick n Pay East London,KZN & Eastern Cape Division,Eastern Cape Region,Pick n Pay,6001007001011,SunTrail Original Crunch Cereal 500g,SunTrail,SunTrail Original Crunch Cereal 500g,Cereals,Ready-to-Eat Cereal,5124.6700000000000,4988.6800000000000,93,95,0,0,0,54.52,54.99
310027,Pick n Pay East London,KZN & Eastern Cape Division,Eastern Cape Region,Pick n Pay,6001007001028,SunTrail Honey Rings Cereal 450g,SunTrail,SunTrail Honey Rings Cereal 450g,Cereals,Ready-to-Eat Cereal,7210.8000000000000,6828.9900000000000,120,119,0,0,0,58.39,59.99
310027,Pick n Pay East London,KZN & Eastern Cape Division,Eastern Cape Region,Pick n Pay,6001007001035,MorningMelt Creamy Instant Oats 500g,MorningMelt,MorningMelt Creamy Instant Oats 500g,Cereals,Hot Cereals,3431.6200000000000,3581.5900000000000,75,81,0,0,1,49.27,44.99
310027,Pick n Pay East London,KZN & Eastern Cape Division,Eastern Cape Region,Pick n Pay,6001007001042,MorningMelt Cinnamon Oats Sachets 10x35g,MorningMelt,MorningMelt Cinnamon Oats Sachets 10x35g,Cereals,Hot Cereals,4484.3000000000000,4107.6300000000000,86,83,0,0,0,50.09,49.99
310027,Pick n Pay East London,KZN & Eastern Cape Division,Eastern Cape Region,Pick n Pay,6001007001059,SavannaSip Pure Rooibos Tea 80s,SavannaSip,SavannaSip Pure Rooibos Tea 80s,Beverages,Tea,9025.2800000000007,7903.1500000000000,135,123,0,0,0,67.66,64.99
310027,Pick n Pay East London,KZN & Eastern Cape Division,Eastern Cape Region,Pick n Pay,6001007001066,SavannaSip Lemon Iced Tea 1.5L,SavannaSip,SavannaSip Lemon Iced Tea 1.5L,Beverages,Ready-to-Drink,4255.6899999999996,3842.2400000000000,175,164,0,0,0,25.94,24.99
310027,Pick n Pay East London,KZN & Eastern Cape Division,Eastern Cape Region,Pick n Pay,6001007001073,CraveCraft Salted Maize Bites 125g,CraveCraft,CraveCraft Salted Maize Bites 125g,Snacks,Savoury Snacks,4017.4000000000000,3607.4800000000000,218,206,0,0,0,18.45,18.99
310027,Pick n Pay East London,KZN & Eastern Cape Division,Eastern Cape Region,Pick n Pay,6001007001080,CraveCraft Chutney Maize Bites 125g,CraveCraft,CraveCraft Chutney Maize Bites 125g,Snacks,Savoury Snacks,3765.5500000000000,3737.6400000000000,195,201,0,0,0,19.53,18.99
310027,Pick n Pay East London,KZN & Eastern Cape Division,Eastern Cape Region,Pick n Pay,6001007001097,CraveCraft Cheese Corn Puffs 100g,CraveCraft,CraveCraft Cheese Corn Puffs 100g,Snacks,Savoury Snacks,3312.0000000000000,3107.4900000000000,184,179,0,0,0,18.41,17.99
310027,Pick n Pay East London,KZN & Eastern Cape Division,Eastern Cape Region,Pick n Pay,6001007001103,HomeHarvest Tomato & Herb Soup 500ml,HomeHarvest,HomeHarvest Tomato & Herb Soup 500ml,Convenience Foods,Soups,2940.8700000000000,2724.5800000000000,84,82,0,0,0,33.95,34.99
310027,Pick n Pay East London,KZN & Eastern Cape Division,Eastern Cape Region,Pick n Pay,6001007001110,HomeHarvest Beef Stew Mix 200g,HomeHarvest,HomeHarvest Beef Stew Mix 200g,Convenience Foods,Meal Solutions,2345.2700000000000,2020.5200000000000,80,72,0,0,0,30.02,29.99
310027,Pick n Pay East London,KZN & Eastern Cape Division,Eastern Cape Region,Pick n Pay,6001007001127,HomeHarvest Chicken Curry Meal Base 200g,HomeHarvest,HomeHarvest Chicken Curry Meal Base 200g,Convenience Foods,Meal Solutions,2755.0200000000000,2352.0900000000000,87,78,0,0,0,32.21,31.99
310028,Pick n Pay Mthatha,KZN & Eastern Cape Division,Eastern Cape Region,Pick n Pay,6001007001011,SunTrail Original Crunch Cereal 500g,SunTrail,SunTrail Original Crunch Cereal 500g,Cereals,Ready-to-Eat Cereal,7430.6200000000000,7345.0200000000000,132,137,0,0,0,53.87,54.99
310028,Pick n Pay Mthatha,KZN & Eastern Cape Division,Eastern Cape Region,Pick n Pay,6001007001028,SunTrail Honey Rings Cereal 450g,SunTrail,SunTrail Honey Rings Cereal 450g,Cereals,Ready-to-Eat Cereal,9087.4900000000000,8551.7000000000007,152,149,0,0,0,60.06,59.99
310028,Pick n Pay Mthatha,KZN & Eastern Cape Division,Eastern Cape Region,Pick n Pay,6001007001035,MorningMelt Creamy Instant Oats 500g,MorningMelt,MorningMelt Creamy Instant Oats 500g,Cereals,Hot Cereals,6309.0200000000000,5771.0400000000000,140,135,0,0,0,46.31,44.99
310028,Pick n Pay Mthatha,KZN & Eastern Cape Division,Eastern Cape Region,Pick n Pay,6001007001042,MorningMelt Cinnamon Oats Sachets 10x35g,MorningMelt,MorningMelt Cinnamon Oats Sachets 10x35g,Cereals,Hot Cereals,4681.6700000000000,4368.8599999999997,95,93,0,0,0,50.52,49.99
310028,Pick n Pay Mthatha,KZN & Eastern Cape Division,Eastern Cape Region,Pick n Pay,6001007001059,SavannaSip Pure Rooibos Tea 80s,SavannaSip,SavannaSip Pure Rooibos Tea 80s,Beverages,Tea,11193.5200000000000,9753.0000000000000,168,153,0,0,0,65.83,64.99
310028,Pick n Pay Mthatha,KZN & Eastern Cape Division,Eastern Cape Region,Pick n Pay,6001007001066,SavannaSip Lemon Iced Tea 1.5L,SavannaSip,SavannaSip Lemon Iced Tea 1.5L,Beverages,Ready-to-Drink,4800.2200000000000,4659.3400000000000,203,204,0,0,1,27.6,24.99
310028,Pick n Pay Mthatha,KZN & Eastern Cape Division,Eastern Cape Region,Pick n Pay,6001007001073,CraveCraft Salted Maize Bites 125g,CraveCraft,CraveCraft Salted Maize Bites 125g,Snacks,Savoury Snacks,3453.5500000000000,3296.5900000000000,187,188,0,0,0,18.7,18.99
310028,Pick n Pay Mthatha,KZN & Eastern Cape Division,Eastern Cape Region,Pick n Pay,6001007001080,CraveCraft Chutney Maize Bites 125g,CraveCraft,CraveCraft Chutney Maize Bites 125g,Snacks,Savoury Snacks,4211.4399999999996,4378.9600000000000,228,245,0,0,1,20.57,18.99
310028,Pick n Pay Mthatha,KZN & Eastern Cape Division,Eastern Cape Region,Pick n Pay,6001007001097,CraveCraft Cheese Corn Puffs 100g,CraveCraft,CraveCraft Cheese Corn Puffs 100g,Snacks,Savoury Snacks,4283.0900000000000,4144.4399999999996,235,236,0,0,0,17.78,17.99
310028,Pick n Pay Mthatha,KZN & Eastern Cape Division,Eastern Cape Region,Pick n Pay,6001007001103,HomeHarvest Tomato & Herb Soup 500ml,HomeHarvest,HomeHarvest Tomato & Herb Soup 500ml,Convenience Foods,Soups,4060.2100000000000,3635.3500000000000,121,112,0,0,0,34.12,34.99
310028,Pick n Pay Mthatha,KZN & Eastern Cape Division,Eastern Cape Region,Pick n Pay,6001007001110,HomeHarvest Beef Stew Mix 200g,HomeHarvest,HomeHarvest Beef Stew Mix 200g,Convenience Foods,Meal Solutions,3200.5600000000000,2828.0500000000000,111,102,0,0,0,30.2,29.99
310028,Pick n Pay Mthatha,KZN & Eastern Cape Division,Eastern Cape Region,Pick n Pay,6001007001127,HomeHarvest Chicken Curry Meal Base 200g,HomeHarvest,HomeHarvest Chicken Curry Meal Base 200g,Convenience Foods,Meal Solutions,3354.6700000000000,2973.9900000000000,102,94,0,0,0,31.58,31.99
310029,Pick n Pay Komani,KZN & Eastern Cape Division,Eastern Cape Region,Pick n Pay,6001007001011,SunTrail Original Crunch Cereal 500g,SunTrail,SunTrail Original Crunch Cereal 500g,Cereals,Ready-to-Eat Cereal,6966.8800000000000,6341.8000000000000,123,117,0,0,0,54.1,54.99
310029,Pick n Pay Komani,KZN & Eastern Cape Division,Eastern Cape Region,Pick n Pay,6001007001028,SunTrail Honey Rings Cereal 450g,SunTrail,SunTrail Honey Rings Cereal 450g,Cereals,Ready-to-Eat Cereal,5716.3900000000000,5555.2200000000000,97,99,0,0,0,58.57,59.99
310029,Pick n Pay Komani,KZN & Eastern Cape Division,Eastern Cape Region,Pick n Pay,6001007001035,MorningMelt Creamy Instant Oats 500g,MorningMelt,MorningMelt Creamy Instant Oats 500g,Cereals,Hot Cereals,4959.8999999999996,4951.4600000000000,109,113,0,0,0,44.92,44.99
310029,Pick n Pay Komani,KZN & Eastern Cape Division,Eastern Cape Region,Pick n Pay,6001007001042,MorningMelt Cinnamon Oats Sachets 10x35g,MorningMelt,MorningMelt Cinnamon Oats Sachets 10x35g,Cereals,Hot Cereals,5047.4500000000000,5019.8900000000003,101,105,0,0,0,50.23,49.99
310029,Pick n Pay Komani,KZN & Eastern Cape Division,Eastern Cape Region,Pick n Pay,6001007001059,SavannaSip Pure Rooibos Tea 80s,SavannaSip,SavannaSip Pure Rooibos Tea 80s,Beverages,Tea,5866.4600000000000,7224.4300000000000,90,117,1,0,0,63.12,64.99
310029,Pick n Pay Komani,KZN & Eastern Cape Division,Eastern Cape Region,Pick n Pay,6001007001066,SavannaSip Lemon Iced Tea 1.5L,SavannaSip,SavannaSip Lemon Iced Tea 1.5L,Beverages,Ready-to-Drink,6066.9300000000000,4975.3999999999996,250,214,0,0,0,26.1,24.99
310029,Pick n Pay Komani,KZN & Eastern Cape Division,Eastern Cape Region,Pick n Pay,6001007001073,CraveCraft Salted Maize Bites 125g,CraveCraft,CraveCraft Salted Maize Bites 125g,Snacks,Savoury Snacks,3747.0400000000000,3554.4700000000000,204,203,0,0,0,19.78,18.99
310029,Pick n Pay Komani,KZN & Eastern Cape Division,Eastern Cape Region,Pick n Pay,6001007001080,CraveCraft Chutney Maize Bites 125g,CraveCraft,CraveCraft Chutney Maize Bites 125g,Snacks,Savoury Snacks,3313.2800000000000,3190.1900000000000,181,182,0,0,0,19.71,18.99
310029,Pick n Pay Komani,KZN & Eastern Cape Division,Eastern Cape Region,Pick n Pay,6001007001097,CraveCraft Cheese Corn Puffs 100g,CraveCraft,CraveCraft Cheese Corn Puffs 100g,Snacks,Savoury Snacks,2908.8100000000000,2593.4699999999998,168,158,0,0,0,17.82,17.99
310029,Pick n Pay Komani,KZN & Eastern Cape Division,Eastern Cape Region,Pick n Pay,6001007001103,HomeHarvest Tomato & Herb Soup 500ml,HomeHarvest,HomeHarvest Tomato & Herb Soup 500ml,Convenience Foods,Soups,3698.8700000000000,3326.2600000000000,104,98,0,0,0,34.73,34.99
310029,Pick n Pay Komani,KZN & Eastern Cape Division,Eastern Cape Region,Pick n Pay,6001007001110,HomeHarvest Beef Stew Mix 200g,HomeHarvest,HomeHarvest Beef Stew Mix 200g,Convenience Foods,Meal Solutions,3437.8500000000000,2971.5400000000000,111,101,0,0,0,31.33,29.99
310029,Pick n Pay Komani,KZN & Eastern Cape Division,Eastern Cape Region,Pick n Pay,6001007001127,HomeHarvest Chicken Curry Meal Base 200g,HomeHarvest,HomeHarvest Chicken Curry Meal Base 200g,Convenience Foods,Meal Solutions,2700.8400000000000,2470.6600000000000,83,80,0,0,0,32.56,31.99
310030,Pick n Pay Hyper Jeffreys Bay,KZN & Eastern Cape Division,Eastern Cape Region,Pick n Pay,6001007001011,SunTrail Original Crunch Cereal 500g,SunTrail,SunTrail Original Crunch Cereal 500g,Cereals,Ready-to-Eat Cereal,5692.6100000000000,5619.8700000000000,109,112,0,0,0,56.99,54.99
310030,Pick n Pay Hyper Jeffreys Bay,KZN & Eastern Cape Division,Eastern Cape Region,Pick n Pay,6001007001028,SunTrail Honey Rings Cereal 450g,SunTrail,SunTrail Honey Rings Cereal 450g,Cereals,Ready-to-Eat Cereal,5799.4600000000000,5687.7500000000000,100,103,0,0,0,59.98,59.99
310030,Pick n Pay Hyper Jeffreys Bay,KZN & Eastern Cape Division,Eastern Cape Region,Pick n Pay,6001007001035,MorningMelt Creamy Instant Oats 500g,MorningMelt,MorningMelt Creamy Instant Oats 500g,Cereals,Hot Cereals,4740.6099999999997,4682.8300000000000,109,113,0,0,0,43.78,44.99
310030,Pick n Pay Hyper Jeffreys Bay,KZN & Eastern Cape Division,Eastern Cape Region,Pick n Pay,6001007001042,MorningMelt Cinnamon Oats Sachets 10x35g,MorningMelt,MorningMelt Cinnamon Oats Sachets 10x35g,Cereals,Hot Cereals,3596.4700000000000,3510.3600000000000,72,74,0,0,0,51.01,49.99
310030,Pick n Pay Hyper Jeffreys Bay,KZN & Eastern Cape Division,Eastern Cape Region,Pick n Pay,6001007001059,SavannaSip Pure Rooibos Tea 80s,SavannaSip,SavannaSip Pure Rooibos Tea 80s,Beverages,Tea,6467.1500000000000,5655.7500000000000,105,95,0,0,0,65.19,64.99
310030,Pick n Pay Hyper Jeffreys Bay,KZN & Eastern Cape Division,Eastern Cape Region,Pick n Pay,6001007001066,SavannaSip Lemon Iced Tea 1.5L,SavannaSip,SavannaSip Lemon Iced Tea 1.5L,Beverages,Ready-to-Drink,3919.2300000000000,3398.9000000000000,161,146,0,0,0,25.58,24.99
310030,Pick n Pay Hyper Jeffreys Bay,KZN & Eastern Cape Division,Eastern Cape Region,Pick n Pay,6001007001073,CraveCraft Salted Maize Bites 125g,CraveCraft,CraveCraft Salted Maize Bites 125g,Snacks,Savoury Snacks,3684.0400000000000,3632.8200000000000,194,198,0,0,0,19.14,18.99
310030,Pick n Pay Hyper Jeffreys Bay,KZN & Eastern Cape Division,Eastern Cape Region,Pick n Pay,6001007001080,CraveCraft Chutney Maize Bites 125g,CraveCraft,CraveCraft Chutney Maize Bites 125g,Snacks,Savoury Snacks,3553.7100000000000,3541.6100000000000,183,190,0,0,0,19.15,18.99
310030,Pick n Pay Hyper Jeffreys Bay,KZN & Eastern Cape Division,Eastern Cape Region,Pick n Pay,6001007001097,CraveCraft Cheese Corn Puffs 100g,CraveCraft,CraveCraft Cheese Corn Puffs 100g,Snacks,Savoury Snacks,3257.6500000000000,3246.8000000000000,180,187,0,0,0,18.36,17.99
310030,Pick n Pay Hyper Jeffreys Bay,KZN & Eastern Cape Division,Eastern Cape Region,Pick n Pay,6001007001103,HomeHarvest Tomato & Herb Soup 500ml,HomeHarvest,HomeHarvest Tomato & Herb Soup 500ml,Convenience Foods,Soups,2546.8100000000000,2358.3900000000000,73,71,0,0,0,34.81,34.99
310030,Pick n Pay Hyper Jeffreys Bay,KZN & Eastern Cape Division,Eastern Cape Region,Pick n Pay,6001007001110,HomeHarvest Beef Stew Mix 200g,HomeHarvest,HomeHarvest Beef Stew Mix 200g,Convenience Foods,Meal Solutions,2886.2900000000000,2499.1600000000000,99,89,0,0,0,31.2,29.99
310030,Pick n Pay Hyper Jeffreys Bay,KZN & Eastern Cape Division,Eastern Cape Region,Pick n Pay,6001007001127,HomeHarvest Chicken Curry Meal Base 200g,HomeHarvest,HomeHarvest Chicken Curry Meal Base 200g,Convenience Foods,Meal Solutions,1997.4500000000000,2073.6799999999998,62,67,0,0,1,34.8,31.99
310031,Pick n Pay Polokwane,Inland North Division,Limpopo & Mpumalanga Region,Pick n Pay,6001007001011,SunTrail Original Crunch Cereal 500g,SunTrail,SunTrail Original Crunch Cereal 500g,Cereals,Ready-to-Eat Cereal,10837.6800000000000,9387.2199999999993,199,182,0,0,0,55.18,54.99
310031,Pick n Pay Polokwane,Inland North Division,Limpopo & Mpumalanga Region,Pick n Pay,6001007001028,SunTrail Honey Rings Cereal 450g,SunTrail,SunTrail Honey Rings Cereal 450g,Cereals,Ready-to-Eat Cereal,10394.5700000000000,9004.5000000000000,172,157,0,0,0,62.55,59.99
310031,Pick n Pay Polokwane,Inland North Division,Limpopo & Mpumalanga Region,Pick n Pay,6001007001035,MorningMelt Creamy Instant Oats 500g,MorningMelt,MorningMelt Creamy Instant Oats 500g,Cereals,Hot Cereals,6261.9300000000000,5922.5800000000000,137,136,0,0,0,43.73,44.99
310031,Pick n Pay Polokwane,Inland North Division,Limpopo & Mpumalanga Region,Pick n Pay,6001007001042,MorningMelt Cinnamon Oats Sachets 10x35g,MorningMelt,MorningMelt Cinnamon Oats Sachets 10x35g,Cereals,Hot Cereals,6003.4300000000000,6071.7500000000000,124,131,0,0,1,56.39,49.99
310031,Pick n Pay Polokwane,Inland North Division,Limpopo & Mpumalanga Region,Pick n Pay,6001007001059,SavannaSip Pure Rooibos Tea 80s,SavannaSip,SavannaSip Pure Rooibos Tea 80s,Beverages,Tea,13953.1900000000000,11287.1500000000000,215,183,0,0,0,66.82,64.99
310031,Pick n Pay Polokwane,Inland North Division,Limpopo & Mpumalanga Region,Pick n Pay,6001007001066,SavannaSip Lemon Iced Tea 1.5L,SavannaSip,SavannaSip Lemon Iced Tea 1.5L,Beverages,Ready-to-Drink,7838.3500000000000,6304.6200000000000,310,260,0,0,0,26.08,24.99
310031,Pick n Pay Polokwane,Inland North Division,Limpopo & Mpumalanga Region,Pick n Pay,6001007001073,CraveCraft Salted Maize Bites 125g,CraveCraft,CraveCraft Salted Maize Bites 125g,Snacks,Savoury Snacks,5468.1800000000000,4853.6499999999996,289,268,0,0,0,19.28,18.99
310031,Pick n Pay Polokwane,Inland North Division,Limpopo & Mpumalanga Region,Pick n Pay,6001007001080,CraveCraft Chutney Maize Bites 125g,CraveCraft,CraveCraft Chutney Maize Bites 125g,Snacks,Savoury Snacks,4511.3200000000000,3954.0700000000000,248,227,0,0,0,19.2,18.99
310031,Pick n Pay Polokwane,Inland North Division,Limpopo & Mpumalanga Region,Pick n Pay,6001007001097,CraveCraft Cheese Corn Puffs 100g,CraveCraft,CraveCraft Cheese Corn Puffs 100g,Snacks,Savoury Snacks,4233.5600000000004,3688.2300000000000,238,216,0,0,0,18.54,17.99
310031,Pick n Pay Polokwane,Inland North Division,Limpopo & Mpumalanga Region,Pick n Pay,6001007001103,HomeHarvest Tomato & Herb Soup 500ml,HomeHarvest,HomeHarvest Tomato & Herb Soup 500ml,Convenience Foods,Soups,3534.7500000000000,4182.1700000000000,99,123,1,0,0,34.75,34.99
310031,Pick n Pay Polokwane,Inland North Division,Limpopo & Mpumalanga Region,Pick n Pay,6001007001110,HomeHarvest Beef Stew Mix 200g,HomeHarvest,HomeHarvest Beef Stew Mix 200g,Convenience Foods,Meal Solutions,3785.4300000000000,3300.3000000000000,132,120,0,0,0,30.35,29.99
310031,Pick n Pay Polokwane,Inland North Division,Limpopo & Mpumalanga Region,Pick n Pay,6001007001127,HomeHarvest Chicken Curry Meal Base 200g,HomeHarvest,HomeHarvest Chicken Curry Meal Base 200g,Convenience Foods,Meal Solutions,4185.8300000000000,3607.3400000000000,131,118,0,0,0,31.83,31.99
310032,Pick n Pay Mbombela,Inland North Division,Limpopo & Mpumalanga Region,Pick n Pay,6001007001011,SunTrail Original Crunch Cereal 500g,SunTrail,SunTrail Original Crunch Cereal 500g,Cereals,Ready-to-Eat Cereal,13402.8800000000000,11961.5700000000000,237,222,0,0,0,57.45,54.99
310032,Pick n Pay Mbombela,Inland North Division,Limpopo & Mpumalanga Region,Pick n Pay,6001007001028,SunTrail Honey Rings Cereal 450g,SunTrail,SunTrail Honey Rings Cereal 450g,Cereals,Ready-to-Eat Cereal,12092.9800000000000,10794.4500000000000,199,186,0,0,0,60.09,59.99
310032,Pick n Pay Mbombela,Inland North Division,Limpopo & Mpumalanga Region,Pick n Pay,6001007001035,MorningMelt Creamy Instant Oats 500g,MorningMelt,MorningMelt Creamy Instant Oats 500g,Cereals,Hot Cereals,6154.2000000000000,5470.0200000000000,142,133,0,0,0,46.58,44.99
310032,Pick n Pay Mbombela,Inland North Division,Limpopo & Mpumalanga Region,Pick n Pay,6001007001042,MorningMelt Cinnamon Oats Sachets 10x35g,MorningMelt,MorningMelt Cinnamon Oats Sachets 10x35g,Cereals,Hot Cereals,6410.8000000000000,5774.7600000000000,133,124,0,0,0,51.19,49.99
310032,Pick n Pay Mbombela,Inland North Division,Limpopo & Mpumalanga Region,Pick n Pay,6001007001059,SavannaSip Pure Rooibos Tea 80s,SavannaSip,SavannaSip Pure Rooibos Tea 80s,Beverages,Tea,10548.4000000000000,12723.6700000000000,169,213,1,0,0,64.16,64.99
310032,Pick n Pay Mbombela,Inland North Division,Limpopo & Mpumalanga Region,Pick n Pay,6001007001066,SavannaSip Lemon Iced Tea 1.5L,SavannaSip,SavannaSip Lemon Iced Tea 1.5L,Beverages,Ready-to-Drink,7222.5300000000000,5944.5800000000000,289,251,0,0,0,25.03,24.99
310032,Pick n Pay Mbombela,Inland North Division,Limpopo & Mpumalanga Region,Pick n Pay,6001007001073,CraveCraft Salted Maize Bites 125g,CraveCraft,CraveCraft Salted Maize Bites 125g,Snacks,Savoury Snacks,6192.1000000000000,5997.5400000000000,321,323,0,0,1,21.15,18.99
310032,Pick n Pay Mbombela,Inland North Division,Limpopo & Mpumalanga Region,Pick n Pay,6001007001080,CraveCraft Chutney Maize Bites 125g,CraveCraft,CraveCraft Chutney Maize Bites 125g,Snacks,Savoury Snacks,5887.9400000000000,5339.6200000000000,310,291,0,0,0,18.77,18.99
310032,Pick n Pay Mbombela,Inland North Division,Limpopo & Mpumalanga Region,Pick n Pay,6001007001097,CraveCraft Cheese Corn Puffs 100g,CraveCraft,CraveCraft Cheese Corn Puffs 100g,Snacks,Savoury Snacks,4544.5800000000000,4005.7500000000000,246,227,0,0,0,17.79,17.99
310032,Pick n Pay Mbombela,Inland North Division,Limpopo & Mpumalanga Region,Pick n Pay,6001007001103,HomeHarvest Tomato & Herb Soup 500ml,HomeHarvest,HomeHarvest Tomato & Herb Soup 500ml,Convenience Foods,Soups,4526.4200000000000,3943.7500000000000,124,114,0,0,0,34.57,34.99
310032,Pick n Pay Mbombela,Inland North Division,Limpopo & Mpumalanga Region,Pick n Pay,6001007001110,HomeHarvest Beef Stew Mix 200g,HomeHarvest,HomeHarvest Beef Stew Mix 200g,Convenience Foods,Meal Solutions,4112.5900000000000,3677.8900000000000,134,124,0,0,0,29.51,29.99
310032,Pick n Pay Mbombela,Inland North Division,Limpopo & Mpumalanga Region,Pick n Pay,6001007001127,HomeHarvest Chicken Curry Meal Base 200g,HomeHarvest,HomeHarvest Chicken Curry Meal Base 200g,Convenience Foods,Meal Solutions,3453.0500000000000,3130.4900000000000,111,105,0,0,0,32.02,31.99
310033,Pick n Pay Tzaneen,Inland North Division,Limpopo & Mpumalanga Region,Pick n Pay,6001007001011,SunTrail Original Crunch Cereal 500g,SunTrail,SunTrail Original Crunch Cereal 500g,Cereals,Ready-to-Eat Cereal,10702.5600000000000,9231.7300000000000,189,171,0,0,0,55.73,54.99
310033,Pick n Pay Tzaneen,Inland North Division,Limpopo & Mpumalanga Region,Pick n Pay,6001007001028,SunTrail Honey Rings Cereal 450g,SunTrail,SunTrail Honey Rings Cereal 450g,Cereals,Ready-to-Eat Cereal,8928.8600000000000,8487.7099999999991,154,153,0,0,0,61.63,59.99
310033,Pick n Pay Tzaneen,Inland North Division,Limpopo & Mpumalanga Region,Pick n Pay,6001007001035,MorningMelt Creamy Instant Oats 500g,MorningMelt,MorningMelt Creamy Instant Oats 500g,Cereals,Hot Cereals,6959.7600000000000,6108.4900000000000,153,141,0,0,0,45.6,44.99
310033,Pick n Pay Tzaneen,Inland North Division,Limpopo & Mpumalanga Region,Pick n Pay,6001007001042,MorningMelt Cinnamon Oats Sachets 10x35g,MorningMelt,MorningMelt Cinnamon Oats Sachets 10x35g,Cereals,Hot Cereals,6795.0300000000000,6104.6700000000000,138,131,0,0,0,49.87,49.99
310033,Pick n Pay Tzaneen,Inland North Division,Limpopo & Mpumalanga Region,Pick n Pay,6001007001059,SavannaSip Pure Rooibos Tea 80s,SavannaSip,SavannaSip Pure Rooibos Tea 80s,Beverages,Tea,8942.6700000000000,9030.7000000000007,135,141,0,1,0,65.19,64.99
310033,Pick n Pay Tzaneen,Inland North Division,Limpopo & Mpumalanga Region,Pick n Pay,6001007001066,SavannaSip Lemon Iced Tea 1.5L,SavannaSip,SavannaSip Lemon Iced Tea 1.5L,Beverages,Ready-to-Drink,7783.5000000000000,6256.7100000000000,315,266,0,0,0,25.01,24.99
310033,Pick n Pay Tzaneen,Inland North Division,Limpopo & Mpumalanga Region,Pick n Pay,6001007001073,CraveCraft Salted Maize Bites 125g,CraveCraft,CraveCraft Salted Maize Bites 125g,Snacks,Savoury Snacks,5817.2100000000000,5708.7400000000000,316,321,0,0,1,21.03,18.99
310033,Pick n Pay Tzaneen,Inland North Division,Limpopo & Mpumalanga Region,Pick n Pay,6001007001080,CraveCraft Chutney Maize Bites 125g,CraveCraft,CraveCraft Chutney Maize Bites 125g,Snacks,Savoury Snacks,4575.0800000000000,4303.8300000000000,233,230,0,0,0,18.82,18.99
310033,Pick n Pay Tzaneen,Inland North Division,Limpopo & Mpumalanga Region,Pick n Pay,6001007001097,CraveCraft Cheese Corn Puffs 100g,CraveCraft,CraveCraft Cheese Corn Puffs 100g,Snacks,Savoury Snacks,4609.8500000000004,4344.7200000000000,253,251,0,0,0,18.23,17.99
310033,Pick n Pay Tzaneen,Inland North Division,Limpopo & Mpumalanga Region,Pick n Pay,6001007001103,HomeHarvest Tomato & Herb Soup 500ml,HomeHarvest,HomeHarvest Tomato & Herb Soup 500ml,Convenience Foods,Soups,4633.8100000000004,4099.1800000000000,135,126,0,0,0,35.55,34.99
310033,Pick n Pay Tzaneen,Inland North Division,Limpopo & Mpumalanga Region,Pick n Pay,6001007001110,HomeHarvest Beef Stew Mix 200g,HomeHarvest,HomeHarvest Beef Stew Mix 200g,Convenience Foods,Meal Solutions,3394.3500000000000,2881.6400000000000,115,103,0,0,0,29.95,29.99
310033,Pick n Pay Tzaneen,Inland North Division,Limpopo & Mpumalanga Region,Pick n Pay,6001007001127,HomeHarvest Chicken Curry Meal Base 200g,HomeHarvest,HomeHarvest Chicken Curry Meal Base 200g,Convenience Foods,Meal Solutions,4986.8900000000003,4184.8999999999996,152,134,0,0,0,31.87,31.99
310034,Pick n Pay Middelburg,Inland North Division,Limpopo & Mpumalanga Region,Pick n Pay,6001007001011,SunTrail Original Crunch Cereal 500g,SunTrail,SunTrail Original Crunch Cereal 500g,Cereals,Ready-to-Eat Cereal,5759.5000000000000,5422.1700000000000,105,104,0,0,0,54.31,54.99
310034,Pick n Pay Middelburg,Inland North Division,Limpopo & Mpumalanga Region,Pick n Pay,6001007001028,SunTrail Honey Rings Cereal 450g,SunTrail,SunTrail Honey Rings Cereal 450g,Cereals,Ready-to-Eat Cereal,8164.5500000000000,7725.3500000000000,134,133,0,0,0,61.86,59.99
310034,Pick n Pay Middelburg,Inland North Division,Limpopo & Mpumalanga Region,Pick n Pay,6001007001035,MorningMelt Creamy Instant Oats 500g,MorningMelt,MorningMelt Creamy Instant Oats 500g,Cereals,Hot Cereals,5716.9800000000000,4931.3400000000000,126,114,0,0,0,46.34,44.99
310034,Pick n Pay Middelburg,Inland North Division,Limpopo & Mpumalanga Region,Pick n Pay,6001007001042,MorningMelt Cinnamon Oats Sachets 10x35g,MorningMelt,MorningMelt Cinnamon Oats Sachets 10x35g,Cereals,Hot Cereals,3679.2400000000000,3414.7400000000000,72,70,0,0,0,51.39,49.99
310034,Pick n Pay Middelburg,Inland North Division,Limpopo & Mpumalanga Region,Pick n Pay,6001007001059,SavannaSip Pure Rooibos Tea 80s,SavannaSip,SavannaSip Pure Rooibos Tea 80s,Beverages,Tea,6703.8100000000000,5774.6900000000000,102,92,0,0,0,64.01,64.99
310034,Pick n Pay Middelburg,Inland North Division,Limpopo & Mpumalanga Region,Pick n Pay,6001007001066,SavannaSip Lemon Iced Tea 1.5L,SavannaSip,SavannaSip Lemon Iced Tea 1.5L,Beverages,Ready-to-Drink,5086.8500000000004,4256.7299999999996,210,185,0,0,0,25.14,24.99
310034,Pick n Pay Middelburg,Inland North Division,Limpopo & Mpumalanga Region,Pick n Pay,6001007001073,CraveCraft Salted Maize Bites 125g,CraveCraft,CraveCraft Salted Maize Bites 125g,Snacks,Savoury Snacks,3634.7700000000000,3295.3500000000000,195,185,0,0,0,18.56,18.99
310034,Pick n Pay Middelburg,Inland North Division,Limpopo & Mpumalanga Region,Pick n Pay,6001007001080,CraveCraft Chutney Maize Bites 125g,CraveCraft,CraveCraft Chutney Maize Bites 125g,Snacks,Savoury Snacks,3093.7900000000000,2851.8800000000000,171,163,0,0,0,19.52,18.99
310034,Pick n Pay Middelburg,Inland North Division,Limpopo & Mpumalanga Region,Pick n Pay,6001007001097,CraveCraft Cheese Corn Puffs 100g,CraveCraft,CraveCraft Cheese Corn Puffs 100g,Snacks,Savoury Snacks,2808.1200000000000,2530.7100000000000,158,149,0,0,0,18.46,17.99
310034,Pick n Pay Middelburg,Inland North Division,Limpopo & Mpumalanga Region,Pick n Pay,6001007001103,HomeHarvest Tomato & Herb Soup 500ml,HomeHarvest,HomeHarvest Tomato & Herb Soup 500ml,Convenience Foods,Soups,3490.5600000000000,2953.9100000000000,104,92,0,0,0,34.18,34.99
310034,Pick n Pay Middelburg,Inland North Division,Limpopo & Mpumalanga Region,Pick n Pay,6001007001110,HomeHarvest Beef Stew Mix 200g,HomeHarvest,HomeHarvest Beef Stew Mix 200g,Convenience Foods,Meal Solutions,2584.6500000000000,2217.6999999999998,89,80,0,0,0,29.24,29.99
310034,Pick n Pay Middelburg,Inland North Division,Limpopo & Mpumalanga Region,Pick n Pay,6001007001127,HomeHarvest Chicken Curry Meal Base 200g,HomeHarvest,HomeHarvest Chicken Curry Meal Base 200g,Convenience Foods,Meal Solutions,2849.8500000000000,2515.8600000000000,92,84,0,0,0,32.43,31.99
310035,Pick n Pay Hyper Secunda,Inland North Division,Limpopo & Mpumalanga Region,Pick n Pay,6001007001011,SunTrail Original Crunch Cereal 500g,SunTrail,SunTrail Original Crunch Cereal 500g,Cereals,Ready-to-Eat Cereal,9266.7900000000009,8007.8400000000000,167,152,0,0,0,56.17,54.99
310035,Pick n Pay Hyper Secunda,Inland North Division,Limpopo & Mpumalanga Region,Pick n Pay,6001007001028,SunTrail Honey Rings Cereal 450g,SunTrail,SunTrail Honey Rings Cereal 450g,Cereals,Ready-to-Eat Cereal,8907.5000000000000,7910.2700000000000,150,138,0,0,0,58.81,59.99
310035,Pick n Pay Hyper Secunda,Inland North Division,Limpopo & Mpumalanga Region,Pick n Pay,6001007001035,MorningMelt Creamy Instant Oats 500g,MorningMelt,MorningMelt Creamy Instant Oats 500g,Cereals,Hot Cereals,5748.3000000000000,5142.6499999999996,126,118,0,0,0,43.72,44.99
310035,Pick n Pay Hyper Secunda,Inland North Division,Limpopo & Mpumalanga Region,Pick n Pay,6001007001042,MorningMelt Cinnamon Oats Sachets 10x35g,MorningMelt,MorningMelt Cinnamon Oats Sachets 10x35g,Cereals,Hot Cereals,5541.8800000000000,4976.1899999999996,113,107,0,0,0,50.21,49.99
310035,Pick n Pay Hyper Secunda,Inland North Division,Limpopo & Mpumalanga Region,Pick n Pay,6001007001059,SavannaSip Pure Rooibos Tea 80s,SavannaSip,SavannaSip Pure Rooibos Tea 80s,Beverages,Tea,13049.4000000000000,10411.7300000000000,195,162,0,0,0,64.67,64.99
310035,Pick n Pay Hyper Secunda,Inland North Division,Limpopo & Mpumalanga Region,Pick n Pay,6001007001066,SavannaSip Lemon Iced Tea 1.5L,SavannaSip,SavannaSip Lemon Iced Tea 1.5L,Beverages,Ready-to-Drink,5970.7400000000000,4981.9700000000000,235,204,0,0,0,24.48,24.99
310035,Pick n Pay Hyper Secunda,Inland North Division,Limpopo & Mpumalanga Region,Pick n Pay,6001007001073,CraveCraft Salted Maize Bites 125g,CraveCraft,CraveCraft Salted Maize Bites 125g,Snacks,Savoury Snacks,5369.5800000000000,5027.3000000000000,283,280,0,0,0,19.55,18.99
310035,Pick n Pay Hyper Secunda,Inland North Division,Limpopo & Mpumalanga Region,Pick n Pay,6001007001080,CraveCraft Chutney Maize Bites 125g,CraveCraft,CraveCraft Chutney Maize Bites 125g,Snacks,Savoury Snacks,4358.8599999999997,4120.9399999999996,241,236,0,0,1,21.18,18.99
310035,Pick n Pay Hyper Secunda,Inland North Division,Limpopo & Mpumalanga Region,Pick n Pay,6001007001097,CraveCraft Cheese Corn Puffs 100g,CraveCraft,CraveCraft Cheese Corn Puffs 100g,Snacks,Savoury Snacks,3684.6800000000000,3342.1700000000000,211,201,0,0,0,18.16,17.99
310035,Pick n Pay Hyper Secunda,Inland North Division,Limpopo & Mpumalanga Region,Pick n Pay,6001007001103,HomeHarvest Tomato & Herb Soup 500ml,HomeHarvest,HomeHarvest Tomato & Herb Soup 500ml,Convenience Foods,Soups,4926.9200000000000,4263.5800000000000,140,128,0,0,0,35.5,34.99
310035,Pick n Pay Hyper Secunda,Inland North Division,Limpopo & Mpumalanga Region,Pick n Pay,6001007001110,HomeHarvest Beef Stew Mix 200g,HomeHarvest,HomeHarvest Beef Stew Mix 200g,Convenience Foods,Meal Solutions,3504.6600000000000,3037.0300000000000,118,106,0,0,0,30.69,29.99
310035,Pick n Pay Hyper Secunda,Inland North Division,Limpopo & Mpumalanga Region,Pick n Pay,6001007001127,HomeHarvest Chicken Curry Meal Base 200g,HomeHarvest,HomeHarvest Chicken Curry Meal Base 200g,Convenience Foods,Meal Solutions,2507.6799999999998,3002.9900000000000,80,100,1,0,0,32.61,31.99
310036,Pick n Pay Bloemfontein,Inland South Division,Free State & Northern Cape Region,Pick n Pay,6001007001011,SunTrail Original Crunch Cereal 500g,SunTrail,SunTrail Original Crunch Cereal 500g,Cereals,Ready-to-Eat Cereal,9513.2700000000000,8823.4599999999991,175,170,0,0,0,54.36,54.99
310036,Pick n Pay Bloemfontein,Inland South Division,Free State & Northern Cape Region,Pick n Pay,6001007001028,SunTrail Honey Rings Cereal 450g,SunTrail,SunTrail Honey Rings Cereal 450g,Cereals,Ready-to-Eat Cereal,7059.7400000000000,6303.6600000000000,122,114,0,0,0,58.4,59.99
310036,Pick n Pay Bloemfontein,Inland South Division,Free State & Northern Cape Region,Pick n Pay,6001007001035,MorningMelt Creamy Instant Oats 500g,MorningMelt,MorningMelt Creamy Instant Oats 500g,Cereals,Hot Cereals,5899.5400000000000,5479.8500000000000,138,133,0,0,0,44.09,44.99
310036,Pick n Pay Bloemfontein,Inland South Division,Free State & Northern Cape Region,Pick n Pay,6001007001042,MorningMelt Cinnamon Oats Sachets 10x35g,MorningMelt,MorningMelt Cinnamon Oats Sachets 10x35g,Cereals,Hot Cereals,4905.5900000000000,4504.9399999999996,102,97,0,0,0,51.64,49.99
310036,Pick n Pay Bloemfontein,Inland South Division,Free State & Northern Cape Region,Pick n Pay,6001007001059,SavannaSip Pure Rooibos Tea 80s,SavannaSip,SavannaSip Pure Rooibos Tea 80s,Beverages,Tea,10201.9100000000000,8579.5400000000009,165,145,0,0,0,66.08,64.99
310036,Pick n Pay Bloemfontein,Inland South Division,Free State & Northern Cape Region,Pick n Pay,6001007001066,SavannaSip Lemon Iced Tea 1.5L,SavannaSip,SavannaSip Lemon Iced Tea 1.5L,Beverages,Ready-to-Drink,4960.6600000000000,3925.8200000000000,202,166,0,0,0,24.75,24.99
310036,Pick n Pay Bloemfontein,Inland South Division,Free State & Northern Cape Region,Pick n Pay,6001007001073,CraveCraft Salted Maize Bites 125g,CraveCraft,CraveCraft Salted Maize Bites 125g,Snacks,Savoury Snacks,5617.4000000000000,5142.1899999999996,304,289,0,0,0,19.01,18.99
310036,Pick n Pay Bloemfontein,Inland South Division,Free State & Northern Cape Region,Pick n Pay,6001007001080,CraveCraft Chutney Maize Bites 125g,CraveCraft,CraveCraft Chutney Maize Bites 125g,Snacks,Savoury Snacks,3931.8500000000000,3637.0900000000000,208,200,0,0,0,18.9,18.99
310036,Pick n Pay Bloemfontein,Inland South Division,Free State & Northern Cape Region,Pick n Pay,6001007001097,CraveCraft Cheese Corn Puffs 100g,CraveCraft,CraveCraft Cheese Corn Puffs 100g,Snacks,Savoury Snacks,4112.3100000000004,3503.2900000000000,229,206,0,0,0,17.61,17.99
310036,Pick n Pay Bloemfontein,Inland South Division,Free State & Northern Cape Region,Pick n Pay,6001007001103,HomeHarvest Tomato & Herb Soup 500ml,HomeHarvest,HomeHarvest Tomato & Herb Soup 500ml,Convenience Foods,Soups,3957.1200000000000,3343.3100000000000,120,105,0,0,0,34.15,34.99
310036,Pick n Pay Bloemfontein,Inland South Division,Free State & Northern Cape Region,Pick n Pay,6001007001110,HomeHarvest Beef Stew Mix 200g,HomeHarvest,HomeHarvest Beef Stew Mix 200g,Convenience Foods,Meal Solutions,3421.9900000000000,2852.3400000000000,115,100,0,0,0,30.34,29.99
310036,Pick n Pay Bloemfontein,Inland South Division,Free State & Northern Cape Region,Pick n Pay,6001007001127,HomeHarvest Chicken Curry Meal Base 200g,HomeHarvest,HomeHarvest Chicken Curry Meal Base 200g,Convenience Foods,Meal Solutions,3436.3400000000000,3350.7900000000000,112,114,0,0,1,36.33,31.99
310037,Pick n Pay Welkom,Inland South Division,Free State & Northern Cape Region,Pick n Pay,6001007001011,SunTrail Original Crunch Cereal 500g,SunTrail,SunTrail Original Crunch Cereal 500g,Cereals,Ready-to-Eat Cereal,9231.7600000000000,7796.2600000000000,173,154,0,0,0,53.76,54.99
310037,Pick n Pay Welkom,Inland South Division,Free State & Northern Cape Region,Pick n Pay,6001007001028,SunTrail Honey Rings Cereal 450g,SunTrail,SunTrail Honey Rings Cereal 450g,Cereals,Ready-to-Eat Cereal,7546.9100000000000,6569.7100000000000,133,120,0,0,0,58.41,59.99
310037,Pick n Pay Welkom,Inland South Division,Free State & Northern Cape Region,Pick n Pay,6001007001035,MorningMelt Creamy Instant Oats 500g,MorningMelt,MorningMelt Creamy Instant Oats 500g,Cereals,Hot Cereals,6584.5700000000000,6059.1300000000000,144,138,0,0,0,46.92,44.99
310037,Pick n Pay Welkom,Inland South Division,Free State & Northern Cape Region,Pick n Pay,6001007001042,MorningMelt Cinnamon Oats Sachets 10x35g,MorningMelt,MorningMelt Cinnamon Oats Sachets 10x35g,Cereals,Hot Cereals,3740.6900000000000,4176.7200000000000,78,91,0,1,0,50.5,49.99
310037,Pick n Pay Welkom,Inland South Division,Free State & Northern Cape Region,Pick n Pay,6001007001059,SavannaSip Pure Rooibos Tea 80s,SavannaSip,SavannaSip Pure Rooibos Tea 80s,Beverages,Tea,13337.1900000000000,10540.9000000000000,207,169,0,0,0,65.68,64.99
310037,Pick n Pay Welkom,Inland South Division,Free State & Northern Cape Region,Pick n Pay,6001007001066,SavannaSip Lemon Iced Tea 1.5L,SavannaSip,SavannaSip Lemon Iced Tea 1.5L,Beverages,Ready-to-Drink,5441.4800000000000,4559.5400000000000,220,193,0,0,0,25.84,24.99
310037,Pick n Pay Welkom,Inland South Division,Free State & Northern Cape Region,Pick n Pay,6001007001073,CraveCraft Salted Maize Bites 125g,CraveCraft,CraveCraft Salted Maize Bites 125g,Snacks,Savoury Snacks,5172.8700000000000,4577.9500000000000,272,251,0,0,0,19.37,18.99
310037,Pick n Pay Welkom,Inland South Division,Free State & Northern Cape Region,Pick n Pay,6001007001080,CraveCraft Chutney Maize Bites 125g,CraveCraft,CraveCraft Chutney Maize Bites 125g,Snacks,Savoury Snacks,5243.3800000000000,4684.3999999999996,277,259,0,0,0,18.53,18.99
310037,Pick n Pay Welkom,Inland South Division,Free State & Northern Cape Region,Pick n Pay,6001007001097,CraveCraft Cheese Corn Puffs 100g,CraveCraft,CraveCraft Cheese Corn Puffs 100g,Snacks,Savoury Snacks,4357.1000000000004,3943.5000000000000,240,229,0,0,0,18.77,17.99
310037,Pick n Pay Welkom,Inland South Division,Free State & Northern Cape Region,Pick n Pay,6001007001103,HomeHarvest Tomato & Herb Soup 500ml,HomeHarvest,HomeHarvest Tomato & Herb Soup 500ml,Convenience Foods,Soups,2666.7100000000000,3146.9300000000000,79,98,1,0,0,35.76,34.99
310037,Pick n Pay Welkom,Inland South Division,Free State & Northern Cape Region,Pick n Pay,6001007001110,HomeHarvest Beef Stew Mix 200g,HomeHarvest,HomeHarvest Beef Stew Mix 200g,Convenience Foods,Meal Solutions,1810.0500000000000,2291.9100000000000,60,80,1,0,0,29.8,29.99
310037,Pick n Pay Welkom,Inland South Division,Free State & Northern Cape Region,Pick n Pay,6001007001127,HomeHarvest Chicken Curry Meal Base 200g,HomeHarvest,HomeHarvest Chicken Curry Meal Base 200g,Convenience Foods,Meal Solutions,2698.6200000000000,2314.5400000000000,88,78,0,0,0,31.48,31.99
310038,Pick n Pay Kimberley,Inland South Division,Free State & Northern Cape Region,Pick n Pay,6001007001011,SunTrail Original Crunch Cereal 500g,SunTrail,SunTrail Original Crunch Cereal 500g,Cereals,Ready-to-Eat Cereal,8485.8400000000000,7513.8300000000000,156,145,0,0,0,53.62,54.99
310038,Pick n Pay Kimberley,Inland South Division,Free State & Northern Cape Region,Pick n Pay,6001007001028,SunTrail Honey Rings Cereal 450g,SunTrail,SunTrail Honey Rings Cereal 450g,Cereals,Ready-to-Eat Cereal,6628.5000000000000,6158.5500000000000,110,108,0,0,0,61.68,59.99
310038,Pick n Pay Kimberley,Inland South Division,Free State & Northern Cape Region,Pick n Pay,6001007001035,MorningMelt Creamy Instant Oats 500g,MorningMelt,MorningMelt Creamy Instant Oats 500g,Cereals,Hot Cereals,6489.1500000000000,5615.4700000000000,146,132,0,0,0,46.77,44.99
310038,Pick n Pay Kimberley,Inland South Division,Free State & Northern Cape Region,Pick n Pay,6001007001042,MorningMelt Cinnamon Oats Sachets 10x35g,MorningMelt,MorningMelt Cinnamon Oats Sachets 10x35g,Cereals,Hot Cereals,6005.2100000000000,5508.9800000000000,120,115,0,0,0,50.34,49.99
310038,Pick n Pay Kimberley,Inland South Division,Free State & Northern Cape Region,Pick n Pay,6001007001059,SavannaSip Pure Rooibos Tea 80s,SavannaSip,SavannaSip Pure Rooibos Tea 80s,Beverages,Tea,9324.6700000000000,7239.7900000000000,139,114,0,0,0,63.88,64.99
310038,Pick n Pay Kimberley,Inland South Division,Free State & Northern Cape Region,Pick n Pay,6001007001066,SavannaSip Lemon Iced Tea 1.5L,SavannaSip,SavannaSip Lemon Iced Tea 1.5L,Beverages,Ready-to-Drink,6175.9000000000000,5219.0500000000000,248,219,0,0,0,25.3,24.99
310038,Pick n Pay Kimberley,Inland South Division,Free State & Northern Cape Region,Pick n Pay,6001007001073,CraveCraft Salted Maize Bites 125g,CraveCraft,CraveCraft Salted Maize Bites 125g,Snacks,Savoury Snacks,5459.3200000000000,5057.3000000000000,281,274,0,0,0,18.67,18.99
310038,Pick n Pay Kimberley,Inland South Division,Free State & Northern Cape Region,Pick n Pay,6001007001080,CraveCraft Chutney Maize Bites 125g,CraveCraft,CraveCraft Chutney Maize Bites 125g,Snacks,Savoury Snacks,4613.2200000000000,4304.9900000000000,247,240,0,0,0,18.72,18.99
310038,Pick n Pay Kimberley,Inland South Division,Free State & Northern Cape Region,Pick n Pay,6001007001097,CraveCraft Cheese Corn Puffs 100g,CraveCraft,CraveCraft Cheese Corn Puffs 100g,Snacks,Savoury Snacks,4683.0400000000000,4265.5800000000000,262,249,0,0,0,17.73,17.99
310038,Pick n Pay Kimberley,Inland South Division,Free State & Northern Cape Region,Pick n Pay,6001007001103,HomeHarvest Tomato & Herb Soup 500ml,HomeHarvest,HomeHarvest Tomato & Herb Soup 500ml,Convenience Foods,Soups,4578.0300000000000,3918.7800000000000,132,118,0,0,0,35.15,34.99
310038,Pick n Pay Kimberley,Inland South Division,Free State & Northern Cape Region,Pick n Pay,6001007001110,HomeHarvest Beef Stew Mix 200g,HomeHarvest,HomeHarvest Beef Stew Mix 200g,Convenience Foods,Meal Solutions,3636.4900000000000,3115.2800000000000,121,109,0,0,0,29.69,29.99
310038,Pick n Pay Kimberley,Inland South Division,Free State & Northern Cape Region,Pick n Pay,6001007001127,HomeHarvest Chicken Curry Meal Base 200g,HomeHarvest,HomeHarvest Chicken Curry Meal Base 200g,Convenience Foods,Meal Solutions,3582.4800000000000,3062.1400000000000,117,104,0,0,0,33.36,31.99
310039,Pick n Pay Upington,Inland South Division,Free State & Northern Cape Region,Pick n Pay,6001007001011,SunTrail Original Crunch Cereal 500g,SunTrail,SunTrail Original Crunch Cereal 500g,Cereals,Ready-to-Eat Cereal,9442.7700000000000,8382.0000000000000,175,161,0,0,0,56.88,54.99
310039,Pick n Pay Upington,Inland South Division,Free State & Northern Cape Region,Pick n Pay,6001007001028,SunTrail Honey Rings Cereal 450g,SunTrail,SunTrail Honey Rings Cereal 450g,Cereals,Ready-to-Eat Cereal,9297.7800000000007,8476.2600000000000,161,155,0,0,0,61.88,59.99
310039,Pick n Pay Upington,Inland South Division,Free State & Northern Cape Region,Pick n Pay,6001007001035,MorningMelt Creamy Instant Oats 500g,MorningMelt,MorningMelt Creamy Instant Oats 500g,Cereals,Hot Cereals,6001.7000000000000,5305.7500000000000,139,127,0,0,0,46.5,44.99
310039,Pick n Pay Upington,Inland South Division,Free State & Northern Cape Region,Pick n Pay,6001007001042,MorningMelt Cinnamon Oats Sachets 10x35g,MorningMelt,MorningMelt Cinnamon Oats Sachets 10x35g,Cereals,Hot Cereals,5975.7400000000000,5156.1300000000000,125,112,0,0,0,49.79,49.99
310039,Pick n Pay Upington,Inland South Division,Free State & Northern Cape Region,Pick n Pay,6001007001059,SavannaSip Pure Rooibos Tea 80s,SavannaSip,SavannaSip Pure Rooibos Tea 80s,Beverages,Tea,10472.8799999999990,8621.1299999999992,166,144,0,0,0,64.25,64.99
310039,Pick n Pay Upington,Inland South Division,Free State & Northern Cape Region,Pick n Pay,6001007001066,SavannaSip Lemon Iced Tea 1.5L,SavannaSip,SavannaSip Lemon Iced Tea 1.5L,Beverages,Ready-to-Drink,4688.2299999999996,4198.4500000000000,185,172,0,0,1,28.38,24.99
310039,Pick n Pay Upington,Inland South Division,Free State & Northern Cape Region,Pick n Pay,6001007001073,CraveCraft Salted Maize Bites 125g,CraveCraft,CraveCraft Salted Maize Bites 125g,Snacks,Savoury Snacks,5301.8500000000000,4726.1600000000000,270,254,0,0,0,18.47,18.99
310039,Pick n Pay Upington,Inland South Division,Free State & Northern Cape Region,Pick n Pay,6001007001080,CraveCraft Chutney Maize Bites 125g,CraveCraft,CraveCraft Chutney Maize Bites 125g,Snacks,Savoury Snacks,5060.9399999999996,4515.4100000000000,261,242,0,0,0,19.67,18.99
310039,Pick n Pay Upington,Inland South Division,Free State & Northern Cape Region,Pick n Pay,6001007001097,CraveCraft Cheese Corn Puffs 100g,CraveCraft,CraveCraft Cheese Corn Puffs 100g,Snacks,Savoury Snacks,5060.9300000000000,4598.2700000000004,284,267,0,0,0,18.75,17.99
310039,Pick n Pay Upington,Inland South Division,Free State & Northern Cape Region,Pick n Pay,6001007001103,HomeHarvest Tomato & Herb Soup 500ml,HomeHarvest,HomeHarvest Tomato & Herb Soup 500ml,Convenience Foods,Soups,5475.4600000000000,4812.2299999999996,155,143,0,0,0,34.18,34.99
310039,Pick n Pay Upington,Inland South Division,Free State & Northern Cape Region,Pick n Pay,6001007001110,HomeHarvest Beef Stew Mix 200g,HomeHarvest,HomeHarvest Beef Stew Mix 200g,Convenience Foods,Meal Solutions,3787.6200000000000,3470.4200000000000,122,117,0,0,1,32.79,29.99
310039,Pick n Pay Upington,Inland South Division,Free State & Northern Cape Region,Pick n Pay,6001007001127,HomeHarvest Chicken Curry Meal Base 200g,HomeHarvest,HomeHarvest Chicken Curry Meal Base 200g,Convenience Foods,Meal Solutions,4390.1300000000000,3553.2900000000000,133,113,0,0,0,31.13,31.99
310040,Pick n Pay Hyper Bethlehem,Inland South Division,Free State & Northern Cape Region,Pick n Pay,6001007001011,SunTrail Original Crunch Cereal 500g,SunTrail,SunTrail Original Crunch Cereal 500g,Cereals,Ready-to-Eat Cereal,6260.5300000000000,5571.0200000000000,115,108,0,0,0,53.49,54.99
310040,Pick n Pay Hyper Bethlehem,Inland South Division,Free State & Northern Cape Region,Pick n Pay,6001007001028,SunTrail Honey Rings Cereal 450g,SunTrail,SunTrail Honey Rings Cereal 450g,Cereals,Ready-to-Eat Cereal,5682.0400000000000,5825.4200000000000,99,105,0,0,1,66.05,59.99
310040,Pick n Pay Hyper Bethlehem,Inland South Division,Free State & Northern Cape Region,Pick n Pay,6001007001035,MorningMelt Creamy Instant Oats 500g,MorningMelt,MorningMelt Creamy Instant Oats 500g,Cereals,Hot Cereals,6212.6400000000000,5354.9200000000000,137,124,0,0,0,46.68,44.99
310040,Pick n Pay Hyper Bethlehem,Inland South Division,Free State & Northern Cape Region,Pick n Pay,6001007001042,MorningMelt Cinnamon Oats Sachets 10x35g,MorningMelt,MorningMelt Cinnamon Oats Sachets 10x35g,Cereals,Hot Cereals,5813.3300000000000,5044.5900000000000,117,105,0,0,0,49.56,49.99
310040,Pick n Pay Hyper Bethlehem,Inland South Division,Free State & Northern Cape Region,Pick n Pay,6001007001059,SavannaSip Pure Rooibos Tea 80s,SavannaSip,SavannaSip Pure Rooibos Tea 80s,Beverages,Tea,9229.4800000000000,7575.4200000000000,144,123,0,0,0,67.74,64.99
310040,Pick n Pay Hyper Bethlehem,Inland South Division,Free State & Northern Cape Region,Pick n Pay,6001007001066,SavannaSip Lemon Iced Tea 1.5L,SavannaSip,SavannaSip Lemon Iced Tea 1.5L,Beverages,Ready-to-Drink,5085.6899999999996,4301.8800000000000,212,186,0,0,0,24.75,24.99
310040,Pick n Pay Hyper Bethlehem,Inland South Division,Free State & Northern Cape Region,Pick n Pay,6001007001073,CraveCraft Salted Maize Bites 125g,CraveCraft,CraveCraft Salted Maize Bites 125g,Snacks,Savoury Snacks,2162.2800000000002,2911.1200000000000,117,164,1,0,0,18.73,18.99
310040,Pick n Pay Hyper Bethlehem,Inland South Division,Free State & Northern Cape Region,Pick n Pay,6001007001080,CraveCraft Chutney Maize Bites 125g,CraveCraft,CraveCraft Chutney Maize Bites 125g,Snacks,Savoury Snacks,5042.7700000000004,4371.3500000000004,260,236,0,0,0,18.73,18.99
310040,Pick n Pay Hyper Bethlehem,Inland South Division,Free State & Northern Cape Region,Pick n Pay,6001007001097,CraveCraft Cheese Corn Puffs 100g,CraveCraft,CraveCraft Cheese Corn Puffs 100g,Snacks,Savoury Snacks,3039.0400000000000,3851.9700000000000,164,217,1,0,0,18.45,17.99
310040,Pick n Pay Hyper Bethlehem,Inland South Division,Free State & Northern Cape Region,Pick n Pay,6001007001103,HomeHarvest Tomato & Herb Soup 500ml,HomeHarvest,HomeHarvest Tomato & Herb Soup 500ml,Convenience Foods,Soups,4489.5000000000000,3836.9800000000000,132,117,0,0,0,33.97,34.99
310040,Pick n Pay Hyper Bethlehem,Inland South Division,Free State & Northern Cape Region,Pick n Pay,6001007001110,HomeHarvest Beef Stew Mix 200g,HomeHarvest,HomeHarvest Beef Stew Mix 200g,Convenience Foods,Meal Solutions,2127.3700000000000,1875.8600000000000,71,66,0,0,1,33.63,29.99
310040,Pick n Pay Hyper Bethlehem,Inland South Division,Free State & Northern Cape Region,Pick n Pay,6001007001127,HomeHarvest Chicken Curry Meal Base 200g,HomeHarvest,HomeHarvest Chicken Curry Meal Base 200g,Convenience Foods,Meal Solutions,3508.2300000000000,2993.5800000000000,112,100,0,0,0,33.1,31.99
420001,Makro Menlyn,Inland North Division,Gauteng North Region,Makro,6001007001011,SunTrail Original Crunch Cereal 500g,SunTrail,SunTrail Original Crunch Cereal 500g,Cereals,Ready-to-Eat Cereal,12407.7600000000000,11069.9700000000000,215,220,0,0,1,60.89,54.99
420001,Makro Menlyn,Inland North Division,Gauteng North Region,Makro,6001007001028,SunTrail Honey Rings Cereal 450g,SunTrail,SunTrail Honey Rings Cereal 450g,Cereals,Ready-to-Eat Cereal,11597.8300000000000,9682.6100000000000,179,171,0,0,0,61.26,59.99
420001,Makro Menlyn,Inland North Division,Gauteng North Region,Makro,6001007001035,MorningMelt Creamy Instant Oats 500g,MorningMelt,MorningMelt Creamy Instant Oats 500g,Cereals,Hot Cereals,6874.2500000000000,5740.8800000000000,138,133,0,0,0,44.55,44.99
420001,Makro Menlyn,Inland North Division,Gauteng North Region,Makro,6001007001042,MorningMelt Cinnamon Oats Sachets 10x35g,MorningMelt,MorningMelt Cinnamon Oats Sachets 10x35g,Cereals,Hot Cereals,6256.7900000000000,5369.1400000000000,111,110,0,0,0,50.37,49.99
420001,Makro Menlyn,Inland North Division,Gauteng North Region,Makro,6001007001059,SavannaSip Pure Rooibos Tea 80s,SavannaSip,SavannaSip Pure Rooibos Tea 80s,Beverages,Tea,15049.7800000000000,11376.0600000000000,216,188,0,0,0,67.53,64.99
420001,Makro Menlyn,Inland North Division,Gauteng North Region,Makro,6001007001066,SavannaSip Lemon Iced Tea 1.5L,SavannaSip,SavannaSip Lemon Iced Tea 1.5L,Beverages,Ready-to-Drink,6717.2100000000000,5357.9700000000000,241,221,0,0,0,26.05,24.99
420001,Makro Menlyn,Inland North Division,Gauteng North Region,Makro,6001007001073,CraveCraft Salted Maize Bites 125g,CraveCraft,CraveCraft Salted Maize Bites 125g,Snacks,Savoury Snacks,5087.3999999999996,4450.3300000000000,239,238,0,0,1,21.42,18.99
420001,Makro Menlyn,Inland North Division,Gauteng North Region,Makro,6001007001080,CraveCraft Chutney Maize Bites 125g,CraveCraft,CraveCraft Chutney Maize Bites 125g,Snacks,Savoury Snacks,4930.1700000000000,4713.6099999999997,228,251,0,0,0,19.35,18.99
420001,Makro Menlyn,Inland North Division,Gauteng North Region,Makro,6001007001097,CraveCraft Cheese Corn Puffs 100g,CraveCraft,CraveCraft Cheese Corn Puffs 100g,Snacks,Savoury Snacks,6649.7500000000000,5365.4000000000000,328,303,0,0,0,18.7,17.99
420001,Makro Menlyn,Inland North Division,Gauteng North Region,Makro,6001007001103,HomeHarvest Tomato & Herb Soup 500ml,HomeHarvest,HomeHarvest Tomato & Herb Soup 500ml,Convenience Foods,Soups,5892.3100000000000,5309.3000000000000,155,160,0,0,1,38.23,34.99
420001,Makro Menlyn,Inland North Division,Gauteng North Region,Makro,6001007001110,HomeHarvest Beef Stew Mix 200g,HomeHarvest,HomeHarvest Beef Stew Mix 200g,Convenience Foods,Meal Solutions,3968.6900000000000,3242.9400000000000,122,114,0,0,0,31.29,29.99
420001,Makro Menlyn,Inland North Division,Gauteng North Region,Makro,6001007001127,HomeHarvest Chicken Curry Meal Base 200g,HomeHarvest,HomeHarvest Chicken Curry Meal Base 200g,Convenience Foods,Meal Solutions,4562.3700000000000,3860.7600000000000,128,123,0,0,1,35.21,31.99
420002,Makro Montana,Inland North Division,Gauteng North Region,Makro,6001007001011,SunTrail Original Crunch Cereal 500g,SunTrail,SunTrail Original Crunch Cereal 500g,Cereals,Ready-to-Eat Cereal,9308.2500000000000,7972.9700000000000,157,155,0,0,0,53.38,54.99
420002,Makro Montana,Inland North Division,Gauteng North Region,Makro,6001007001028,SunTrail Honey Rings Cereal 450g,SunTrail,SunTrail Honey Rings Cereal 450g,Cereals,Ready-to-Eat Cereal,7953.9100000000000,8075.5300000000000,125,146,0,1,0,59.13,59.99
420002,Makro Montana,Inland North Division,Gauteng North Region,Makro,6001007001035,MorningMelt Creamy Instant Oats 500g,MorningMelt,MorningMelt Creamy Instant Oats 500g,Cereals,Hot Cereals,5794.6200000000000,4798.1600000000000,121,115,0,0,0,45.46,44.99
420002,Makro Montana,Inland North Division,Gauteng North Region,Makro,6001007001042,MorningMelt Cinnamon Oats Sachets 10x35g,MorningMelt,MorningMelt Cinnamon Oats Sachets 10x35g,Cereals,Hot Cereals,5010.5200000000004,5610.2100000000000,95,123,0,1,0,52.12,49.99
420002,Makro Montana,Inland North Division,Gauteng North Region,Makro,6001007001059,SavannaSip Pure Rooibos Tea 80s,SavannaSip,SavannaSip Pure Rooibos Tea 80s,Beverages,Tea,12914.9400000000000,9509.7800000000007,182,153,0,0,0,67.59,64.99
420002,Makro Montana,Inland North Division,Gauteng North Region,Makro,6001007001066,SavannaSip Lemon Iced Tea 1.5L,SavannaSip,SavannaSip Lemon Iced Tea 1.5L,Beverages,Ready-to-Drink,8227.4300000000000,6106.8900000000000,300,253,0,0,0,25.46,24.99
420002,Makro Montana,Inland North Division,Gauteng North Region,Makro,6001007001073,CraveCraft Salted Maize Bites 125g,CraveCraft,CraveCraft Salted Maize Bites 125g,Snacks,Savoury Snacks,5559.6300000000000,4919.5800000000000,259,262,0,0,1,21.22,18.99
420002,Makro Montana,Inland North Division,Gauteng North Region,Makro,6001007001080,CraveCraft Chutney Maize Bites 125g,CraveCraft,CraveCraft Chutney Maize Bites 125g,Snacks,Savoury Snacks,5314.1800000000000,5598.6000000000000,262,316,0,0,1,21.58,18.99
420002,Makro Montana,Inland North Division,Gauteng North Region,Makro,6001007001097,CraveCraft Cheese Corn Puffs 100g,CraveCraft,CraveCraft Cheese Corn Puffs 100g,Snacks,Savoury Snacks,4900.8300000000000,4067.6900000000000,246,233,0,0,0,18.52,17.99
420002,Makro Montana,Inland North Division,Gauteng North Region,Makro,6001007001103,HomeHarvest Tomato & Herb Soup 500ml,HomeHarvest,HomeHarvest Tomato & Herb Soup 500ml,Convenience Foods,Soups,6122.9200000000000,5031.5100000000000,161,152,0,0,0,35.71,34.99
420002,Makro Montana,Inland North Division,Gauteng North Region,Makro,6001007001110,HomeHarvest Beef Stew Mix 200g,HomeHarvest,HomeHarvest Beef Stew Mix 200g,Convenience Foods,Meal Solutions,3694.8500000000000,3738.4500000000000,114,131,0,1,0,31.24,29.99
420002,Makro Montana,Inland North Division,Gauteng North Region,Makro,6001007001127,HomeHarvest Chicken Curry Meal Base 200g,HomeHarvest,HomeHarvest Chicken Curry Meal Base 200g,Convenience Foods,Meal Solutions,4143.2700000000004,3401.4100000000000,114,108,0,0,0,31.19,31.99
420003,Makro Centurion,Inland North Division,Gauteng North Region,Makro,6001007001011,SunTrail Original Crunch Cereal 500g,SunTrail,SunTrail Original Crunch Cereal 500g,Cereals,Ready-to-Eat Cereal,20212.5800000000020,17157.3600000000000,330,321,0,0,0,53.35,54.99
420003,Makro Centurion,Inland North Division,Gauteng North Region,Makro,6001007001028,SunTrail Honey Rings Cereal 450g,SunTrail,SunTrail Honey Rings Cereal 450g,Cereals,Ready-to-Eat Cereal,13591.1600000000000,11365.7600000000000,216,206,0,0,0,58.63,59.99
420003,Makro Centurion,Inland North Division,Gauteng North Region,Makro,6001007001035,MorningMelt Creamy Instant Oats 500g,MorningMelt,MorningMelt Creamy Instant Oats 500g,Cereals,Hot Cereals,9259.3500000000000,7957.5600000000000,190,187,0,0,1,48.41,44.99
420003,Makro Centurion,Inland North Division,Gauteng North Region,Makro,6001007001042,MorningMelt Cinnamon Oats Sachets 10x35g,MorningMelt,MorningMelt Cinnamon Oats Sachets 10x35g,Cereals,Hot Cereals,10966.3100000000000,9501.5100000000000,200,198,0,0,0,51.49,49.99
420003,Makro Centurion,Inland North Division,Gauteng North Region,Makro,6001007001059,SavannaSip Pure Rooibos Tea 80s,SavannaSip,SavannaSip Pure Rooibos Tea 80s,Beverages,Tea,19304.4600000000000,14460.1800000000000,275,235,0,0,0,64.54,64.99
420003,Makro Centurion,Inland North Division,Gauteng North Region,Makro,6001007001066,SavannaSip Lemon Iced Tea 1.5L,SavannaSip,SavannaSip Lemon Iced Tea 1.5L,Beverages,Ready-to-Drink,8477.8100000000000,6386.5700000000000,306,262,0,0,0,25.29,24.99
420003,Makro Centurion,Inland North Division,Gauteng North Region,Makro,6001007001073,CraveCraft Salted Maize Bites 125g,CraveCraft,CraveCraft Salted Maize Bites 125g,Snacks,Savoury Snacks,8694.6500000000000,7246.0800000000000,433,409,0,0,0,19.03,18.99
420003,Makro Centurion,Inland North Division,Gauteng North Region,Makro,6001007001080,CraveCraft Chutney Maize Bites 125g,CraveCraft,CraveCraft Chutney Maize Bites 125g,Snacks,Savoury Snacks,8275.7600000000000,8097.7100000000000,404,452,0,0,0,19.06,18.99
420003,Makro Centurion,Inland North Division,Gauteng North Region,Makro,6001007001097,CraveCraft Cheese Corn Puffs 100g,CraveCraft,CraveCraft Cheese Corn Puffs 100g,Snacks,Savoury Snacks,8436.4400000000000,6815.0600000000000,429,398,0,0,0,18.51,17.99
420003,Makro Centurion,Inland North Division,Gauteng North Region,Makro,6001007001103,HomeHarvest Tomato & Herb Soup 500ml,HomeHarvest,HomeHarvest Tomato & Herb Soup 500ml,Convenience Foods,Soups,6305.3300000000000,5590.4900000000000,173,175,0,0,1,38.66,34.99
420003,Makro Centurion,Inland North Division,Gauteng North Region,Makro,6001007001110,HomeHarvest Beef Stew Mix 200g,HomeHarvest,HomeHarvest Beef Stew Mix 200g,Convenience Foods,Meal Solutions,4654.1300000000000,3714.3500000000000,143,131,0,0,0,29.76,29.99
420003,Makro Centurion,Inland North Division,Gauteng North Region,Makro,6001007001127,HomeHarvest Chicken Curry Meal Base 200g,HomeHarvest,HomeHarvest Chicken Curry Meal Base 200g,Convenience Foods,Meal Solutions,7343.6300000000000,5773.4700000000000,207,186,0,0,0,31.41,31.99
420004,Makro Pretoria CBD,Inland North Division,Gauteng North Region,Makro,6001007001011,SunTrail Original Crunch Cereal 500g,SunTrail,SunTrail Original Crunch Cereal 500g,Cereals,Ready-to-Eat Cereal,10001.9900000000000,8877.5400000000009,168,169,0,0,0,56.82,54.99
420004,Makro Pretoria CBD,Inland North Division,Gauteng North Region,Makro,6001007001028,SunTrail Honey Rings Cereal 450g,SunTrail,SunTrail Honey Rings Cereal 450g,Cereals,Ready-to-Eat Cereal,12856.4200000000000,11327.7600000000000,196,196,0,0,0,59.57,59.99
420004,Makro Pretoria CBD,Inland North Division,Gauteng North Region,Makro,6001007001035,MorningMelt Creamy Instant Oats 500g,MorningMelt,MorningMelt Creamy Instant Oats 500g,Cereals,Hot Cereals,6547.2200000000000,5631.4100000000000,136,135,0,0,0,45.56,44.99
420004,Makro Pretoria CBD,Inland North Division,Gauteng North Region,Makro,6001007001042,MorningMelt Cinnamon Oats Sachets 10x35g,MorningMelt,MorningMelt Cinnamon Oats Sachets 10x35g,Cereals,Hot Cereals,6937.8400000000000,6061.4900000000000,127,128,0,0,0,51.78,49.99
420004,Makro Pretoria CBD,Inland North Division,Gauteng North Region,Makro,6001007001059,SavannaSip Pure Rooibos Tea 80s,SavannaSip,SavannaSip Pure Rooibos Tea 80s,Beverages,Tea,7307.8900000000000,9293.7500000000000,106,153,1,0,1,69.76,64.99
420004,Makro Pretoria CBD,Inland North Division,Gauteng North Region,Makro,6001007001066,SavannaSip Lemon Iced Tea 1.5L,SavannaSip,SavannaSip Lemon Iced Tea 1.5L,Beverages,Ready-to-Drink,5863.9700000000000,4471.8000000000000,212,187,0,0,0,25.08,24.99
420004,Makro Pretoria CBD,Inland North Division,Gauteng North Region,Makro,6001007001073,CraveCraft Salted Maize Bites 125g,CraveCraft,CraveCraft Salted Maize Bites 125g,Snacks,Savoury Snacks,5602.2700000000000,4827.6700000000000,274,272,0,0,0,18.62,18.99
420004,Makro Pretoria CBD,Inland North Division,Gauteng North Region,Makro,6001007001080,CraveCraft Chutney Maize Bites 125g,CraveCraft,CraveCraft Chutney Maize Bites 125g,Snacks,Savoury Snacks,5294.8200000000000,4896.4799999999996,246,262,0,0,0,18.89,18.99
420004,Makro Pretoria CBD,Inland North Division,Gauteng North Region,Makro,6001007001097,CraveCraft Cheese Corn Puffs 100g,CraveCraft,CraveCraft Cheese Corn Puffs 100g,Snacks,Savoury Snacks,5888.0100000000000,4966.1899999999996,313,302,0,0,0,17.5,17.99
420004,Makro Pretoria CBD,Inland North Division,Gauteng North Region,Makro,6001007001103,HomeHarvest Tomato & Herb Soup 500ml,HomeHarvest,HomeHarvest Tomato & Herb Soup 500ml,Convenience Foods,Soups,5177.0000000000000,4670.3200000000000,137,142,0,0,1,37.95,34.99
420004,Makro Pretoria CBD,Inland North Division,Gauteng North Region,Makro,6001007001110,HomeHarvest Beef Stew Mix 200g,HomeHarvest,HomeHarvest Beef Stew Mix 200g,Convenience Foods,Meal Solutions,3674.9000000000000,2915.1000000000000,114,103,0,0,0,30.38,29.99
420004,Makro Pretoria CBD,Inland North Division,Gauteng North Region,Makro,6001007001127,HomeHarvest Chicken Curry Meal Base 200g,HomeHarvest,HomeHarvest Chicken Curry Meal Base 200g,Convenience Foods,Meal Solutions,4220.0200000000004,3377.6600000000000,126,115,0,0,0,31.92,31.99
420005,Makro Silver Lakes,Inland North Division,Gauteng North Region,Makro,6001007001011,SunTrail Original Crunch Cereal 500g,SunTrail,SunTrail Original Crunch Cereal 500g,Cereals,Ready-to-Eat Cereal,16722.2700000000000,13355.6900000000000,287,265,0,0,0,55.84,54.99
420005,Makro Silver Lakes,Inland North Division,Gauteng North Region,Makro,6001007001028,SunTrail Honey Rings Cereal 450g,SunTrail,SunTrail Honey Rings Cereal 450g,Cereals,Ready-to-Eat Cereal,18815.6200000000000,16343.8700000000000,276,276,0,0,0,58.87,59.99
420005,Makro Silver Lakes,Inland North Division,Gauteng North Region,Makro,6001007001035,MorningMelt Creamy Instant Oats 500g,MorningMelt,MorningMelt Creamy Instant Oats 500g,Cereals,Hot Cereals,12124.0300000000000,10364.9500000000010,252,247,0,0,0,45.88,44.99
420005,Makro Silver Lakes,Inland North Division,Gauteng North Region,Makro,6001007001042,MorningMelt Cinnamon Oats Sachets 10x35g,MorningMelt,MorningMelt Cinnamon Oats Sachets 10x35g,Cereals,Hot Cereals,8961.0499999999993,7433.1700000000000,169,159,0,0,0,48.7,49.99
420005,Makro Silver Lakes,Inland North Division,Gauteng North Region,Makro,6001007001059,SavannaSip Pure Rooibos Tea 80s,SavannaSip,SavannaSip Pure Rooibos Tea 80s,Beverages,Tea,19927.0000000000000,14798.9500000000000,276,236,0,0,0,65.5,64.99
420005,Makro Silver Lakes,Inland North Division,Gauteng North Region,Makro,6001007001066,SavannaSip Lemon Iced Tea 1.5L,SavannaSip,SavannaSip Lemon Iced Tea 1.5L,Beverages,Ready-to-Drink,10206.1200000000010,7897.1500000000000,364,324,0,0,0,24.31,24.99
420005,Makro Silver Lakes,Inland North Division,Gauteng North Region,Makro,6001007001073,CraveCraft Salted Maize Bites 125g,CraveCraft,CraveCraft Salted Maize Bites 125g,Snacks,Savoury Snacks,8482.7199999999993,7061.7500000000000,422,403,0,0,0,19.38,18.99
420005,Makro Silver Lakes,Inland North Division,Gauteng North Region,Makro,6001007001080,CraveCraft Chutney Maize Bites 125g,CraveCraft,CraveCraft Chutney Maize Bites 125g,Snacks,Savoury Snacks,5936.6600000000000,5759.9300000000000,294,326,0,0,0,18.6,18.99
420005,Makro Silver Lakes,Inland North Division,Gauteng North Region,Makro,6001007001097,CraveCraft Cheese Corn Puffs 100g,CraveCraft,CraveCraft Cheese Corn Puffs 100g,Snacks,Savoury Snacks,8643.3500000000000,7120.6200000000000,434,413,0,0,0,17.54,17.99
420005,Makro Silver Lakes,Inland North Division,Gauteng North Region,Makro,6001007001103,HomeHarvest Tomato & Herb Soup 500ml,HomeHarvest,HomeHarvest Tomato & Herb Soup 500ml,Convenience Foods,Soups,8286.3300000000000,6793.3100000000000,221,207,0,0,0,36.5,34.99
420005,Makro Silver Lakes,Inland North Division,Gauteng North Region,Makro,6001007001110,HomeHarvest Beef Stew Mix 200g,HomeHarvest,HomeHarvest Beef Stew Mix 200g,Convenience Foods,Meal Solutions,5420.5700000000000,4834.3999999999996,164,166,0,0,1,33.07,29.99
420005,Makro Silver Lakes,Inland North Division,Gauteng North Region,Makro,6001007001127,HomeHarvest Chicken Curry Meal Base 200g,HomeHarvest,HomeHarvest Chicken Curry Meal Base 200g,Convenience Foods,Meal Solutions,5976.6200000000000,4950.2400000000000,172,162,0,0,0,32.11,31.99
420006,Makro Alberton,Inland South Division,Gauteng South Region,Makro,6001007001011,SunTrail Original Crunch Cereal 500g,SunTrail,SunTrail Original Crunch Cereal 500g,Cereals,Ready-to-Eat Cereal,10257.1600000000000,9382.8300000000000,179,187,0,0,0,54.47,54.99
420006,Makro Alberton,Inland South Division,Gauteng South Region,Makro,6001007001028,SunTrail Honey Rings Cereal 450g,SunTrail,SunTrail Honey Rings Cereal 450g,Cereals,Ready-to-Eat Cereal,14922.7700000000000,13050.2300000000000,223,221,0,0,0,58.94,59.99
420006,Makro Alberton,Inland South Division,Gauteng South Region,Makro,6001007001035,MorningMelt Creamy Instant Oats 500g,MorningMelt,MorningMelt Creamy Instant Oats 500g,Cereals,Hot Cereals,9101.0900000000000,7625.7400000000000,189,182,0,0,0,46.03,44.99
420006,Makro Alberton,Inland South Division,Gauteng South Region,Makro,6001007001042,MorningMelt Cinnamon Oats Sachets 10x35g,MorningMelt,MorningMelt Cinnamon Oats Sachets 10x35g,Cereals,Hot Cereals,8727.8200000000000,7913.6600000000000,156,162,0,0,0,48.71,49.99
420006,Makro Alberton,Inland South Division,Gauteng South Region,Makro,6001007001059,SavannaSip Pure Rooibos Tea 80s,SavannaSip,SavannaSip Pure Rooibos Tea 80s,Beverages,Tea,12896.3900000000000,10219.0300000000010,179,164,0,0,0,66.64,64.99
420006,Makro Alberton,Inland South Division,Gauteng South Region,Makro,6001007001066,SavannaSip Lemon Iced Tea 1.5L,SavannaSip,SavannaSip Lemon Iced Tea 1.5L,Beverages,Ready-to-Drink,6911.0300000000000,5683.8300000000000,248,232,0,0,0,26.02,24.99
420006,Makro Alberton,Inland South Division,Gauteng South Region,Makro,6001007001073,CraveCraft Salted Maize Bites 125g,CraveCraft,CraveCraft Salted Maize Bites 125g,Snacks,Savoury Snacks,5731.0600000000000,4962.2000000000000,280,280,0,0,0,19.09,18.99
420006,Makro Alberton,Inland South Division,Gauteng South Region,Makro,6001007001080,CraveCraft Chutney Maize Bites 125g,CraveCraft,CraveCraft Chutney Maize Bites 125g,Snacks,Savoury Snacks,4620.2100000000000,4449.3400000000000,219,244,0,0,0,18.57,18.99
420006,Makro Alberton,Inland South Division,Gauteng South Region,Makro,6001007001097,CraveCraft Cheese Corn Puffs 100g,CraveCraft,CraveCraft Cheese Corn Puffs 100g,Snacks,Savoury Snacks,6085.0800000000000,5186.8800000000000,313,305,0,0,0,18.42,17.99
420006,Makro Alberton,Inland South Division,Gauteng South Region,Makro,6001007001103,HomeHarvest Tomato & Herb Soup 500ml,HomeHarvest,HomeHarvest Tomato & Herb Soup 500ml,Convenience Foods,Soups,5940.8900000000000,5108.1499999999996,155,154,0,0,0,36.04,34.99
420006,Makro Alberton,Inland South Division,Gauteng South Region,Makro,6001007001110,HomeHarvest Beef Stew Mix 200g,HomeHarvest,HomeHarvest Beef Stew Mix 200g,Convenience Foods,Meal Solutions,4730.3900000000003,3802.6400000000000,141,129,0,0,0,30.46,29.99
420006,Makro Alberton,Inland South Division,Gauteng South Region,Makro,6001007001127,HomeHarvest Chicken Curry Meal Base 200g,HomeHarvest,HomeHarvest Chicken Curry Meal Base 200g,Convenience Foods,Meal Solutions,6065.1200000000000,4864.4799999999996,175,161,0,0,0,33.16,31.99
420007,Makro Vanderbijlpark,Inland South Division,Gauteng South Region,Makro,6001007001011,SunTrail Original Crunch Cereal 500g,SunTrail,SunTrail Original Crunch Cereal 500g,Cereals,Ready-to-Eat Cereal,9721.3600000000000,8313.3100000000000,169,165,0,0,0,53.8,54.99
420007,Makro Vanderbijlpark,Inland South Division,Gauteng South Region,Makro,6001007001028,SunTrail Honey Rings Cereal 450g,SunTrail,SunTrail Honey Rings Cereal 450g,Cereals,Ready-to-Eat Cereal,10257.3600000000000,10227.2400000000000,151,173,0,0,1,65.43,59.99
420007,Makro Vanderbijlpark,Inland South Division,Gauteng South Region,Makro,6001007001035,MorningMelt Creamy Instant Oats 500g,MorningMelt,MorningMelt Creamy Instant Oats 500g,Cereals,Hot Cereals,4717.4799999999996,6488.1500000000000,100,158,1,0,0,46.9,44.99
420007,Makro Vanderbijlpark,Inland South Division,Gauteng South Region,Makro,6001007001042,MorningMelt Cinnamon Oats Sachets 10x35g,MorningMelt,MorningMelt Cinnamon Oats Sachets 10x35g,Cereals,Hot Cereals,8618.1000000000000,7350.5800000000000,156,153,0,0,0,50.13,49.99
420007,Makro Vanderbijlpark,Inland South Division,Gauteng South Region,Makro,6001007001059,SavannaSip Pure Rooibos Tea 80s,SavannaSip,SavannaSip Pure Rooibos Tea 80s,Beverages,Tea,12005.1600000000000,10419.8700000000010,176,175,0,0,1,74.02,64.99
420007,Makro Vanderbijlpark,Inland South Division,Gauteng South Region,Makro,6001007001066,SavannaSip Lemon Iced Tea 1.5L,SavannaSip,SavannaSip Lemon Iced Tea 1.5L,Beverages,Ready-to-Drink,6935.8800000000000,5259.9100000000000,257,223,0,0,0,25.91,24.99
420007,Makro Vanderbijlpark,Inland South Division,Gauteng South Region,Makro,6001007001073,CraveCraft Salted Maize Bites 125g,CraveCraft,CraveCraft Salted Maize Bites 125g,Snacks,Savoury Snacks,5607.0800000000000,5229.0000000000000,279,298,0,0,1,21.43,18.99
420007,Makro Vanderbijlpark,Inland South Division,Gauteng South Region,Makro,6001007001080,CraveCraft Chutney Maize Bites 125g,CraveCraft,CraveCraft Chutney Maize Bites 125g,Snacks,Savoury Snacks,5600.3300000000000,5321.9300000000000,260,285,0,0,0,18.93,18.99
420007,Makro Vanderbijlpark,Inland South Division,Gauteng South Region,Makro,6001007001097,CraveCraft Cheese Corn Puffs 100g,CraveCraft,CraveCraft Cheese Corn Puffs 100g,Snacks,Savoury Snacks,5498.9100000000000,5009.4600000000000,294,305,0,0,0,18.77,17.99
420007,Makro Vanderbijlpark,Inland South Division,Gauteng South Region,Makro,6001007001103,HomeHarvest Tomato & Herb Soup 500ml,HomeHarvest,HomeHarvest Tomato & Herb Soup 500ml,Convenience Foods,Soups,5185.6899999999996,4959.2100000000000,137,149,0,0,1,38.08,34.99
420007,Makro Vanderbijlpark,Inland South Division,Gauteng South Region,Makro,6001007001110,HomeHarvest Beef Stew Mix 200g,HomeHarvest,HomeHarvest Beef Stew Mix 200g,Convenience Foods,Meal Solutions,3531.6400000000000,3058.0000000000000,105,105,0,0,0,30.99,29.99
420007,Makro Vanderbijlpark,Inland South Division,Gauteng South Region,Makro,6001007001127,HomeHarvest Chicken Curry Meal Base 200g,HomeHarvest,HomeHarvest Chicken Curry Meal Base 200g,Convenience Foods,Meal Solutions,5208.4799999999996,4238.1800000000000,150,139,0,0,0,32.54,31.99
420008,Makro Vereeniging,Inland South Division,Gauteng South Region,Makro,6001007001011,SunTrail Original Crunch Cereal 500g,SunTrail,SunTrail Original Crunch Cereal 500g,Cereals,Ready-to-Eat Cereal,15843.8900000000000,13186.8600000000000,258,244,0,0,0,56.28,54.99
420008,Makro Vereeniging,Inland South Division,Gauteng South Region,Makro,6001007001028,SunTrail Honey Rings Cereal 450g,SunTrail,SunTrail Honey Rings Cereal 450g,Cereals,Ready-to-Eat Cereal,13306.5400000000000,12151.5200000000000,209,217,0,0,0,60.15,59.99
420008,Makro Vereeniging,Inland South Division,Gauteng South Region,Makro,6001007001035,MorningMelt Creamy Instant Oats 500g,MorningMelt,MorningMelt Creamy Instant Oats 500g,Cereals,Hot Cereals,11851.2300000000000,10512.7700000000000,240,245,0,0,0,45.33,44.99
420008,Makro Vereeniging,Inland South Division,Gauteng South Region,Makro,6001007001042,MorningMelt Cinnamon Oats Sachets 10x35g,MorningMelt,MorningMelt Cinnamon Oats Sachets 10x35g,Cereals,Hot Cereals,8164.3700000000000,7454.1200000000000,156,162,0,0,0,51.84,49.99
420008,Makro Vereeniging,Inland South Division,Gauteng South Region,Makro,6001007001059,SavannaSip Pure Rooibos Tea 80s,SavannaSip,SavannaSip Pure Rooibos Tea 80s,Beverages,Tea,15767.0700000000000,12470.0700000000000,226,205,0,0,0,65.83,64.99
420008,Makro Vereeniging,Inland South Division,Gauteng South Region,Makro,6001007001066,SavannaSip Lemon Iced Tea 1.5L,SavannaSip,SavannaSip Lemon Iced Tea 1.5L,Beverages,Ready-to-Drink,9628.6700000000000,8438.3400000000000,354,355,0,0,1,26.65,24.99
420008,Makro Vereeniging,Inland South Division,Gauteng South Region,Makro,6001007001073,CraveCraft Salted Maize Bites 125g,CraveCraft,CraveCraft Salted Maize Bites 125g,Snacks,Savoury Snacks,9272.3700000000008,8178.9000000000000,449,452,0,0,0,19.21,18.99
420008,Makro Vereeniging,Inland South Division,Gauteng South Region,Makro,6001007001080,CraveCraft Chutney Maize Bites 125g,CraveCraft,CraveCraft Chutney Maize Bites 125g,Snacks,Savoury Snacks,5712.6000000000000,5587.1100000000000,284,321,0,0,0,19.13,18.99
420008,Makro Vereeniging,Inland South Division,Gauteng South Region,Makro,6001007001097,CraveCraft Cheese Corn Puffs 100g,CraveCraft,CraveCraft Cheese Corn Puffs 100g,Snacks,Savoury Snacks,6703.1000000000000,5751.9900000000000,353,346,0,0,0,17.65,17.99
420008,Makro Vereeniging,Inland South Division,Gauteng South Region,Makro,6001007001103,HomeHarvest Tomato & Herb Soup 500ml,HomeHarvest,HomeHarvest Tomato & Herb Soup 500ml,Convenience Foods,Soups,8711.5800000000000,7472.1300000000000,227,221,0,0,0,35.28,34.99
420008,Makro Vereeniging,Inland South Division,Gauteng South Region,Makro,6001007001110,HomeHarvest Beef Stew Mix 200g,HomeHarvest,HomeHarvest Beef Stew Mix 200g,Convenience Foods,Meal Solutions,5129.9600000000000,4478.9300000000000,164,164,0,0,1,34.06,29.99
420008,Makro Vereeniging,Inland South Division,Gauteng South Region,Makro,6001007001127,HomeHarvest Chicken Curry Meal Base 200g,HomeHarvest,HomeHarvest Chicken Curry Meal Base 200g,Convenience Foods,Meal Solutions,6638.0000000000000,5248.9200000000000,189,172,0,0,0,32.26,31.99
420009,Makro Boksburg,Inland South Division,Gauteng South Region,Makro,6001007001011,SunTrail Original Crunch Cereal 500g,SunTrail,SunTrail Original Crunch Cereal 500g,Cereals,Ready-to-Eat Cereal,9067.0600000000000,9607.1000000000000,149,182,0,1,0,54.28,54.99
420009,Makro Boksburg,Inland South Division,Gauteng South Region,Makro,6001007001028,SunTrail Honey Rings Cereal 450g,SunTrail,SunTrail Honey Rings Cereal 450g,Cereals,Ready-to-Eat Cereal,12019.7700000000000,10618.7700000000000,188,192,0,0,1,64.2,59.99
420009,Makro Boksburg,Inland South Division,Gauteng South Region,Makro,6001007001035,MorningMelt Creamy Instant Oats 500g,MorningMelt,MorningMelt Creamy Instant Oats 500g,Cereals,Hot Cereals,7638.9100000000000,6842.5600000000000,156,160,0,0,0,46.37,44.99
420009,Makro Boksburg,Inland South Division,Gauteng South Region,Makro,6001007001042,MorningMelt Cinnamon Oats Sachets 10x35g,MorningMelt,MorningMelt Cinnamon Oats Sachets 10x35g,Cereals,Hot Cereals,8823.5300000000007,7711.6900000000000,162,163,0,0,0,51.03,49.99
420009,Makro Boksburg,Inland South Division,Gauteng South Region,Makro,6001007001059,SavannaSip Pure Rooibos Tea 80s,SavannaSip,SavannaSip Pure Rooibos Tea 80s,Beverages,Tea,14171.1000000000000,11032.2200000000000,207,185,0,0,0,67.01,64.99
420009,Makro Boksburg,Inland South Division,Gauteng South Region,Makro,6001007001066,SavannaSip Lemon Iced Tea 1.5L,SavannaSip,SavannaSip Lemon Iced Tea 1.5L,Beverages,Ready-to-Drink,5793.6800000000000,5425.9000000000000,204,221,0,1,0,25.28,24.99
420009,Makro Boksburg,Inland South Division,Gauteng South Region,Makro,6001007001073,CraveCraft Salted Maize Bites 125g,CraveCraft,CraveCraft Salted Maize Bites 125g,Snacks,Savoury Snacks,6287.3800000000000,5363.5300000000000,299,289,0,0,0,19.14,18.99
420009,Makro Boksburg,Inland South Division,Gauteng South Region,Makro,6001007001080,CraveCraft Chutney Maize Bites 125g,CraveCraft,CraveCraft Chutney Maize Bites 125g,Snacks,Savoury Snacks,4952.8599999999997,4595.1499999999996,242,255,0,0,0,19.08,18.99
420009,Makro Boksburg,Inland South Division,Gauteng South Region,Makro,6001007001097,CraveCraft Cheese Corn Puffs 100g,CraveCraft,CraveCraft Cheese Corn Puffs 100g,Snacks,Savoury Snacks,4673.2500000000000,4226.9100000000000,241,252,0,0,0,17.59,17.99
420009,Makro Boksburg,Inland South Division,Gauteng South Region,Makro,6001007001103,HomeHarvest Tomato & Herb Soup 500ml,HomeHarvest,HomeHarvest Tomato & Herb Soup 500ml,Convenience Foods,Soups,5290.9900000000000,4939.2500000000000,137,145,0,0,1,38.64,34.99
420009,Makro Boksburg,Inland South Division,Gauteng South Region,Makro,6001007001110,HomeHarvest Beef Stew Mix 200g,HomeHarvest,HomeHarvest Beef Stew Mix 200g,Convenience Foods,Meal Solutions,5033.8000000000000,4096.7299999999996,161,149,0,0,0,30.39,29.99
420009,Makro Boksburg,Inland South Division,Gauteng South Region,Makro,6001007001127,HomeHarvest Chicken Curry Meal Base 200g,HomeHarvest,HomeHarvest Chicken Curry Meal Base 200g,Convenience Foods,Meal Solutions,4304.1300000000000,3581.8800000000000,127,122,0,0,0,31.1,31.99
420010,Makro Germiston,Inland South Division,Gauteng South Region,Makro,6001007001011,SunTrail Original Crunch Cereal 500g,SunTrail,SunTrail Original Crunch Cereal 500g,Cereals,Ready-to-Eat Cereal,10312.8300000000000,9013.7800000000007,178,178,0,0,0,55.37,54.99
420010,Makro Germiston,Inland South Division,Gauteng South Region,Makro,6001007001028,SunTrail Honey Rings Cereal 450g,SunTrail,SunTrail Honey Rings Cereal 450g,Cereals,Ready-to-Eat Cereal,9198.3400000000000,7911.6900000000000,141,140,0,0,0,59.29,59.99
420010,Makro Germiston,Inland South Division,Gauteng South Region,Makro,6001007001035,MorningMelt Creamy Instant Oats 500g,MorningMelt,MorningMelt Creamy Instant Oats 500g,Cereals,Hot Cereals,4494.1099999999997,5334.7600000000000,91,124,0,1,0,46.29,44.99
420010,Makro Germiston,Inland South Division,Gauteng South Region,Makro,6001007001042,MorningMelt Cinnamon Oats Sachets 10x35g,MorningMelt,MorningMelt Cinnamon Oats Sachets 10x35g,Cereals,Hot Cereals,7986.7800000000000,6699.3700000000000,148,141,0,0,0,49.39,49.99
420010,Makro Germiston,Inland South Division,Gauteng South Region,Makro,6001007001059,SavannaSip Pure Rooibos Tea 80s,SavannaSip,SavannaSip Pure Rooibos Tea 80s,Beverages,Tea,11827.1600000000000,9498.7199999999993,163,149,0,0,0,65.93,64.99
420010,Makro Germiston,Inland South Division,Gauteng South Region,Makro,6001007001066,SavannaSip Lemon Iced Tea 1.5L,SavannaSip,SavannaSip Lemon Iced Tea 1.5L,Beverages,Ready-to-Drink,7208.2400000000000,5700.3100000000000,276,249,0,0,0,25.53,24.99
420010,Makro Germiston,Inland South Division,Gauteng South Region,Makro,6001007001073,CraveCraft Salted Maize Bites 125g,CraveCraft,CraveCraft Salted Maize Bites 125g,Snacks,Savoury Snacks,5147.0200000000004,4840.3999999999996,241,259,0,0,1,20.33,18.99
420010,Makro Germiston,Inland South Division,Gauteng South Region,Makro,6001007001080,CraveCraft Chutney Maize Bites 125g,CraveCraft,CraveCraft Chutney Maize Bites 125g,Snacks,Savoury Snacks,5153.8500000000004,5245.0100000000000,244,286,0,0,0,19.38,18.99
420010,Makro Germiston,Inland South Division,Gauteng South Region,Makro,6001007001097,CraveCraft Cheese Corn Puffs 100g,CraveCraft,CraveCraft Cheese Corn Puffs 100g,Snacks,Savoury Snacks,5078.0800000000000,4198.1300000000000,269,256,0,0,0,17.74,17.99
420010,Makro Germiston,Inland South Division,Gauteng South Region,Makro,6001007001103,HomeHarvest Tomato & Herb Soup 500ml,HomeHarvest,HomeHarvest Tomato & Herb Soup 500ml,Convenience Foods,Soups,3753.0200000000000,3550.1800000000000,96,103,0,0,1,38.63,34.99
420010,Makro Germiston,Inland South Division,Gauteng South Region,Makro,6001007001110,HomeHarvest Beef Stew Mix 200g,HomeHarvest,HomeHarvest Beef Stew Mix 200g,Convenience Foods,Meal Solutions,3961.9700000000000,3521.0100000000000,128,129,0,0,1,33.33,29.99
420010,Makro Germiston,Inland South Division,Gauteng South Region,Makro,6001007001127,HomeHarvest Chicken Curry Meal Base 200g,HomeHarvest,HomeHarvest Chicken Curry Meal Base 200g,Convenience Foods,Meal Solutions,4558.5900000000000,4195.8500000000004,131,139,0,0,1,35.5,31.99
420011,Makro Bellville,Coastal Division,Western Cape Metro Region,Makro,6001007001011,SunTrail Original Crunch Cereal 500g,SunTrail,SunTrail Original Crunch Cereal 500g,Cereals,Ready-to-Eat Cereal,13974.6100000000000,11904.5100000000000,240,232,0,0,0,54.82,54.99
420011,Makro Bellville,Coastal Division,Western Cape Metro Region,Makro,6001007001028,SunTrail Honey Rings Cereal 450g,SunTrail,SunTrail Honey Rings Cereal 450g,Cereals,Ready-to-Eat Cereal,8794.5300000000007,10625.7400000000000,137,191,1,0,0,59.35,59.99
420011,Makro Bellville,Coastal Division,Western Cape Metro Region,Makro,6001007001035,MorningMelt Creamy Instant Oats 500g,MorningMelt,MorningMelt Creamy Instant Oats 500g,Cereals,Hot Cereals,12096.6500000000000,9550.7600000000000,251,229,0,0,0,45.5,44.99
420011,Makro Bellville,Coastal Division,Western Cape Metro Region,Makro,6001007001042,MorningMelt Cinnamon Oats Sachets 10x35g,MorningMelt,MorningMelt Cinnamon Oats Sachets 10x35g,Cereals,Hot Cereals,12199.7500000000000,9948.2800000000007,235,218,0,0,0,52.19,49.99
420011,Makro Bellville,Coastal Division,Western Cape Metro Region,Makro,6001007001059,SavannaSip Pure Rooibos Tea 80s,SavannaSip,SavannaSip Pure Rooibos Tea 80s,Beverages,Tea,16502.6300000000000,12747.3200000000000,242,215,0,0,0,64.91,64.99
420011,Makro Bellville,Coastal Division,Western Cape Metro Region,Makro,6001007001066,SavannaSip Lemon Iced Tea 1.5L,SavannaSip,SavannaSip Lemon Iced Tea 1.5L,Beverages,Ready-to-Drink,10175.8799999999990,7712.6400000000000,387,336,0,0,0,25.56,24.99
420011,Makro Bellville,Coastal Division,Western Cape Metro Region,Makro,6001007001073,CraveCraft Salted Maize Bites 125g,CraveCraft,CraveCraft Salted Maize Bites 125g,Snacks,Savoury Snacks,6624.4100000000000,5654.5700000000000,334,324,0,0,1,21.47,18.99
420011,Makro Bellville,Coastal Division,Western Cape Metro Region,Makro,6001007001080,CraveCraft Chutney Maize Bites 125g,CraveCraft,CraveCraft Chutney Maize Bites 125g,Snacks,Savoury Snacks,7927.3700000000000,6845.5100000000000,386,380,0,0,0,19.37,18.99
420011,Makro Bellville,Coastal Division,Western Cape Metro Region,Makro,6001007001097,CraveCraft Cheese Corn Puffs 100g,CraveCraft,CraveCraft Cheese Corn Puffs 100g,Snacks,Savoury Snacks,6356.8300000000000,5308.5600000000000,332,318,0,0,0,18.3,17.99
420011,Makro Bellville,Coastal Division,Western Cape Metro Region,Makro,6001007001103,HomeHarvest Tomato & Herb Soup 500ml,HomeHarvest,HomeHarvest Tomato & Herb Soup 500ml,Convenience Foods,Soups,7504.5700000000000,6419.1500000000000,203,198,0,0,1,37.54,34.99
420011,Makro Bellville,Coastal Division,Western Cape Metro Region,Makro,6001007001110,HomeHarvest Beef Stew Mix 200g,HomeHarvest,HomeHarvest Beef Stew Mix 200g,Convenience Foods,Meal Solutions,5710.7200000000000,4427.9300000000000,172,152,0,0,0,29.7,29.99
420011,Makro Bellville,Coastal Division,Western Cape Metro Region,Makro,6001007001127,HomeHarvest Chicken Curry Meal Base 200g,HomeHarvest,HomeHarvest Chicken Curry Meal Base 200g,Convenience Foods,Meal Solutions,5480.4100000000000,5404.1200000000000,155,176,0,1,0,31.71,31.99
420012,Makro Brackenfell,Coastal Division,Western Cape Metro Region,Makro,6001007001011,SunTrail Original Crunch Cereal 500g,SunTrail,SunTrail Original Crunch Cereal 500g,Cereals,Ready-to-Eat Cereal,7507.3600000000000,6867.6100000000000,130,136,0,0,1,60.49,54.99
420012,Makro Brackenfell,Coastal Division,Western Cape Metro Region,Makro,6001007001028,SunTrail Honey Rings Cereal 450g,SunTrail,SunTrail Honey Rings Cereal 450g,Cereals,Ready-to-Eat Cereal,11114.3900000000000,9206.3300000000000,168,159,0,0,0,60.71,59.99
420012,Makro Brackenfell,Coastal Division,Western Cape Metro Region,Makro,6001007001035,MorningMelt Creamy Instant Oats 500g,MorningMelt,MorningMelt Creamy Instant Oats 500g,Cereals,Hot Cereals,6730.0500000000000,5683.9900000000000,134,129,0,0,0,43.74,44.99
420012,Makro Brackenfell,Coastal Division,Western Cape Metro Region,Makro,6001007001042,MorningMelt Cinnamon Oats Sachets 10x35g,MorningMelt,MorningMelt Cinnamon Oats Sachets 10x35g,Cereals,Hot Cereals,5229.1600000000000,4619.4799999999996,98,99,0,0,1,54.92,49.99
420012,Makro Brackenfell,Coastal Division,Western Cape Metro Region,Makro,6001007001059,SavannaSip Pure Rooibos Tea 80s,SavannaSip,SavannaSip Pure Rooibos Tea 80s,Beverages,Tea,11692.1000000000000,9205.3500000000000,170,152,0,0,0,67.64,64.99
420012,Makro Brackenfell,Coastal Division,Western Cape Metro Region,Makro,6001007001066,SavannaSip Lemon Iced Tea 1.5L,SavannaSip,SavannaSip Lemon Iced Tea 1.5L,Beverages,Ready-to-Drink,5573.5400000000000,4317.3700000000000,203,181,0,0,0,25.52,24.99
420012,Makro Brackenfell,Coastal Division,Western Cape Metro Region,Makro,6001007001073,CraveCraft Salted Maize Bites 125g,CraveCraft,CraveCraft Salted Maize Bites 125g,Snacks,Savoury Snacks,5897.9800000000000,4969.1800000000000,288,277,0,0,0,19.07,18.99
420012,Makro Brackenfell,Coastal Division,Western Cape Metro Region,Makro,6001007001080,CraveCraft Chutney Maize Bites 125g,CraveCraft,CraveCraft Chutney Maize Bites 125g,Snacks,Savoury Snacks,3638.9400000000000,3766.5800000000000,180,215,0,0,1,20.63,18.99
420012,Makro Brackenfell,Coastal Division,Western Cape Metro Region,Makro,6001007001097,CraveCraft Cheese Corn Puffs 100g,CraveCraft,CraveCraft Cheese Corn Puffs 100g,Snacks,Savoury Snacks,4819.3599999999997,3916.7700000000000,242,226,0,0,0,17.62,17.99
420012,Makro Brackenfell,Coastal Division,Western Cape Metro Region,Makro,6001007001103,HomeHarvest Tomato & Herb Soup 500ml,HomeHarvest,HomeHarvest Tomato & Herb Soup 500ml,Convenience Foods,Soups,5836.7100000000000,4605.6400000000003,153,137,0,0,0,35.54,34.99
420012,Makro Brackenfell,Coastal Division,Western Cape Metro Region,Makro,6001007001110,HomeHarvest Beef Stew Mix 200g,HomeHarvest,HomeHarvest Beef Stew Mix 200g,Convenience Foods,Meal Solutions,3718.8500000000000,3012.1200000000000,110,103,0,0,0,31.07,29.99
420012,Makro Brackenfell,Coastal Division,Western Cape Metro Region,Makro,6001007001127,HomeHarvest Chicken Curry Meal Base 200g,HomeHarvest,HomeHarvest Chicken Curry Meal Base 200g,Convenience Foods,Meal Solutions,3852.7900000000000,2968.5500000000000,109,96,0,0,0,32.07,31.99
420013,Makro Cape Gate,Coastal Division,Western Cape Metro Region,Makro,6001007001011,SunTrail Original Crunch Cereal 500g,SunTrail,SunTrail Original Crunch Cereal 500g,Cereals,Ready-to-Eat Cereal,15603.8800000000000,13217.0600000000000,260,252,0,0,0,53.71,54.99
420013,Makro Cape Gate,Coastal Division,Western Cape Metro Region,Makro,6001007001028,SunTrail Honey Rings Cereal 450g,SunTrail,SunTrail Honey Rings Cereal 450g,Cereals,Ready-to-Eat Cereal,14757.3300000000000,11534.5800000000000,223,201,0,0,0,62.62,59.99
420013,Makro Cape Gate,Coastal Division,Western Cape Metro Region,Makro,6001007001035,MorningMelt Creamy Instant Oats 500g,MorningMelt,MorningMelt Creamy Instant Oats 500g,Cereals,Hot Cereals,9908.4000000000000,7856.8000000000000,198,181,0,0,0,45.77,44.99
420013,Makro Cape Gate,Coastal Division,Western Cape Metro Region,Makro,6001007001042,MorningMelt Cinnamon Oats Sachets 10x35g,MorningMelt,MorningMelt Cinnamon Oats Sachets 10x35g,Cereals,Hot Cereals,9003.1900000000000,7402.7900000000000,170,159,0,0,0,48.65,49.99
420013,Makro Cape Gate,Coastal Division,Western Cape Metro Region,Makro,6001007001059,SavannaSip Pure Rooibos Tea 80s,SavannaSip,SavannaSip Pure Rooibos Tea 80s,Beverages,Tea,20135.2000000000000,15564.7000000000000,287,252,0,0,1,73.77,64.99
420013,Makro Cape Gate,Coastal Division,Western Cape Metro Region,Makro,6001007001066,SavannaSip Lemon Iced Tea 1.5L,SavannaSip,SavannaSip Lemon Iced Tea 1.5L,Beverages,Ready-to-Drink,11484.0900000000000,8675.9300000000000,411,354,0,0,0,26.06,24.99
420013,Makro Cape Gate,Coastal Division,Western Cape Metro Region,Makro,6001007001073,CraveCraft Salted Maize Bites 125g,CraveCraft,CraveCraft Salted Maize Bites 125g,Snacks,Savoury Snacks,6501.1500000000000,5086.4799999999996,324,293,0,0,0,18.51,18.99
420013,Makro Cape Gate,Coastal Division,Western Cape Metro Region,Makro,6001007001080,CraveCraft Chutney Maize Bites 125g,CraveCraft,CraveCraft Chutney Maize Bites 125g,Snacks,Savoury Snacks,5515.2000000000000,6402.0900000000000,259,341,0,1,0,19.54,18.99
420013,Makro Cape Gate,Coastal Division,Western Cape Metro Region,Makro,6001007001097,CraveCraft Cheese Corn Puffs 100g,CraveCraft,CraveCraft Cheese Corn Puffs 100g,Snacks,Savoury Snacks,7565.8900000000000,6556.3400000000000,388,385,0,0,1,20.2,17.99
420013,Makro Cape Gate,Coastal Division,Western Cape Metro Region,Makro,6001007001103,HomeHarvest Tomato & Herb Soup 500ml,HomeHarvest,HomeHarvest Tomato & Herb Soup 500ml,Convenience Foods,Soups,7046.4700000000000,5921.4600000000000,180,173,0,0,1,37.89,34.99
420013,Makro Cape Gate,Coastal Division,Western Cape Metro Region,Makro,6001007001110,HomeHarvest Beef Stew Mix 200g,HomeHarvest,HomeHarvest Beef Stew Mix 200g,Convenience Foods,Meal Solutions,5470.3300000000000,4210.2900000000000,171,151,0,0,0,30.34,29.99
420013,Makro Cape Gate,Coastal Division,Western Cape Metro Region,Makro,6001007001127,HomeHarvest Chicken Curry Meal Base 200g,HomeHarvest,HomeHarvest Chicken Curry Meal Base 200g,Convenience Foods,Meal Solutions,4988.3400000000000,4030.4900000000000,139,129,0,0,0,33.07,31.99
420014,Makro Claremont,Coastal Division,Western Cape Metro Region,Makro,6001007001011,SunTrail Original Crunch Cereal 500g,SunTrail,SunTrail Original Crunch Cereal 500g,Cereals,Ready-to-Eat Cereal,13523.3800000000000,10847.1200000000000,222,205,0,0,0,56.34,54.99
420014,Makro Claremont,Coastal Division,Western Cape Metro Region,Makro,6001007001028,SunTrail Honey Rings Cereal 450g,SunTrail,SunTrail Honey Rings Cereal 450g,Cereals,Ready-to-Eat Cereal,12812.1800000000000,10082.4900000000000,196,175,0,0,0,62.65,59.99
420014,Makro Claremont,Coastal Division,Western Cape Metro Region,Makro,6001007001035,MorningMelt Creamy Instant Oats 500g,MorningMelt,MorningMelt Creamy Instant Oats 500g,Cereals,Hot Cereals,5603.9300000000000,4738.8300000000000,111,107,0,0,0,45.26,44.99
420014,Makro Claremont,Coastal Division,Western Cape Metro Region,Makro,6001007001042,MorningMelt Cinnamon Oats Sachets 10x35g,MorningMelt,MorningMelt Cinnamon Oats Sachets 10x35g,Cereals,Hot Cereals,7565.1200000000000,6046.0300000000000,138,126,0,0,0,52.0,49.99
420014,Makro Claremont,Coastal Division,Western Cape Metro Region,Makro,6001007001059,SavannaSip Pure Rooibos Tea 80s,SavannaSip,SavannaSip Pure Rooibos Tea 80s,Beverages,Tea,14490.8300000000000,10579.2800000000000,203,169,0,0,0,67.64,64.99
420014,Makro Claremont,Coastal Division,Western Cape Metro Region,Makro,6001007001066,SavannaSip Lemon Iced Tea 1.5L,SavannaSip,SavannaSip Lemon Iced Tea 1.5L,Beverages,Ready-to-Drink,6296.9100000000000,4806.9700000000000,237,208,0,0,0,25.99,24.99
420014,Makro Claremont,Coastal Division,Western Cape Metro Region,Makro,6001007001073,CraveCraft Salted Maize Bites 125g,CraveCraft,CraveCraft Salted Maize Bites 125g,Snacks,Savoury Snacks,6927.5200000000000,5365.0500000000000,345,308,0,0,0,18.77,18.99
420014,Makro Claremont,Coastal Division,Western Cape Metro Region,Makro,6001007001080,CraveCraft Chutney Maize Bites 125g,CraveCraft,CraveCraft Chutney Maize Bites 125g,Snacks,Savoury Snacks,3995.4400000000000,3831.0100000000000,186,204,0,0,1,20.6,18.99
420014,Makro Claremont,Coastal Division,Western Cape Metro Region,Makro,6001007001097,CraveCraft Cheese Corn Puffs 100g,CraveCraft,CraveCraft Cheese Corn Puffs 100g,Snacks,Savoury Snacks,4862.1400000000003,3795.2700000000000,249,224,0,0,0,18.23,17.99
420014,Makro Claremont,Coastal Division,Western Cape Metro Region,Makro,6001007001103,HomeHarvest Tomato & Herb Soup 500ml,HomeHarvest,HomeHarvest Tomato & Herb Soup 500ml,Convenience Foods,Soups,4584.0100000000000,3664.9100000000000,122,112,0,0,0,34.71,34.99
420014,Makro Claremont,Coastal Division,Western Cape Metro Region,Makro,6001007001110,HomeHarvest Beef Stew Mix 200g,HomeHarvest,HomeHarvest Beef Stew Mix 200g,Convenience Foods,Meal Solutions,4089.2200000000000,3343.0700000000000,131,122,0,0,0,29.69,29.99
420014,Makro Claremont,Coastal Division,Western Cape Metro Region,Makro,6001007001127,HomeHarvest Chicken Curry Meal Base 200g,HomeHarvest,HomeHarvest Chicken Curry Meal Base 200g,Convenience Foods,Meal Solutions,3464.6700000000000,2828.7600000000000,100,94,0,0,1,35.4,31.99
420015,Makro Somerset West,Coastal Division,Western Cape Metro Region,Makro,6001007001011,SunTrail Original Crunch Cereal 500g,SunTrail,SunTrail Original Crunch Cereal 500g,Cereals,Ready-to-Eat Cereal,10785.5100000000000,10029.2500000000000,188,199,0,0,1,61.91,54.99
420015,Makro Somerset West,Coastal Division,Western Cape Metro Region,Makro,6001007001028,SunTrail Honey Rings Cereal 450g,SunTrail,SunTrail Honey Rings Cereal 450g,Cereals,Ready-to-Eat Cereal,9337.1400000000000,7903.5800000000000,140,137,0,0,0,61.81,59.99
420015,Makro Somerset West,Coastal Division,Western Cape Metro Region,Makro,6001007001035,MorningMelt Creamy Instant Oats 500g,MorningMelt,MorningMelt Creamy Instant Oats 500g,Cereals,Hot Cereals,7515.3800000000000,6039.3300000000000,153,142,0,0,0,46.93,44.99
420015,Makro Somerset West,Coastal Division,Western Cape Metro Region,Makro,6001007001042,MorningMelt Cinnamon Oats Sachets 10x35g,MorningMelt,MorningMelt Cinnamon Oats Sachets 10x35g,Cereals,Hot Cereals,6142.1400000000000,4912.6400000000003,118,107,0,0,0,48.75,49.99
420015,Makro Somerset West,Coastal Division,Western Cape Metro Region,Makro,6001007001059,SavannaSip Pure Rooibos Tea 80s,SavannaSip,SavannaSip Pure Rooibos Tea 80s,Beverages,Tea,11571.5400000000000,8722.3300000000000,166,144,0,0,0,67.07,64.99
420015,Makro Somerset West,Coastal Division,Western Cape Metro Region,Makro,6001007001066,SavannaSip Lemon Iced Tea 1.5L,SavannaSip,SavannaSip Lemon Iced Tea 1.5L,Beverages,Ready-to-Drink,8273.5600000000000,6000.7500000000000,301,250,0,0,0,25.6,24.99
420015,Makro Somerset West,Coastal Division,Western Cape Metro Region,Makro,6001007001073,CraveCraft Salted Maize Bites 125g,CraveCraft,CraveCraft Salted Maize Bites 125g,Snacks,Savoury Snacks,4498.5600000000004,3867.6700000000000,223,219,0,0,1,21.39,18.99
420015,Makro Somerset West,Coastal Division,Western Cape Metro Region,Makro,6001007001080,CraveCraft Chutney Maize Bites 125g,CraveCraft,CraveCraft Chutney Maize Bites 125g,Snacks,Savoury Snacks,4619.1800000000000,4387.0100000000000,227,248,0,0,1,21.03,18.99
420015,Makro Somerset West,Coastal Division,Western Cape Metro Region,Makro,6001007001097,CraveCraft Cheese Corn Puffs 100g,CraveCraft,CraveCraft Cheese Corn Puffs 100g,Snacks,Savoury Snacks,5405.1900000000000,4527.9500000000000,266,257,0,0,0,18.57,17.99
420015,Makro Somerset West,Coastal Division,Western Cape Metro Region,Makro,6001007001103,HomeHarvest Tomato & Herb Soup 500ml,HomeHarvest,HomeHarvest Tomato & Herb Soup 500ml,Convenience Foods,Soups,4854.6899999999996,3706.2300000000000,126,111,0,0,0,36.13,34.99
420015,Makro Somerset West,Coastal Division,Western Cape Metro Region,Makro,6001007001110,HomeHarvest Beef Stew Mix 200g,HomeHarvest,HomeHarvest Beef Stew Mix 200g,Convenience Foods,Meal Solutions,4440.7800000000000,3380.7600000000000,133,116,0,0,0,29.66,29.99
420015,Makro Somerset West,Coastal Division,Western Cape Metro Region,Makro,6001007001127,HomeHarvest Chicken Curry Meal Base 200g,HomeHarvest,HomeHarvest Chicken Curry Meal Base 200g,Convenience Foods,Meal Solutions,4852.0800000000000,3776.4900000000000,137,121,0,0,0,31.8,31.99
420016,Makro George,Coastal Division,Western Cape Coastal Region,Makro,6001007001011,SunTrail Original Crunch Cereal 500g,SunTrail,SunTrail Original Crunch Cereal 500g,Cereals,Ready-to-Eat Cereal,8894.7400000000000,7553.4300000000000,155,150,0,0,0,53.51,54.99
420016,Makro George,Coastal Division,Western Cape Coastal Region,Makro,6001007001028,SunTrail Honey Rings Cereal 450g,SunTrail,SunTrail Honey Rings Cereal 450g,Cereals,Ready-to-Eat Cereal,8550.7500000000000,7821.8400000000000,131,137,0,0,0,60.04,59.99
420016,Makro George,Coastal Division,Western Cape Coastal Region,Makro,6001007001035,MorningMelt Creamy Instant Oats 500g,MorningMelt,MorningMelt Creamy Instant Oats 500g,Cereals,Hot Cereals,6678.3000000000000,5880.8400000000000,135,136,0,0,0,46.23,44.99
420016,Makro George,Coastal Division,Western Cape Coastal Region,Makro,6001007001042,MorningMelt Cinnamon Oats Sachets 10x35g,MorningMelt,MorningMelt Cinnamon Oats Sachets 10x35g,Cereals,Hot Cereals,5675.9400000000000,4905.4799999999996,105,103,0,0,0,49.01,49.99
420016,Makro George,Coastal Division,Western Cape Coastal Region,Makro,6001007001059,SavannaSip Pure Rooibos Tea 80s,SavannaSip,SavannaSip Pure Rooibos Tea 80s,Beverages,Tea,9604.6400000000000,8042.5200000000000,138,131,0,0,0,66.44,64.99
420016,Makro George,Coastal Division,Western Cape Coastal Region,Makro,6001007001066,SavannaSip Lemon Iced Tea 1.5L,SavannaSip,SavannaSip Lemon Iced Tea 1.5L,Beverages,Ready-to-Drink,4754.2500000000000,3719.2000000000000,176,157,0,0,0,24.73,24.99
420016,Makro George,Coastal Division,Western Cape Coastal Region,Makro,6001007001073,CraveCraft Salted Maize Bites 125g,CraveCraft,CraveCraft Salted Maize Bites 125g,Snacks,Savoury Snacks,4944.6099999999997,4885.9600000000000,233,264,0,0,1,21.43,18.99
420016,Makro George,Coastal Division,Western Cape Coastal Region,Makro,6001007001080,CraveCraft Chutney Maize Bites 125g,CraveCraft,CraveCraft Chutney Maize Bites 125g,Snacks,Savoury Snacks,4517.8000000000000,4393.7500000000000,228,254,0,0,0,18.88,18.99
420016,Makro George,Coastal Division,Western Cape Coastal Region,Makro,6001007001097,CraveCraft Cheese Corn Puffs 100g,CraveCraft,CraveCraft Cheese Corn Puffs 100g,Snacks,Savoury Snacks,5112.4600000000000,4459.1300000000000,255,254,0,0,0,17.52,17.99
420016,Makro George,Coastal Division,Western Cape Coastal Region,Makro,6001007001103,HomeHarvest Tomato & Herb Soup 500ml,HomeHarvest,HomeHarvest Tomato & Herb Soup 500ml,Convenience Foods,Soups,3879.8900000000000,3363.2400000000000,105,104,0,0,0,35.78,34.99
420016,Makro George,Coastal Division,Western Cape Coastal Region,Makro,6001007001110,HomeHarvest Beef Stew Mix 200g,HomeHarvest,HomeHarvest Beef Stew Mix 200g,Convenience Foods,Meal Solutions,3345.6000000000000,2950.0500000000000,102,103,0,0,0,29.12,29.99
420016,Makro George,Coastal Division,Western Cape Coastal Region,Makro,6001007001127,HomeHarvest Chicken Curry Meal Base 200g,HomeHarvest,HomeHarvest Chicken Curry Meal Base 200g,Convenience Foods,Meal Solutions,4205.5600000000004,3548.8700000000000,118,115,0,0,0,32.7,31.99
420017,Makro Mossel Bay,Coastal Division,Western Cape Coastal Region,Makro,6001007001011,SunTrail Original Crunch Cereal 500g,SunTrail,SunTrail Original Crunch Cereal 500g,Cereals,Ready-to-Eat Cereal,9354.2999999999993,8421.2099999999991,156,162,0,0,0,54.88,54.99
420017,Makro Mossel Bay,Coastal Division,Western Cape Coastal Region,Makro,6001007001028,SunTrail Honey Rings Cereal 450g,SunTrail,SunTrail Honey Rings Cereal 450g,Cereals,Ready-to-Eat Cereal,8966.8700000000008,8685.8200000000000,141,156,0,0,1,66.45,59.99
420017,Makro Mossel Bay,Coastal Division,Western Cape Coastal Region,Makro,6001007001035,MorningMelt Creamy Instant Oats 500g,MorningMelt,MorningMelt Creamy Instant Oats 500g,Cereals,Hot Cereals,7062.4500000000000,6121.9600000000000,145,143,0,0,0,46.28,44.99
420017,Makro Mossel Bay,Coastal Division,Western Cape Coastal Region,Makro,6001007001042,MorningMelt Cinnamon Oats Sachets 10x35g,MorningMelt,MorningMelt Cinnamon Oats Sachets 10x35g,Cereals,Hot Cereals,4469.8400000000000,6464.5600000000000,84,140,1,0,0,49.32,49.99
420017,Makro Mossel Bay,Coastal Division,Western Cape Coastal Region,Makro,6001007001059,SavannaSip Pure Rooibos Tea 80s,SavannaSip,SavannaSip Pure Rooibos Tea 80s,Beverages,Tea,17373.0999999999990,13726.2500000000000,235,214,0,0,0,64.1,64.99
420017,Makro Mossel Bay,Coastal Division,Western Cape Coastal Region,Makro,6001007001066,SavannaSip Lemon Iced Tea 1.5L,SavannaSip,SavannaSip Lemon Iced Tea 1.5L,Beverages,Ready-to-Drink,6269.5200000000000,4942.8800000000000,236,211,0,0,0,25.4,24.99
420017,Makro Mossel Bay,Coastal Division,Western Cape Coastal Region,Makro,6001007001073,CraveCraft Salted Maize Bites 125g,CraveCraft,CraveCraft Salted Maize Bites 125g,Snacks,Savoury Snacks,6285.2400000000000,5728.5700000000000,303,317,0,0,0,18.65,18.99
420017,Makro Mossel Bay,Coastal Division,Western Cape Coastal Region,Makro,6001007001080,CraveCraft Chutney Maize Bites 125g,CraveCraft,CraveCraft Chutney Maize Bites 125g,Snacks,Savoury Snacks,6319.8100000000000,5899.2400000000000,308,329,0,0,0,19.49,18.99
420017,Makro Mossel Bay,Coastal Division,Western Cape Coastal Region,Makro,6001007001097,CraveCraft Cheese Corn Puffs 100g,CraveCraft,CraveCraft Cheese Corn Puffs 100g,Snacks,Savoury Snacks,4225.3100000000004,3702.5700000000000,206,208,0,0,0,17.51,17.99
420017,Makro Mossel Bay,Coastal Division,Western Cape Coastal Region,Makro,6001007001103,HomeHarvest Tomato & Herb Soup 500ml,HomeHarvest,HomeHarvest Tomato & Herb Soup 500ml,Convenience Foods,Soups,5503.5700000000000,4768.8900000000003,138,138,0,0,0,34.83,34.99
420017,Makro Mossel Bay,Coastal Division,Western Cape Coastal Region,Makro,6001007001110,HomeHarvest Beef Stew Mix 200g,HomeHarvest,HomeHarvest Beef Stew Mix 200g,Convenience Foods,Meal Solutions,3668.8500000000000,3088.6900000000000,115,110,0,0,0,30.76,29.99
420017,Makro Mossel Bay,Coastal Division,Western Cape Coastal Region,Makro,6001007001127,HomeHarvest Chicken Curry Meal Base 200g,HomeHarvest,HomeHarvest Chicken Curry Meal Base 200g,Convenience Foods,Meal Solutions,5340.1000000000000,4506.7500000000000,157,152,0,0,0,32.73,31.99
420018,Makro Paarl,Coastal Division,Western Cape Coastal Region,Makro,6001007001011,SunTrail Original Crunch Cereal 500g,SunTrail,SunTrail Original Crunch Cereal 500g,Cereals,Ready-to-Eat Cereal,9069.3300000000000,10923.5600000000000,152,210,0,1,0,56.85,54.99
420018,Makro Paarl,Coastal Division,Western Cape Coastal Region,Makro,6001007001028,SunTrail Honey Rings Cereal 450g,SunTrail,SunTrail Honey Rings Cereal 450g,Cereals,Ready-to-Eat Cereal,17154.5600000000010,14770.4000000000000,258,256,0,0,0,58.58,59.99
420018,Makro Paarl,Coastal Division,Western Cape Coastal Region,Makro,6001007001035,MorningMelt Creamy Instant Oats 500g,MorningMelt,MorningMelt Creamy Instant Oats 500g,Cereals,Hot Cereals,8470.9900000000000,7768.8800000000000,168,177,0,0,0,43.85,44.99
420018,Makro Paarl,Coastal Division,Western Cape Coastal Region,Makro,6001007001042,MorningMelt Cinnamon Oats Sachets 10x35g,MorningMelt,MorningMelt Cinnamon Oats Sachets 10x35g,Cereals,Hot Cereals,10618.2300000000000,9339.0600000000000,192,195,0,0,0,52.0,49.99
420018,Makro Paarl,Coastal Division,Western Cape Coastal Region,Makro,6001007001059,SavannaSip Pure Rooibos Tea 80s,SavannaSip,SavannaSip Pure Rooibos Tea 80s,Beverages,Tea,14962.9900000000000,12368.5800000000000,220,209,0,0,1,71.33,64.99
420018,Makro Paarl,Coastal Division,Western Cape Coastal Region,Makro,6001007001066,SavannaSip Lemon Iced Tea 1.5L,SavannaSip,SavannaSip Lemon Iced Tea 1.5L,Beverages,Ready-to-Drink,6848.6600000000000,6193.8200000000000,245,255,0,0,1,27.07,24.99
420018,Makro Paarl,Coastal Division,Western Cape Coastal Region,Makro,6001007001073,CraveCraft Salted Maize Bites 125g,CraveCraft,CraveCraft Salted Maize Bites 125g,Snacks,Savoury Snacks,9483.6100000000000,8296.0200000000000,473,470,0,0,0,19.44,18.99
420018,Makro Paarl,Coastal Division,Western Cape Coastal Region,Makro,6001007001080,CraveCraft Chutney Maize Bites 125g,CraveCraft,CraveCraft Chutney Maize Bites 125g,Snacks,Savoury Snacks,6857.4700000000000,6910.2300000000000,320,373,0,0,0,19.64,18.99
420018,Makro Paarl,Coastal Division,Western Cape Coastal Region,Makro,6001007001097,CraveCraft Cheese Corn Puffs 100g,CraveCraft,CraveCraft Cheese Corn Puffs 100g,Snacks,Savoury Snacks,7665.7800000000000,7277.2100000000000,373,409,0,0,1,20.06,17.99
420018,Makro Paarl,Coastal Division,Western Cape Coastal Region,Makro,6001007001103,HomeHarvest Tomato & Herb Soup 500ml,HomeHarvest,HomeHarvest Tomato & Herb Soup 500ml,Convenience Foods,Soups,8047.8800000000000,6559.9700000000000,205,191,0,0,0,35.97,34.99
420018,Makro Paarl,Coastal Division,Western Cape Coastal Region,Makro,6001007001110,HomeHarvest Beef Stew Mix 200g,HomeHarvest,HomeHarvest Beef Stew Mix 200g,Convenience Foods,Meal Solutions,3540.4300000000000,3928.2300000000000,108,138,0,1,0,29.91,29.99
420018,Makro Paarl,Coastal Division,Western Cape Coastal Region,Makro,6001007001127,HomeHarvest Chicken Curry Meal Base 200g,HomeHarvest,HomeHarvest Chicken Curry Meal Base 200g,Convenience Foods,Meal Solutions,4565.7100000000000,4455.0100000000000,135,150,0,0,1,35.19,31.99
420019,Makro Worcester,Coastal Division,Western Cape Coastal Region,Makro,6001007001011,SunTrail Original Crunch Cereal 500g,SunTrail,SunTrail Original Crunch Cereal 500g,Cereals,Ready-to-Eat Cereal,14522.8400000000000,12276.7600000000000,246,238,0,0,0,55.45,54.99
420019,Makro Worcester,Coastal Division,Western Cape Coastal Region,Makro,6001007001028,SunTrail Honey Rings Cereal 450g,SunTrail,SunTrail Honey Rings Cereal 450g,Cereals,Ready-to-Eat Cereal,11312.0800000000000,11059.6200000000000,171,191,0,0,1,64.82,59.99
420019,Makro Worcester,Coastal Division,Western Cape Coastal Region,Makro,6001007001035,MorningMelt Creamy Instant Oats 500g,MorningMelt,MorningMelt Creamy Instant Oats 500g,Cereals,Hot Cereals,7934.4800000000000,7467.5600000000000,169,181,0,0,0,46.18,44.99
420019,Makro Worcester,Coastal Division,Western Cape Coastal Region,Makro,6001007001042,MorningMelt Cinnamon Oats Sachets 10x35g,MorningMelt,MorningMelt Cinnamon Oats Sachets 10x35g,Cereals,Hot Cereals,8378.0800000000000,7258.9800000000000,155,155,0,0,0,49.79,49.99
420019,Makro Worcester,Coastal Division,Western Cape Coastal Region,Makro,6001007001059,SavannaSip Pure Rooibos Tea 80s,SavannaSip,SavannaSip Pure Rooibos Tea 80s,Beverages,Tea,15564.0300000000000,12928.5700000000000,215,206,0,0,0,67.9,64.99
420019,Makro Worcester,Coastal Division,Western Cape Coastal Region,Makro,6001007001066,SavannaSip Lemon Iced Tea 1.5L,SavannaSip,SavannaSip Lemon Iced Tea 1.5L,Beverages,Ready-to-Drink,10372.3100000000000,8351.8100000000000,370,338,0,0,0,25.48,24.99
420019,Makro Worcester,Coastal Division,Western Cape Coastal Region,Makro,6001007001073,CraveCraft Salted Maize Bites 125g,CraveCraft,CraveCraft Salted Maize Bites 125g,Snacks,Savoury Snacks,7006.9100000000000,6195.0400000000000,349,352,0,0,0,19.43,18.99
420019,Makro Worcester,Coastal Division,Western Cape Coastal Region,Makro,6001007001080,CraveCraft Chutney Maize Bites 125g,CraveCraft,CraveCraft Chutney Maize Bites 125g,Snacks,Savoury Snacks,4953.6099999999997,4782.1800000000000,232,259,0,0,0,19.35,18.99
420019,Makro Worcester,Coastal Division,Western Cape Coastal Region,Makro,6001007001097,CraveCraft Cheese Corn Puffs 100g,CraveCraft,CraveCraft Cheese Corn Puffs 100g,Snacks,Savoury Snacks,7055.3800000000000,6232.3400000000000,365,372,0,0,0,17.77,17.99
420019,Makro Worcester,Coastal Division,Western Cape Coastal Region,Makro,6001007001103,HomeHarvest Tomato & Herb Soup 500ml,HomeHarvest,HomeHarvest Tomato & Herb Soup 500ml,Convenience Foods,Soups,3973.2500000000000,4544.9600000000000,102,134,0,1,0,36.14,34.99
420019,Makro Worcester,Coastal Division,Western Cape Coastal Region,Makro,6001007001110,HomeHarvest Beef Stew Mix 200g,HomeHarvest,HomeHarvest Beef Stew Mix 200g,Convenience Foods,Meal Solutions,5706.6500000000000,4882.5000000000000,173,169,0,0,0,29.38,29.99
420019,Makro Worcester,Coastal Division,Western Cape Coastal Region,Makro,6001007001127,HomeHarvest Chicken Curry Meal Base 200g,HomeHarvest,HomeHarvest Chicken Curry Meal Base 200g,Convenience Foods,Meal Solutions,4866.4200000000000,4259.0100000000000,142,142,0,0,0,31.29,31.99
420020,Makro Vredenburg,Coastal Division,Western Cape Coastal Region,Makro,6001007001011,SunTrail Original Crunch Cereal 500g,SunTrail,SunTrail Original Crunch Cereal 500g,Cereals,Ready-to-Eat Cereal,14631.9600000000000,13058.4900000000000,235,241,0,0,0,55.08,54.99
420020,Makro Vredenburg,Coastal Division,Western Cape Coastal Region,Makro,6001007001028,SunTrail Honey Rings Cereal 450g,SunTrail,SunTrail Honey Rings Cereal 450g,Cereals,Ready-to-Eat Cereal,11117.6300000000000,10268.2099999999990,178,187,0,0,0,62.69,59.99
420020,Makro Vredenburg,Coastal Division,Western Cape Coastal Region,Makro,6001007001035,MorningMelt Creamy Instant Oats 500g,MorningMelt,MorningMelt Creamy Instant Oats 500g,Cereals,Hot Cereals,8373.1400000000000,7384.8000000000000,164,167,0,0,0,46.98,44.99
420020,Makro Vredenburg,Coastal Division,Western Cape Coastal Region,Makro,6001007001042,MorningMelt Cinnamon Oats Sachets 10x35g,MorningMelt,MorningMelt Cinnamon Oats Sachets 10x35g,Cereals,Hot Cereals,8992.2600000000000,7940.9200000000000,158,161,0,0,0,48.61,49.99
420020,Makro Vredenburg,Coastal Division,Western Cape Coastal Region,Makro,6001007001059,SavannaSip Pure Rooibos Tea 80s,SavannaSip,SavannaSip Pure Rooibos Tea 80s,Beverages,Tea,17734.6200000000000,14018.3000000000000,255,232,0,0,0,67.04,64.99
420020,Makro Vredenburg,Coastal Division,Western Cape Coastal Region,Makro,6001007001066,SavannaSip Lemon Iced Tea 1.5L,SavannaSip,SavannaSip Lemon Iced Tea 1.5L,Beverages,Ready-to-Drink,8784.7600000000000,7407.4800000000000,331,320,0,0,0,24.24,24.99
420020,Makro Vredenburg,Coastal Division,Western Cape Coastal Region,Makro,6001007001073,CraveCraft Salted Maize Bites 125g,CraveCraft,CraveCraft Salted Maize Bites 125g,Snacks,Savoury Snacks,6993.7000000000000,5998.0700000000000,350,346,0,0,0,18.92,18.99
420020,Makro Vredenburg,Coastal Division,Western Cape Coastal Region,Makro,6001007001080,CraveCraft Chutney Maize Bites 125g,CraveCraft,CraveCraft Chutney Maize Bites 125g,Snacks,Savoury Snacks,5312.1700000000000,4909.9700000000000,251,268,0,0,0,18.86,18.99
420020,Makro Vredenburg,Coastal Division,Western Cape Coastal Region,Makro,6001007001097,CraveCraft Cheese Corn Puffs 100g,CraveCraft,CraveCraft Cheese Corn Puffs 100g,Snacks,Savoury Snacks,6310.6600000000000,5801.6700000000000,324,344,0,0,0,18.5,17.99
420020,Makro Vredenburg,Coastal Division,Western Cape Coastal Region,Makro,6001007001103,HomeHarvest Tomato & Herb Soup 500ml,HomeHarvest,HomeHarvest Tomato & Herb Soup 500ml,Convenience Foods,Soups,7290.7000000000000,6270.0700000000000,191,188,0,0,0,34.65,34.99
420020,Makro Vredenburg,Coastal Division,Western Cape Coastal Region,Makro,6001007001110,HomeHarvest Beef Stew Mix 200g,HomeHarvest,HomeHarvest Beef Stew Mix 200g,Convenience Foods,Meal Solutions,3992.5100000000000,3381.2900000000000,120,116,0,0,0,29.89,29.99
420020,Makro Vredenburg,Coastal Division,Western Cape Coastal Region,Makro,6001007001127,HomeHarvest Chicken Curry Meal Base 200g,HomeHarvest,HomeHarvest Chicken Curry Meal Base 200g,Convenience Foods,Meal Solutions,5655.0200000000000,5390.4000000000000,158,174,0,0,1,35.06,31.99
420021,Makro Durban North,KZN & Eastern Cape Division,KwaZulu-Natal Region,Makro,6001007001011,SunTrail Original Crunch Cereal 500g,SunTrail,SunTrail Original Crunch Cereal 500g,Cereals,Ready-to-Eat Cereal,12304.3800000000000,10391.4100000000000,215,207,0,0,0,56.31,54.99
420021,Makro Durban North,KZN & Eastern Cape Division,KwaZulu-Natal Region,Makro,6001007001028,SunTrail Honey Rings Cereal 450g,SunTrail,SunTrail Honey Rings Cereal 450g,Cereals,Ready-to-Eat Cereal,13546.8100000000000,11666.9400000000000,206,203,0,0,0,61.85,59.99
420021,Makro Durban North,KZN & Eastern Cape Division,KwaZulu-Natal Region,Makro,6001007001035,MorningMelt Creamy Instant Oats 500g,MorningMelt,MorningMelt Creamy Instant Oats 500g,Cereals,Hot Cereals,9355.2999999999993,8506.1200000000008,193,199,0,0,0,44.33,44.99
420021,Makro Durban North,KZN & Eastern Cape Division,KwaZulu-Natal Region,Makro,6001007001042,MorningMelt Cinnamon Oats Sachets 10x35g,MorningMelt,MorningMelt Cinnamon Oats Sachets 10x35g,Cereals,Hot Cereals,9171.9900000000000,7702.9300000000000,171,163,0,0,0,49.94,49.99
420021,Makro Durban North,KZN & Eastern Cape Division,KwaZulu-Natal Region,Makro,6001007001059,SavannaSip Pure Rooibos Tea 80s,SavannaSip,SavannaSip Pure Rooibos Tea 80s,Beverages,Tea,17011.5200000000000,13827.5900000000000,236,219,0,0,0,63.76,64.99
420021,Makro Durban North,KZN & Eastern Cape Division,KwaZulu-Natal Region,Makro,6001007001066,SavannaSip Lemon Iced Tea 1.5L,SavannaSip,SavannaSip Lemon Iced Tea 1.5L,Beverages,Ready-to-Drink,7173.2900000000000,6374.5100000000000,272,279,0,0,1,27.02,24.99
420021,Makro Durban North,KZN & Eastern Cape Division,KwaZulu-Natal Region,Makro,6001007001073,CraveCraft Salted Maize Bites 125g,CraveCraft,CraveCraft Salted Maize Bites 125g,Snacks,Savoury Snacks,6517.6700000000000,5624.2600000000000,321,319,0,0,0,18.7,18.99
420021,Makro Durban North,KZN & Eastern Cape Division,KwaZulu-Natal Region,Makro,6001007001080,CraveCraft Chutney Maize Bites 125g,CraveCraft,CraveCraft Chutney Maize Bites 125g,Snacks,Savoury Snacks,5050.0300000000000,5057.8400000000000,249,285,0,0,0,19.63,18.99
420021,Makro Durban North,KZN & Eastern Cape Division,KwaZulu-Natal Region,Makro,6001007001097,CraveCraft Cheese Corn Puffs 100g,CraveCraft,CraveCraft Cheese Corn Puffs 100g,Snacks,Savoury Snacks,5724.7500000000000,4767.5900000000000,287,276,0,0,0,18.32,17.99
420021,Makro Durban North,KZN & Eastern Cape Division,KwaZulu-Natal Region,Makro,6001007001103,HomeHarvest Tomato & Herb Soup 500ml,HomeHarvest,HomeHarvest Tomato & Herb Soup 500ml,Convenience Foods,Soups,6445.8600000000000,5782.8500000000000,165,171,0,0,1,38.94,34.99
420021,Makro Durban North,KZN & Eastern Cape Division,KwaZulu-Natal Region,Makro,6001007001110,HomeHarvest Beef Stew Mix 200g,HomeHarvest,HomeHarvest Beef Stew Mix 200g,Convenience Foods,Meal Solutions,4802.9799999999996,4057.0300000000000,145,141,0,0,0,30.67,29.99
420021,Makro Durban North,KZN & Eastern Cape Division,KwaZulu-Natal Region,Makro,6001007001127,HomeHarvest Chicken Curry Meal Base 200g,HomeHarvest,HomeHarvest Chicken Curry Meal Base 200g,Convenience Foods,Meal Solutions,3995.2200000000000,4164.6300000000000,110,132,0,1,0,31.06,31.99
420022,Makro Pinetown,KZN & Eastern Cape Division,KwaZulu-Natal Region,Makro,6001007001011,SunTrail Original Crunch Cereal 500g,SunTrail,SunTrail Original Crunch Cereal 500g,Cereals,Ready-to-Eat Cereal,12272.4200000000000,11077.3700000000000,210,215,0,0,0,56.89,54.99
420022,Makro Pinetown,KZN & Eastern Cape Division,KwaZulu-Natal Region,Makro,6001007001028,SunTrail Honey Rings Cereal 450g,SunTrail,SunTrail Honey Rings Cereal 450g,Cereals,Ready-to-Eat Cereal,10075.9599999999990,9523.2600000000000,154,167,0,0,1,67.59,59.99
420022,Makro Pinetown,KZN & Eastern Cape Division,KwaZulu-Natal Region,Makro,6001007001035,MorningMelt Creamy Instant Oats 500g,MorningMelt,MorningMelt Creamy Instant Oats 500g,Cereals,Hot Cereals,6052.2100000000000,5149.7400000000000,119,116,0,0,0,44.2,44.99
420022,Makro Pinetown,KZN & Eastern Cape Division,KwaZulu-Natal Region,Makro,6001007001042,MorningMelt Cinnamon Oats Sachets 10x35g,MorningMelt,MorningMelt Cinnamon Oats Sachets 10x35g,Cereals,Hot Cereals,7330.1200000000000,6775.2200000000000,138,147,0,0,0,50.9,49.99
420022,Makro Pinetown,KZN & Eastern Cape Division,KwaZulu-Natal Region,Makro,6001007001059,SavannaSip Pure Rooibos Tea 80s,SavannaSip,SavannaSip Pure Rooibos Tea 80s,Beverages,Tea,14404.7400000000000,11497.1900000000000,209,190,0,0,0,65.69,64.99
420022,Makro Pinetown,KZN & Eastern Cape Division,KwaZulu-Natal Region,Makro,6001007001066,SavannaSip Lemon Iced Tea 1.5L,SavannaSip,SavannaSip Lemon Iced Tea 1.5L,Beverages,Ready-to-Drink,6720.6000000000000,5338.2800000000000,245,224,0,0,0,24.4,24.99
420022,Makro Pinetown,KZN & Eastern Cape Division,KwaZulu-Natal Region,Makro,6001007001073,CraveCraft Salted Maize Bites 125g,CraveCraft,CraveCraft Salted Maize Bites 125g,Snacks,Savoury Snacks,6416.9000000000000,5324.4800000000000,316,303,0,0,0,18.59,18.99
420022,Makro Pinetown,KZN & Eastern Cape Division,KwaZulu-Natal Region,Makro,6001007001080,CraveCraft Chutney Maize Bites 125g,CraveCraft,CraveCraft Chutney Maize Bites 125g,Snacks,Savoury Snacks,5187.1000000000004,5144.4399999999996,247,278,0,0,0,18.58,18.99
420022,Makro Pinetown,KZN & Eastern Cape Division,KwaZulu-Natal Region,Makro,6001007001097,CraveCraft Cheese Corn Puffs 100g,CraveCraft,CraveCraft Cheese Corn Puffs 100g,Snacks,Savoury Snacks,4988.8800000000000,4343.7800000000000,258,256,0,0,0,18.13,17.99
420022,Makro Pinetown,KZN & Eastern Cape Division,KwaZulu-Natal Region,Makro,6001007001103,HomeHarvest Tomato & Herb Soup 500ml,HomeHarvest,HomeHarvest Tomato & Herb Soup 500ml,Convenience Foods,Soups,5442.0800000000000,4765.4399999999996,150,149,0,0,0,34.81,34.99
420022,Makro Pinetown,KZN & Eastern Cape Division,KwaZulu-Natal Region,Makro,6001007001110,HomeHarvest Beef Stew Mix 200g,HomeHarvest,HomeHarvest Beef Stew Mix 200g,Convenience Foods,Meal Solutions,3616.5000000000000,3090.3800000000000,108,105,0,0,0,29.44,29.99
420022,Makro Pinetown,KZN & Eastern Cape Division,KwaZulu-Natal Region,Makro,6001007001127,HomeHarvest Chicken Curry Meal Base 200g,HomeHarvest,HomeHarvest Chicken Curry Meal Base 200g,Convenience Foods,Meal Solutions,4668.8200000000000,3886.4000000000000,128,123,0,0,0,31.85,31.99
420023,Makro Pietermaritzburg,KZN & Eastern Cape Division,KwaZulu-Natal Region,Makro,6001007001011,SunTrail Original Crunch Cereal 500g,SunTrail,SunTrail Original Crunch Cereal 500g,Cereals,Ready-to-Eat Cereal,16627.6100000000000,14031.2300000000000,281,270,0,0,0,55.97,54.99
420023,Makro Pietermaritzburg,KZN & Eastern Cape Division,KwaZulu-Natal Region,Makro,6001007001028,SunTrail Honey Rings Cereal 450g,SunTrail,SunTrail Honey Rings Cereal 450g,Cereals,Ready-to-Eat Cereal,14146.1400000000000,12594.2500000000000,221,223,0,0,0,58.31,59.99
420023,Makro Pietermaritzburg,KZN & Eastern Cape Division,KwaZulu-Natal Region,Makro,6001007001035,MorningMelt Creamy Instant Oats 500g,MorningMelt,MorningMelt Creamy Instant Oats 500g,Cereals,Hot Cereals,9426.9599999999991,7969.5900000000000,195,190,0,0,0,46.9,44.99
420023,Makro Pietermaritzburg,KZN & Eastern Cape Division,KwaZulu-Natal Region,Makro,6001007001042,MorningMelt Cinnamon Oats Sachets 10x35g,MorningMelt,MorningMelt Cinnamon Oats Sachets 10x35g,Cereals,Hot Cereals,8373.7400000000000,7423.2400000000000,150,152,0,0,0,51.72,49.99
420023,Makro Pietermaritzburg,KZN & Eastern Cape Division,KwaZulu-Natal Region,Makro,6001007001059,SavannaSip Pure Rooibos Tea 80s,SavannaSip,SavannaSip Pure Rooibos Tea 80s,Beverages,Tea,15088.8800000000000,11476.2500000000000,211,184,0,0,0,67.48,64.99
420023,Makro Pietermaritzburg,KZN & Eastern Cape Division,KwaZulu-Natal Region,Makro,6001007001066,SavannaSip Lemon Iced Tea 1.5L,SavannaSip,SavannaSip Lemon Iced Tea 1.5L,Beverages,Ready-to-Drink,6540.4200000000000,5085.3200000000000,247,222,0,0,0,24.67,24.99
420023,Makro Pietermaritzburg,KZN & Eastern Cape Division,KwaZulu-Natal Region,Makro,6001007001073,CraveCraft Salted Maize Bites 125g,CraveCraft,CraveCraft Salted Maize Bites 125g,Snacks,Savoury Snacks,6649.4200000000000,6160.0200000000000,329,350,0,0,0,18.86,18.99
420023,Makro Pietermaritzburg,KZN & Eastern Cape Division,KwaZulu-Natal Region,Makro,6001007001080,CraveCraft Chutney Maize Bites 125g,CraveCraft,CraveCraft Chutney Maize Bites 125g,Snacks,Savoury Snacks,5409.4600000000000,5426.4700000000000,256,295,0,0,0,19.49,18.99
420023,Makro Pietermaritzburg,KZN & Eastern Cape Division,KwaZulu-Natal Region,Makro,6001007001097,CraveCraft Cheese Corn Puffs 100g,CraveCraft,CraveCraft Cheese Corn Puffs 100g,Snacks,Savoury Snacks,5043.9500000000000,4467.2000000000000,252,253,0,0,0,17.96,17.99
420023,Makro Pietermaritzburg,KZN & Eastern Cape Division,KwaZulu-Natal Region,Makro,6001007001103,HomeHarvest Tomato & Herb Soup 500ml,HomeHarvest,HomeHarvest Tomato & Herb Soup 500ml,Convenience Foods,Soups,7055.6000000000000,5746.5900000000000,183,169,0,0,0,35.44,34.99
420023,Makro Pietermaritzburg,KZN & Eastern Cape Division,KwaZulu-Natal Region,Makro,6001007001110,HomeHarvest Beef Stew Mix 200g,HomeHarvest,HomeHarvest Beef Stew Mix 200g,Convenience Foods,Meal Solutions,5182.2000000000000,4465.2000000000000,162,161,0,0,0,29.14,29.99
420023,Makro Pietermaritzburg,KZN & Eastern Cape Division,KwaZulu-Natal Region,Makro,6001007001127,HomeHarvest Chicken Curry Meal Base 200g,HomeHarvest,HomeHarvest Chicken Curry Meal Base 200g,Convenience Foods,Meal Solutions,5386.0700000000000,4829.8500000000004,160,164,0,0,1,35.73,31.99
420024,Makro Richards Bay,KZN & Eastern Cape Division,KwaZulu-Natal Region,Makro,6001007001011,SunTrail Original Crunch Cereal 500g,SunTrail,SunTrail Original Crunch Cereal 500g,Cereals,Ready-to-Eat Cereal,12342.9100000000000,10840.7700000000000,200,202,0,0,0,54.0,54.99
420024,Makro Richards Bay,KZN & Eastern Cape Division,KwaZulu-Natal Region,Makro,6001007001028,SunTrail Honey Rings Cereal 450g,SunTrail,SunTrail Honey Rings Cereal 450g,Cereals,Ready-to-Eat Cereal,11629.7000000000000,9822.2700000000000,183,176,0,0,0,59.37,59.99
420024,Makro Richards Bay,KZN & Eastern Cape Division,KwaZulu-Natal Region,Makro,6001007001035,MorningMelt Creamy Instant Oats 500g,MorningMelt,MorningMelt Creamy Instant Oats 500g,Cereals,Hot Cereals,8189.5000000000000,7085.3900000000000,168,168,0,0,0,43.72,44.99
420024,Makro Richards Bay,KZN & Eastern Cape Division,KwaZulu-Natal Region,Makro,6001007001042,MorningMelt Cinnamon Oats Sachets 10x35g,MorningMelt,MorningMelt Cinnamon Oats Sachets 10x35g,Cereals,Hot Cereals,6641.3700000000000,6154.2200000000000,121,128,0,0,0,51.95,49.99
420024,Makro Richards Bay,KZN & Eastern Cape Division,KwaZulu-Natal Region,Makro,6001007001059,SavannaSip Pure Rooibos Tea 80s,SavannaSip,SavannaSip Pure Rooibos Tea 80s,Beverages,Tea,13225.0000000000000,10979.4300000000000,187,176,0,0,1,71.5,64.99
420024,Makro Richards Bay,KZN & Eastern Cape Division,KwaZulu-Natal Region,Makro,6001007001066,SavannaSip Lemon Iced Tea 1.5L,SavannaSip,SavannaSip Lemon Iced Tea 1.5L,Beverages,Ready-to-Drink,6808.9800000000000,5583.4400000000000,252,236,0,0,0,24.4,24.99
420024,Makro Richards Bay,KZN & Eastern Cape Division,KwaZulu-Natal Region,Makro,6001007001073,CraveCraft Salted Maize Bites 125g,CraveCraft,CraveCraft Salted Maize Bites 125g,Snacks,Savoury Snacks,5696.2300000000000,4928.4300000000000,275,274,0,0,0,18.86,18.99
420024,Makro Richards Bay,KZN & Eastern Cape Division,KwaZulu-Natal Region,Makro,6001007001080,CraveCraft Chutney Maize Bites 125g,CraveCraft,CraveCraft Chutney Maize Bites 125g,Snacks,Savoury Snacks,3530.4000000000000,5129.9399999999996,173,285,1,0,0,19.71,18.99
420024,Makro Richards Bay,KZN & Eastern Cape Division,KwaZulu-Natal Region,Makro,6001007001097,CraveCraft Cheese Corn Puffs 100g,CraveCraft,CraveCraft Cheese Corn Puffs 100g,Snacks,Savoury Snacks,5814.9400000000000,5116.9300000000000,304,304,0,0,0,17.83,17.99
420024,Makro Richards Bay,KZN & Eastern Cape Division,KwaZulu-Natal Region,Makro,6001007001103,HomeHarvest Tomato & Herb Soup 500ml,HomeHarvest,HomeHarvest Tomato & Herb Soup 500ml,Convenience Foods,Soups,6063.8900000000000,4850.4700000000000,165,151,0,0,0,35.72,34.99
420024,Makro Richards Bay,KZN & Eastern Cape Division,KwaZulu-Natal Region,Makro,6001007001110,HomeHarvest Beef Stew Mix 200g,HomeHarvest,HomeHarvest Beef Stew Mix 200g,Convenience Foods,Meal Solutions,5049.2800000000000,4421.2700000000004,160,162,0,0,1,33.3,29.99
420024,Makro Richards Bay,KZN & Eastern Cape Division,KwaZulu-Natal Region,Makro,6001007001127,HomeHarvest Chicken Curry Meal Base 200g,HomeHarvest,HomeHarvest Chicken Curry Meal Base 200g,Convenience Foods,Meal Solutions,4431.7700000000004,3741.1600000000000,125,120,0,0,0,32.92,31.99
420025,Makro Ballito,KZN & Eastern Cape Division,KwaZulu-Natal Region,Makro,6001007001011,SunTrail Original Crunch Cereal 500g,SunTrail,SunTrail Original Crunch Cereal 500g,Cereals,Ready-to-Eat Cereal,15814.6900000000000,13098.4200000000000,271,259,0,0,0,55.05,54.99
420025,Makro Ballito,KZN & Eastern Cape Division,KwaZulu-Natal Region,Makro,6001007001028,SunTrail Honey Rings Cereal 450g,SunTrail,SunTrail Honey Rings Cereal 450g,Cereals,Ready-to-Eat Cereal,11106.0600000000000,9309.4000000000000,172,165,0,0,0,62.43,59.99
420025,Makro Ballito,KZN & Eastern Cape Division,KwaZulu-Natal Region,Makro,6001007001035,MorningMelt Creamy Instant Oats 500g,MorningMelt,MorningMelt Creamy Instant Oats 500g,Cereals,Hot Cereals,6327.7200000000000,6086.2500000000000,126,140,0,0,1,49.43,44.99
420025,Makro Ballito,KZN & Eastern Cape Division,KwaZulu-Natal Region,Makro,6001007001042,MorningMelt Cinnamon Oats Sachets 10x35g,MorningMelt,MorningMelt Cinnamon Oats Sachets 10x35g,Cereals,Hot Cereals,8220.0700000000000,7284.7800000000000,152,153,0,0,0,50.56,49.99
420025,Makro Ballito,KZN & Eastern Cape Division,KwaZulu-Natal Region,Makro,6001007001059,SavannaSip Pure Rooibos Tea 80s,SavannaSip,SavannaSip Pure Rooibos Tea 80s,Beverages,Tea,16539.5900000000000,13536.9400000000000,240,227,0,0,0,67.48,64.99
420025,Makro Ballito,KZN & Eastern Cape Division,KwaZulu-Natal Region,Makro,6001007001066,SavannaSip Lemon Iced Tea 1.5L,SavannaSip,SavannaSip Lemon Iced Tea 1.5L,Beverages,Ready-to-Drink,9380.1400000000000,7817.6300000000000,337,324,0,0,1,27.1,24.99
420025,Makro Ballito,KZN & Eastern Cape Division,KwaZulu-Natal Region,Makro,6001007001073,CraveCraft Salted Maize Bites 125g,CraveCraft,CraveCraft Salted Maize Bites 125g,Snacks,Savoury Snacks,8498.4699999999993,7330.4300000000000,406,397,0,0,0,18.45,18.99
420025,Makro Ballito,KZN & Eastern Cape Division,KwaZulu-Natal Region,Makro,6001007001080,CraveCraft Chutney Maize Bites 125g,CraveCraft,CraveCraft Chutney Maize Bites 125g,Snacks,Savoury Snacks,4423.3200000000000,4551.8599999999997,210,245,0,0,0,19.14,18.99
420025,Makro Ballito,KZN & Eastern Cape Division,KwaZulu-Natal Region,Makro,6001007001097,CraveCraft Cheese Corn Puffs 100g,CraveCraft,CraveCraft Cheese Corn Puffs 100g,Snacks,Savoury Snacks,4482.0000000000000,5493.0800000000000,237,330,0,1,1,19.97,17.99
420025,Makro Ballito,KZN & Eastern Cape Division,KwaZulu-Natal Region,Makro,6001007001103,HomeHarvest Tomato & Herb Soup 500ml,HomeHarvest,HomeHarvest Tomato & Herb Soup 500ml,Convenience Foods,Soups,6223.7900000000000,5645.7000000000000,167,172,0,0,1,37.57,34.99
420025,Makro Ballito,KZN & Eastern Cape Division,KwaZulu-Natal Region,Makro,6001007001110,HomeHarvest Beef Stew Mix 200g,HomeHarvest,HomeHarvest Beef Stew Mix 200g,Convenience Foods,Meal Solutions,5605.3000000000000,4511.9100000000000,171,158,0,0,0,30.46,29.99
420025,Makro Ballito,KZN & Eastern Cape Division,KwaZulu-Natal Region,Makro,6001007001127,HomeHarvest Chicken Curry Meal Base 200g,HomeHarvest,HomeHarvest Chicken Curry Meal Base 200g,Convenience Foods,Meal Solutions,5344.3800000000000,4663.2900000000000,152,151,0,0,0,33.03,31.99
420026,Makro Gqeberha,KZN & Eastern Cape Division,Eastern Cape Region,Makro,6001007001011,SunTrail Original Crunch Cereal 500g,SunTrail,SunTrail Original Crunch Cereal 500g,Cereals,Ready-to-Eat Cereal,10779.3100000000000,11342.0500000000000,178,216,0,0,1,61.51,54.99
420026,Makro Gqeberha,KZN & Eastern Cape Division,Eastern Cape Region,Makro,6001007001028,SunTrail Honey Rings Cereal 450g,SunTrail,SunTrail Honey Rings Cereal 450g,Cereals,Ready-to-Eat Cereal,9553.0700000000000,9242.3300000000000,147,164,0,0,0,62.24,59.99
420026,Makro Gqeberha,KZN & Eastern Cape Division,Eastern Cape Region,Makro,6001007001035,MorningMelt Creamy Instant Oats 500g,MorningMelt,MorningMelt Creamy Instant Oats 500g,Cereals,Hot Cereals,6654.9900000000000,6129.8100000000000,136,144,0,0,0,46.58,44.99
420026,Makro Gqeberha,KZN & Eastern Cape Division,Eastern Cape Region,Makro,6001007001042,MorningMelt Cinnamon Oats Sachets 10x35g,MorningMelt,MorningMelt Cinnamon Oats Sachets 10x35g,Cereals,Hot Cereals,6130.3600000000000,6113.0600000000000,112,127,0,0,1,55.54,49.99
420026,Makro Gqeberha,KZN & Eastern Cape Division,Eastern Cape Region,Makro,6001007001059,SavannaSip Pure Rooibos Tea 80s,SavannaSip,SavannaSip Pure Rooibos Tea 80s,Beverages,Tea,15585.0800000000000,12969.6400000000000,221,209,0,0,0,67.24,64.99
420026,Makro Gqeberha,KZN & Eastern Cape Division,Eastern Cape Region,Makro,6001007001066,SavannaSip Lemon Iced Tea 1.5L,SavannaSip,SavannaSip Lemon Iced Tea 1.5L,Beverages,Ready-to-Drink,7943.4500000000000,7004.8200000000000,291,296,0,0,0,25.91,24.99
420026,Makro Gqeberha,KZN & Eastern Cape Division,Eastern Cape Region,Makro,6001007001073,CraveCraft Salted Maize Bites 125g,CraveCraft,CraveCraft Salted Maize Bites 125g,Snacks,Savoury Snacks,5586.8500000000000,5461.7200000000000,274,309,0,0,0,19.66,18.99
420026,Makro Gqeberha,KZN & Eastern Cape Division,Eastern Cape Region,Makro,6001007001080,CraveCraft Chutney Maize Bites 125g,CraveCraft,CraveCraft Chutney Maize Bites 125g,Snacks,Savoury Snacks,3324.5800000000000,4211.5400000000000,167,242,0,0,1,21.39,18.99
420026,Makro Gqeberha,KZN & Eastern Cape Division,Eastern Cape Region,Makro,6001007001097,CraveCraft Cheese Corn Puffs 100g,CraveCraft,CraveCraft Cheese Corn Puffs 100g,Snacks,Savoury Snacks,4173.9399999999996,3785.9600000000000,208,217,0,0,0,17.52,17.99
420026,Makro Gqeberha,KZN & Eastern Cape Division,Eastern Cape Region,Makro,6001007001103,HomeHarvest Tomato & Herb Soup 500ml,HomeHarvest,HomeHarvest Tomato & Herb Soup 500ml,Convenience Foods,Soups,4791.3500000000004,4159.7200000000000,132,130,0,0,0,34.58,34.99
420026,Makro Gqeberha,KZN & Eastern Cape Division,Eastern Cape Region,Makro,6001007001110,HomeHarvest Beef Stew Mix 200g,HomeHarvest,HomeHarvest Beef Stew Mix 200g,Convenience Foods,Meal Solutions,3152.1000000000000,3170.2800000000000,94,108,0,0,1,32.08,29.99
420026,Makro Gqeberha,KZN & Eastern Cape Division,Eastern Cape Region,Makro,6001007001127,HomeHarvest Chicken Curry Meal Base 200g,HomeHarvest,HomeHarvest Chicken Curry Meal Base 200g,Convenience Foods,Meal Solutions,5354.2900000000000,5119.6300000000000,147,162,0,0,0,31.77,31.99
420027,Makro East London,KZN & Eastern Cape Division,Eastern Cape Region,Makro,6001007001011,SunTrail Original Crunch Cereal 500g,SunTrail,SunTrail Original Crunch Cereal 500g,Cereals,Ready-to-Eat Cereal,11519.2400000000000,12511.0700000000000,185,232,0,0,1,61.33,54.99
420027,Makro East London,KZN & Eastern Cape Division,Eastern Cape Region,Makro,6001007001028,SunTrail Honey Rings Cereal 450g,SunTrail,SunTrail Honey Rings Cereal 450g,Cereals,Ready-to-Eat Cereal,15750.7100000000000,14200.0800000000000,246,254,0,0,0,58.29,59.99
420027,Makro East London,KZN & Eastern Cape Division,Eastern Cape Region,Makro,6001007001035,MorningMelt Creamy Instant Oats 500g,MorningMelt,MorningMelt Creamy Instant Oats 500g,Cereals,Hot Cereals,9662.6900000000000,9635.0100000000000,201,228,0,0,0,44.59,44.99
420027,Makro East London,KZN & Eastern Cape Division,Eastern Cape Region,Makro,6001007001042,MorningMelt Cinnamon Oats Sachets 10x35g,MorningMelt,MorningMelt Cinnamon Oats Sachets 10x35g,Cereals,Hot Cereals,8005.9900000000000,7687.4300000000000,154,168,0,0,0,51.61,49.99
420027,Makro East London,KZN & Eastern Cape Division,Eastern Cape Region,Makro,6001007001059,SavannaSip Pure Rooibos Tea 80s,SavannaSip,SavannaSip Pure Rooibos Tea 80s,Beverages,Tea,17060.2500000000000,14717.4700000000000,232,230,0,0,0,65.55,64.99
420027,Makro East London,KZN & Eastern Cape Division,Eastern Cape Region,Makro,6001007001066,SavannaSip Lemon Iced Tea 1.5L,SavannaSip,SavannaSip Lemon Iced Tea 1.5L,Beverages,Ready-to-Drink,9372.7099999999991,8521.1299999999992,333,346,0,0,0,24.56,24.99
420027,Makro East London,KZN & Eastern Cape Division,Eastern Cape Region,Makro,6001007001073,CraveCraft Salted Maize Bites 125g,CraveCraft,CraveCraft Salted Maize Bites 125g,Snacks,Savoury Snacks,6545.7500000000000,6115.7000000000000,326,351,0,0,0,19.51,18.99
420027,Makro East London,KZN & Eastern Cape Division,Eastern Cape Region,Makro,6001007001080,CraveCraft Chutney Maize Bites 125g,CraveCraft,CraveCraft Chutney Maize Bites 125g,Snacks,Savoury Snacks,6463.9500000000000,6597.4900000000000,306,357,0,0,0,18.47,18.99
420027,Makro East London,KZN & Eastern Cape Division,Eastern Cape Region,Makro,6001007001097,CraveCraft Cheese Corn Puffs 100g,CraveCraft,CraveCraft Cheese Corn Puffs 100g,Snacks,Savoury Snacks,5861.3100000000000,5580.2200000000000,310,339,0,0,0,18.47,17.99
420027,Makro East London,KZN & Eastern Cape Division,Eastern Cape Region,Makro,6001007001103,HomeHarvest Tomato & Herb Soup 500ml,HomeHarvest,HomeHarvest Tomato & Herb Soup 500ml,Convenience Foods,Soups,5744.7900000000000,5830.6400000000000,151,174,0,0,1,38.65,34.99
420027,Makro East London,KZN & Eastern Cape Division,Eastern Cape Region,Makro,6001007001110,HomeHarvest Beef Stew Mix 200g,HomeHarvest,HomeHarvest Beef Stew Mix 200g,Convenience Foods,Meal Solutions,4649.6400000000003,4124.2700000000004,142,144,0,0,0,29.37,29.99
420027,Makro East London,KZN & Eastern Cape Division,Eastern Cape Region,Makro,6001007001127,HomeHarvest Chicken Curry Meal Base 200g,HomeHarvest,HomeHarvest Chicken Curry Meal Base 200g,Convenience Foods,Meal Solutions,5638.1300000000000,5246.9100000000000,164,176,0,0,1,35.13,31.99
420028,Makro Mthatha,KZN & Eastern Cape Division,Eastern Cape Region,Makro,6001007001011,SunTrail Original Crunch Cereal 500g,SunTrail,SunTrail Original Crunch Cereal 500g,Cereals,Ready-to-Eat Cereal,11823.8700000000000,11896.7900000000000,197,225,0,0,0,57.31,54.99
420028,Makro Mthatha,KZN & Eastern Cape Division,Eastern Cape Region,Makro,6001007001028,SunTrail Honey Rings Cereal 450g,SunTrail,SunTrail Honey Rings Cereal 450g,Cereals,Ready-to-Eat Cereal,8636.1500000000000,8807.6100000000000,134,155,0,0,0,61.86,59.99
420028,Makro Mthatha,KZN & Eastern Cape Division,Eastern Cape Region,Makro,6001007001035,MorningMelt Creamy Instant Oats 500g,MorningMelt,MorningMelt Creamy Instant Oats 500g,Cereals,Hot Cereals,8479.7800000000007,7988.7600000000000,172,187,0,0,0,44.94,44.99
420028,Makro Mthatha,KZN & Eastern Cape Division,Eastern Cape Region,Makro,6001007001042,MorningMelt Cinnamon Oats Sachets 10x35g,MorningMelt,MorningMelt Cinnamon Oats Sachets 10x35g,Cereals,Hot Cereals,6418.5600000000000,6380.2300000000000,119,136,0,0,0,50.31,49.99
420028,Makro Mthatha,KZN & Eastern Cape Division,Eastern Cape Region,Makro,6001007001059,SavannaSip Pure Rooibos Tea 80s,SavannaSip,SavannaSip Pure Rooibos Tea 80s,Beverages,Tea,14372.6600000000000,12814.8600000000000,206,212,0,0,0,63.5,64.99
420028,Makro Mthatha,KZN & Eastern Cape Division,Eastern Cape Region,Makro,6001007001066,SavannaSip Lemon Iced Tea 1.5L,SavannaSip,SavannaSip Lemon Iced Tea 1.5L,Beverages,Ready-to-Drink,6980.9600000000000,6166.3200000000000,255,260,0,0,0,25.47,24.99
420028,Makro Mthatha,KZN & Eastern Cape Division,Eastern Cape Region,Makro,6001007001073,CraveCraft Salted Maize Bites 125g,CraveCraft,CraveCraft Salted Maize Bites 125g,Snacks,Savoury Snacks,5888.6300000000000,5851.9900000000000,277,316,0,0,0,19.76,18.99
420028,Makro Mthatha,KZN & Eastern Cape Division,Eastern Cape Region,Makro,6001007001080,CraveCraft Chutney Maize Bites 125g,CraveCraft,CraveCraft Chutney Maize Bites 125g,Snacks,Savoury Snacks,4088.1600000000000,4519.8999999999996,197,249,0,0,0,19.09,18.99
420028,Makro Mthatha,KZN & Eastern Cape Division,Eastern Cape Region,Makro,6001007001097,CraveCraft Cheese Corn Puffs 100g,CraveCraft,CraveCraft Cheese Corn Puffs 100g,Snacks,Savoury Snacks,4072.4700000000000,3984.0800000000000,205,230,0,0,0,18.12,17.99
420028,Makro Mthatha,KZN & Eastern Cape Division,Eastern Cape Region,Makro,6001007001103,HomeHarvest Tomato & Herb Soup 500ml,HomeHarvest,HomeHarvest Tomato & Herb Soup 500ml,Convenience Foods,Soups,6384.3700000000000,5590.8000000000000,171,171,0,0,0,35.41,34.99
420028,Makro Mthatha,KZN & Eastern Cape Division,Eastern Cape Region,Makro,6001007001110,HomeHarvest Beef Stew Mix 200g,HomeHarvest,HomeHarvest Beef Stew Mix 200g,Convenience Foods,Meal Solutions,4220.2800000000000,3780.1900000000000,127,131,0,0,0,30.43,29.99
420028,Makro Mthatha,KZN & Eastern Cape Division,Eastern Cape Region,Makro,6001007001127,HomeHarvest Chicken Curry Meal Base 200g,HomeHarvest,HomeHarvest Chicken Curry Meal Base 200g,Convenience Foods,Meal Solutions,3865.3000000000000,3693.0100000000000,114,125,0,0,1,35.53,31.99
420029,Makro Komani,KZN & Eastern Cape Division,Eastern Cape Region,Makro,6001007001011,SunTrail Original Crunch Cereal 500g,SunTrail,SunTrail Original Crunch Cereal 500g,Cereals,Ready-to-Eat Cereal,9577.3300000000000,9198.7700000000000,156,171,0,0,0,57.11,54.99
420029,Makro Komani,KZN & Eastern Cape Division,Eastern Cape Region,Makro,6001007001028,SunTrail Honey Rings Cereal 450g,SunTrail,SunTrail Honey Rings Cereal 450g,Cereals,Ready-to-Eat Cereal,11485.0400000000000,12228.1100000000000,180,219,0,0,1,68.05,59.99
420029,Makro Komani,KZN & Eastern Cape Division,Eastern Cape Region,Makro,6001007001035,MorningMelt Creamy Instant Oats 500g,MorningMelt,MorningMelt Creamy Instant Oats 500g,Cereals,Hot Cereals,8900.1200000000008,8137.0100000000000,186,193,0,0,0,45.42,44.99
420029,Makro Komani,KZN & Eastern Cape Division,Eastern Cape Region,Makro,6001007001042,MorningMelt Cinnamon Oats Sachets 10x35g,MorningMelt,MorningMelt Cinnamon Oats Sachets 10x35g,Cereals,Hot Cereals,8163.1700000000000,7701.4600000000000,154,168,0,0,0,52.21,49.99
420029,Makro Komani,KZN & Eastern Cape Division,Eastern Cape Region,Makro,6001007001059,SavannaSip Pure Rooibos Tea 80s,SavannaSip,SavannaSip Pure Rooibos Tea 80s,Beverages,Tea,10531.8200000000000,9175.8100000000000,157,155,0,0,0,65.34,64.99
420029,Makro Komani,KZN & Eastern Cape Division,Eastern Cape Region,Makro,6001007001066,SavannaSip Lemon Iced Tea 1.5L,SavannaSip,SavannaSip Lemon Iced Tea 1.5L,Beverages,Ready-to-Drink,4963.0300000000000,5978.2300000000000,186,254,0,1,1,26.69,24.99
420029,Makro Komani,KZN & Eastern Cape Division,Eastern Cape Region,Makro,6001007001073,CraveCraft Salted Maize Bites 125g,CraveCraft,CraveCraft Salted Maize Bites 125g,Snacks,Savoury Snacks,6908.3800000000000,6677.4600000000000,334,373,0,0,0,18.86,18.99
420029,Makro Komani,KZN & Eastern Cape Division,Eastern Cape Region,Makro,6001007001080,CraveCraft Chutney Maize Bites 125g,CraveCraft,CraveCraft Chutney Maize Bites 125g,Snacks,Savoury Snacks,5292.8600000000000,5385.7000000000000,247,287,0,0,0,19.28,18.99
420029,Makro Komani,KZN & Eastern Cape Division,Eastern Cape Region,Makro,6001007001097,CraveCraft Cheese Corn Puffs 100g,CraveCraft,CraveCraft Cheese Corn Puffs 100g,Snacks,Savoury Snacks,4774.3800000000000,4742.5600000000004,246,277,0,0,0,18.39,17.99
420029,Makro Komani,KZN & Eastern Cape Division,Eastern Cape Region,Makro,6001007001103,HomeHarvest Tomato & Herb Soup 500ml,HomeHarvest,HomeHarvest Tomato & Herb Soup 500ml,Convenience Foods,Soups,4775.9600000000000,4542.3999999999996,126,137,0,0,0,34.17,34.99
420029,Makro Komani,KZN & Eastern Cape Division,Eastern Cape Region,Makro,6001007001110,HomeHarvest Beef Stew Mix 200g,HomeHarvest,HomeHarvest Beef Stew Mix 200g,Convenience Foods,Meal Solutions,3673.6400000000000,4108.5600000000004,112,143,0,1,0,31.15,29.99
420029,Makro Komani,KZN & Eastern Cape Division,Eastern Cape Region,Makro,6001007001127,HomeHarvest Chicken Curry Meal Base 200g,HomeHarvest,HomeHarvest Chicken Curry Meal Base 200g,Convenience Foods,Meal Solutions,5389.0500000000000,4646.2600000000000,158,157,0,0,0,31.81,31.99
420030,Makro Jeffreys Bay,KZN & Eastern Cape Division,Eastern Cape Region,Makro,6001007001011,SunTrail Original Crunch Cereal 500g,SunTrail,SunTrail Original Crunch Cereal 500g,Cereals,Ready-to-Eat Cereal,16730.1699999999980,15753.2800000000000,269,290,0,0,0,55.35,54.99
420030,Makro Jeffreys Bay,KZN & Eastern Cape Division,Eastern Cape Region,Makro,6001007001028,SunTrail Honey Rings Cereal 450g,SunTrail,SunTrail Honey Rings Cereal 450g,Cereals,Ready-to-Eat Cereal,11662.2300000000000,10687.3000000000000,171,181,0,0,0,58.82,59.99
420030,Makro Jeffreys Bay,KZN & Eastern Cape Division,Eastern Cape Region,Makro,6001007001035,MorningMelt Creamy Instant Oats 500g,MorningMelt,MorningMelt Creamy Instant Oats 500g,Cereals,Hot Cereals,9781.2199999999993,9199.3100000000000,196,209,0,0,0,45.99,44.99
420030,Makro Jeffreys Bay,KZN & Eastern Cape Division,Eastern Cape Region,Makro,6001007001042,MorningMelt Cinnamon Oats Sachets 10x35g,MorningMelt,MorningMelt Cinnamon Oats Sachets 10x35g,Cereals,Hot Cereals,9725.7999999999993,9865.2199999999993,175,203,0,0,0,51.93,49.99
420030,Makro Jeffreys Bay,KZN & Eastern Cape Division,Eastern Cape Region,Makro,6001007001059,SavannaSip Pure Rooibos Tea 80s,SavannaSip,SavannaSip Pure Rooibos Tea 80s,Beverages,Tea,16636.7200000000000,15771.6100000000000,244,263,0,0,1,69.99,64.99
420030,Makro Jeffreys Bay,KZN & Eastern Cape Division,Eastern Cape Region,Makro,6001007001066,SavannaSip Lemon Iced Tea 1.5L,SavannaSip,SavannaSip Lemon Iced Tea 1.5L,Beverages,Ready-to-Drink,7935.6200000000000,6420.0600000000000,279,261,0,0,0,24.54,24.99
420030,Makro Jeffreys Bay,KZN & Eastern Cape Division,Eastern Cape Region,Makro,6001007001073,CraveCraft Salted Maize Bites 125g,CraveCraft,CraveCraft Salted Maize Bites 125g,Snacks,Savoury Snacks,5847.5400000000000,5771.8500000000000,289,325,0,0,1,20.79,18.99
420030,Makro Jeffreys Bay,KZN & Eastern Cape Division,Eastern Cape Region,Makro,6001007001080,CraveCraft Chutney Maize Bites 125g,CraveCraft,CraveCraft Chutney Maize Bites 125g,Snacks,Savoury Snacks,6718.1700000000000,7594.1100000000000,325,421,0,0,0,18.48,18.99
420030,Makro Jeffreys Bay,KZN & Eastern Cape Division,Eastern Cape Region,Makro,6001007001097,CraveCraft Cheese Corn Puffs 100g,CraveCraft,CraveCraft Cheese Corn Puffs 100g,Snacks,Savoury Snacks,4821.7000000000000,4515.2400000000000,256,274,0,0,0,17.99,17.99
420030,Makro Jeffreys Bay,KZN & Eastern Cape Division,Eastern Cape Region,Makro,6001007001103,HomeHarvest Tomato & Herb Soup 500ml,HomeHarvest,HomeHarvest Tomato & Herb Soup 500ml,Convenience Foods,Soups,3839.2500000000000,4849.4900000000000,103,148,0,1,1,39.87,34.99
420030,Makro Jeffreys Bay,KZN & Eastern Cape Division,Eastern Cape Region,Makro,6001007001110,HomeHarvest Beef Stew Mix 200g,HomeHarvest,HomeHarvest Beef Stew Mix 200g,Convenience Foods,Meal Solutions,5377.5200000000000,4745.8800000000000,169,169,0,0,0,29.46,29.99
420030,Makro Jeffreys Bay,KZN & Eastern Cape Division,Eastern Cape Region,Makro,6001007001127,HomeHarvest Chicken Curry Meal Base 200g,HomeHarvest,HomeHarvest Chicken Curry Meal Base 200g,Convenience Foods,Meal Solutions,5754.9300000000000,5116.1600000000000,161,164,0,0,0,31.61,31.99
420031,Makro Polokwane,Inland North Division,Limpopo & Mpumalanga Region,Makro,6001007001011,SunTrail Original Crunch Cereal 500g,SunTrail,SunTrail Original Crunch Cereal 500g,Cereals,Ready-to-Eat Cereal,9613.5300000000007,13576.0100000000000,156,251,0,1,1,59.76,54.99
420031,Makro Polokwane,Inland North Division,Limpopo & Mpumalanga Region,Makro,6001007001028,SunTrail Honey Rings Cereal 450g,SunTrail,SunTrail Honey Rings Cereal 450g,Cereals,Ready-to-Eat Cereal,13678.4900000000000,12281.4700000000000,207,212,0,0,0,59.94,59.99
420031,Makro Polokwane,Inland North Division,Limpopo & Mpumalanga Region,Makro,6001007001035,MorningMelt Creamy Instant Oats 500g,MorningMelt,MorningMelt Creamy Instant Oats 500g,Cereals,Hot Cereals,10994.4600000000000,9958.2500000000000,224,234,0,0,0,45.39,44.99
420031,Makro Polokwane,Inland North Division,Limpopo & Mpumalanga Region,Makro,6001007001042,MorningMelt Cinnamon Oats Sachets 10x35g,MorningMelt,MorningMelt Cinnamon Oats Sachets 10x35g,Cereals,Hot Cereals,8907.1100000000000,7749.3900000000000,157,158,0,0,0,52.09,49.99
420031,Makro Polokwane,Inland North Division,Limpopo & Mpumalanga Region,Makro,6001007001059,SavannaSip Pure Rooibos Tea 80s,SavannaSip,SavannaSip Pure Rooibos Tea 80s,Beverages,Tea,10483.2099999999990,12607.8700000000000,156,213,1,0,0,65.76,64.99
420031,Makro Polokwane,Inland North Division,Limpopo & Mpumalanga Region,Makro,6001007001066,SavannaSip Lemon Iced Tea 1.5L,SavannaSip,SavannaSip Lemon Iced Tea 1.5L,Beverages,Ready-to-Drink,11436.4100000000000,9120.2700000000000,418,380,0,0,0,24.61,24.99
420031,Makro Polokwane,Inland North Division,Limpopo & Mpumalanga Region,Makro,6001007001073,CraveCraft Salted Maize Bites 125g,CraveCraft,CraveCraft Salted Maize Bites 125g,Snacks,Savoury Snacks,6703.2900000000000,6302.3800000000000,334,359,0,0,0,19.57,18.99
420031,Makro Polokwane,Inland North Division,Limpopo & Mpumalanga Region,Makro,6001007001080,CraveCraft Chutney Maize Bites 125g,CraveCraft,CraveCraft Chutney Maize Bites 125g,Snacks,Savoury Snacks,6342.5200000000000,6859.7900000000000,295,366,0,0,0,19.19,18.99
420031,Makro Polokwane,Inland North Division,Limpopo & Mpumalanga Region,Makro,6001007001097,CraveCraft Cheese Corn Puffs 100g,CraveCraft,CraveCraft Cheese Corn Puffs 100g,Snacks,Savoury Snacks,5134.5800000000000,5037.1000000000004,275,307,0,0,1,19.24,17.99
420031,Makro Polokwane,Inland North Division,Limpopo & Mpumalanga Region,Makro,6001007001103,HomeHarvest Tomato & Herb Soup 500ml,HomeHarvest,HomeHarvest Tomato & Herb Soup 500ml,Convenience Foods,Soups,4439.2900000000000,5301.5000000000000,121,164,0,1,0,36.31,34.99
420031,Makro Polokwane,Inland North Division,Limpopo & Mpumalanga Region,Makro,6001007001110,HomeHarvest Beef Stew Mix 200g,HomeHarvest,HomeHarvest Beef Stew Mix 200g,Convenience Foods,Meal Solutions,3611.3400000000000,3418.9500000000000,116,125,0,0,1,33.49,29.99
420031,Makro Polokwane,Inland North Division,Limpopo & Mpumalanga Region,Makro,6001007001127,HomeHarvest Chicken Curry Meal Base 200g,HomeHarvest,HomeHarvest Chicken Curry Meal Base 200g,Convenience Foods,Meal Solutions,4217.7000000000000,4068.1500000000000,125,138,0,0,1,34.26,31.99
420032,Makro Mbombela,Inland North Division,Limpopo & Mpumalanga Region,Makro,6001007001011,SunTrail Original Crunch Cereal 500g,SunTrail,SunTrail Original Crunch Cereal 500g,Cereals,Ready-to-Eat Cereal,11520.9700000000000,10614.3700000000000,199,208,0,0,0,55.79,54.99
420032,Makro Mbombela,Inland North Division,Limpopo & Mpumalanga Region,Makro,6001007001028,SunTrail Honey Rings Cereal 450g,SunTrail,SunTrail Honey Rings Cereal 450g,Cereals,Ready-to-Eat Cereal,11460.3800000000000,10859.1100000000000,177,193,0,0,0,59.31,59.99
420032,Makro Mbombela,Inland North Division,Limpopo & Mpumalanga Region,Makro,6001007001035,MorningMelt Creamy Instant Oats 500g,MorningMelt,MorningMelt Creamy Instant Oats 500g,Cereals,Hot Cereals,6558.4700000000000,5880.4400000000000,135,140,0,0,0,46.89,44.99
420032,Makro Mbombela,Inland North Division,Limpopo & Mpumalanga Region,Makro,6001007001042,MorningMelt Cinnamon Oats Sachets 10x35g,MorningMelt,MorningMelt Cinnamon Oats Sachets 10x35g,Cereals,Hot Cereals,8846.2300000000000,8113.0400000000000,156,165,0,0,0,51.56,49.99
420032,Makro Mbombela,Inland North Division,Limpopo & Mpumalanga Region,Makro,6001007001059,SavannaSip Pure Rooibos Tea 80s,SavannaSip,SavannaSip Pure Rooibos Tea 80s,Beverages,Tea,10513.0300000000000,12509.0200000000000,147,201,0,1,1,69.76,64.99
420032,Makro Mbombela,Inland North Division,Limpopo & Mpumalanga Region,Makro,6001007001066,SavannaSip Lemon Iced Tea 1.5L,SavannaSip,SavannaSip Lemon Iced Tea 1.5L,Beverages,Ready-to-Drink,7241.4200000000000,6329.6200000000000,261,262,0,0,1,27.03,24.99
420032,Makro Mbombela,Inland North Division,Limpopo & Mpumalanga Region,Makro,6001007001073,CraveCraft Salted Maize Bites 125g,CraveCraft,CraveCraft Salted Maize Bites 125g,Snacks,Savoury Snacks,4464.3900000000003,4285.8000000000000,223,243,0,0,0,18.84,18.99
420032,Makro Mbombela,Inland North Division,Limpopo & Mpumalanga Region,Makro,6001007001080,CraveCraft Chutney Maize Bites 125g,CraveCraft,CraveCraft Chutney Maize Bites 125g,Snacks,Savoury Snacks,6240.7500000000000,6110.1400000000000,305,343,0,0,0,19.46,18.99
420032,Makro Mbombela,Inland North Division,Limpopo & Mpumalanga Region,Makro,6001007001097,CraveCraft Cheese Corn Puffs 100g,CraveCraft,CraveCraft Cheese Corn Puffs 100g,Snacks,Savoury Snacks,5076.9399999999996,4920.8400000000000,269,297,0,0,0,18.13,17.99
420032,Makro Mbombela,Inland North Division,Limpopo & Mpumalanga Region,Makro,6001007001103,HomeHarvest Tomato & Herb Soup 500ml,HomeHarvest,HomeHarvest Tomato & Herb Soup 500ml,Convenience Foods,Soups,4798.3400000000000,3962.2500000000000,127,121,0,0,0,34.64,34.99
420032,Makro Mbombela,Inland North Division,Limpopo & Mpumalanga Region,Makro,6001007001110,HomeHarvest Beef Stew Mix 200g,HomeHarvest,HomeHarvest Beef Stew Mix 200g,Convenience Foods,Meal Solutions,4533.1200000000000,4075.6500000000000,145,148,0,0,0,29.76,29.99
420032,Makro Mbombela,Inland North Division,Limpopo & Mpumalanga Region,Makro,6001007001127,HomeHarvest Chicken Curry Meal Base 200g,HomeHarvest,HomeHarvest Chicken Curry Meal Base 200g,Convenience Foods,Meal Solutions,3476.3200000000000,2914.3600000000000,104,100,0,0,0,31.57,31.99
420033,Makro Tzaneen,Inland North Division,Limpopo & Mpumalanga Region,Makro,6001007001011,SunTrail Original Crunch Cereal 500g,SunTrail,SunTrail Original Crunch Cereal 500g,Cereals,Ready-to-Eat Cereal,13367.8700000000000,12820.4500000000000,218,238,0,0,0,55.85,54.99
420033,Makro Tzaneen,Inland North Division,Limpopo & Mpumalanga Region,Makro,6001007001028,SunTrail Honey Rings Cereal 450g,SunTrail,SunTrail Honey Rings Cereal 450g,Cereals,Ready-to-Eat Cereal,13465.8600000000000,13236.3900000000000,203,227,0,0,1,65.15,59.99
420033,Makro Tzaneen,Inland North Division,Limpopo & Mpumalanga Region,Makro,6001007001035,MorningMelt Creamy Instant Oats 500g,MorningMelt,MorningMelt Creamy Instant Oats 500g,Cereals,Hot Cereals,10533.1200000000000,10144.6600000000000,220,244,0,0,0,45.49,44.99
420033,Makro Tzaneen,Inland North Division,Limpopo & Mpumalanga Region,Makro,6001007001042,MorningMelt Cinnamon Oats Sachets 10x35g,MorningMelt,MorningMelt Cinnamon Oats Sachets 10x35g,Cereals,Hot Cereals,11833.3900000000000,10885.8900000000000,211,220,0,0,0,49.19,49.99
420033,Makro Tzaneen,Inland North Division,Limpopo & Mpumalanga Region,Makro,6001007001059,SavannaSip Pure Rooibos Tea 80s,SavannaSip,SavannaSip Pure Rooibos Tea 80s,Beverages,Tea,22302.4600000000000,17888.5700000000000,309,282,0,0,0,64.16,64.99
420033,Makro Tzaneen,Inland North Division,Limpopo & Mpumalanga Region,Makro,6001007001066,SavannaSip Lemon Iced Tea 1.5L,SavannaSip,SavannaSip Lemon Iced Tea 1.5L,Beverages,Ready-to-Drink,7989.2300000000000,7289.7300000000000,305,316,0,0,1,27.76,24.99
420033,Makro Tzaneen,Inland North Division,Limpopo & Mpumalanga Region,Makro,6001007001073,CraveCraft Salted Maize Bites 125g,CraveCraft,CraveCraft Salted Maize Bites 125g,Snacks,Savoury Snacks,9575.2099999999991,8930.9699999999993,458,485,0,0,0,19.23,18.99
420033,Makro Tzaneen,Inland North Division,Limpopo & Mpumalanga Region,Makro,6001007001080,CraveCraft Chutney Maize Bites 125g,CraveCraft,CraveCraft Chutney Maize Bites 125g,Snacks,Savoury Snacks,5673.9200000000000,6776.7100000000000,268,363,0,0,1,21.55,18.99
420033,Makro Tzaneen,Inland North Division,Limpopo & Mpumalanga Region,Makro,6001007001097,CraveCraft Cheese Corn Puffs 100g,CraveCraft,CraveCraft Cheese Corn Puffs 100g,Snacks,Savoury Snacks,7195.2000000000000,6596.0700000000000,386,401,0,0,0,17.61,17.99
420033,Makro Tzaneen,Inland North Division,Limpopo & Mpumalanga Region,Makro,6001007001103,HomeHarvest Tomato & Herb Soup 500ml,HomeHarvest,HomeHarvest Tomato & Herb Soup 500ml,Convenience Foods,Soups,7255.6800000000000,7262.9700000000000,196,226,0,0,1,37.42,34.99
420033,Makro Tzaneen,Inland North Division,Limpopo & Mpumalanga Region,Makro,6001007001110,HomeHarvest Beef Stew Mix 200g,HomeHarvest,HomeHarvest Beef Stew Mix 200g,Convenience Foods,Meal Solutions,6249.0900000000000,5404.6900000000000,199,196,0,0,0,30.99,29.99
420033,Makro Tzaneen,Inland North Division,Limpopo & Mpumalanga Region,Makro,6001007001127,HomeHarvest Chicken Curry Meal Base 200g,HomeHarvest,HomeHarvest Chicken Curry Meal Base 200g,Convenience Foods,Meal Solutions,6925.3500000000000,6368.1800000000000,193,203,0,0,1,34.65,31.99
420034,Makro Middelburg,Inland North Division,Limpopo & Mpumalanga Region,Makro,6001007001011,SunTrail Original Crunch Cereal 500g,SunTrail,SunTrail Original Crunch Cereal 500g,Cereals,Ready-to-Eat Cereal,16616.2300000000000,16041.2800000000000,274,304,0,0,1,62.6,54.99
420034,Makro Middelburg,Inland North Division,Limpopo & Mpumalanga Region,Makro,6001007001028,SunTrail Honey Rings Cereal 450g,SunTrail,SunTrail Honey Rings Cereal 450g,Cereals,Ready-to-Eat Cereal,15909.9200000000000,15396.6300000000000,241,265,0,0,0,62.16,59.99
420034,Makro Middelburg,Inland North Division,Limpopo & Mpumalanga Region,Makro,6001007001035,MorningMelt Creamy Instant Oats 500g,MorningMelt,MorningMelt Creamy Instant Oats 500g,Cereals,Hot Cereals,7104.5300000000000,10910.0800000000000,139,245,1,0,1,48.01,44.99
420034,Makro Middelburg,Inland North Division,Limpopo & Mpumalanga Region,Makro,6001007001042,MorningMelt Cinnamon Oats Sachets 10x35g,MorningMelt,MorningMelt Cinnamon Oats Sachets 10x35g,Cereals,Hot Cereals,7006.4900000000000,8726.4599999999991,124,177,0,1,1,56.19,49.99
420034,Makro Middelburg,Inland North Division,Limpopo & Mpumalanga Region,Makro,6001007001059,SavannaSip Pure Rooibos Tea 80s,SavannaSip,SavannaSip Pure Rooibos Tea 80s,Beverages,Tea,19696.1500000000010,16076.2000000000000,268,251,0,0,0,67.64,64.99
420034,Makro Middelburg,Inland North Division,Limpopo & Mpumalanga Region,Makro,6001007001066,SavannaSip Lemon Iced Tea 1.5L,SavannaSip,SavannaSip Lemon Iced Tea 1.5L,Beverages,Ready-to-Drink,11508.2800000000000,9428.4300000000000,412,388,0,0,0,24.31,24.99
420034,Makro Middelburg,Inland North Division,Limpopo & Mpumalanga Region,Makro,6001007001073,CraveCraft Salted Maize Bites 125g,CraveCraft,CraveCraft Salted Maize Bites 125g,Snacks,Savoury Snacks,8274.1100000000000,8768.6800000000000,390,474,0,0,1,21.38,18.99
420034,Makro Middelburg,Inland North Division,Limpopo & Mpumalanga Region,Makro,6001007001080,CraveCraft Chutney Maize Bites 125g,CraveCraft,CraveCraft Chutney Maize Bites 125g,Snacks,Savoury Snacks,8963.3400000000000,8815.3700000000008,424,473,0,0,0,18.52,18.99
420034,Makro Middelburg,Inland North Division,Limpopo & Mpumalanga Region,Makro,6001007001097,CraveCraft Cheese Corn Puffs 100g,CraveCraft,CraveCraft Cheese Corn Puffs 100g,Snacks,Savoury Snacks,6305.4000000000000,5571.2000000000000,317,318,0,0,0,18.26,17.99
420034,Makro Middelburg,Inland North Division,Limpopo & Mpumalanga Region,Makro,6001007001103,HomeHarvest Tomato & Herb Soup 500ml,HomeHarvest,HomeHarvest Tomato & Herb Soup 500ml,Convenience Foods,Soups,7489.2600000000000,7984.1900000000000,194,235,0,1,0,34.23,34.99
420034,Makro Middelburg,Inland North Division,Limpopo & Mpumalanga Region,Makro,6001007001110,HomeHarvest Beef Stew Mix 200g,HomeHarvest,HomeHarvest Beef Stew Mix 200g,Convenience Foods,Meal Solutions,4868.3700000000000,4293.3500000000004,150,151,0,0,0,29.73,29.99
420034,Makro Middelburg,Inland North Division,Limpopo & Mpumalanga Region,Makro,6001007001127,HomeHarvest Chicken Curry Meal Base 200g,HomeHarvest,HomeHarvest Chicken Curry Meal Base 200g,Convenience Foods,Meal Solutions,5339.2600000000000,4494.7900000000000,157,150,0,0,0,33.13,31.99
420035,Makro Secunda,Inland North Division,Limpopo & Mpumalanga Region,Makro,6001007001011,SunTrail Original Crunch Cereal 500g,SunTrail,SunTrail Original Crunch Cereal 500g,Cereals,Ready-to-Eat Cereal,15391.2600000000000,14573.7000000000000,270,291,0,0,0,56.91,54.99
420035,Makro Secunda,Inland North Division,Limpopo & Mpumalanga Region,Makro,6001007001028,SunTrail Honey Rings Cereal 450g,SunTrail,SunTrail Honey Rings Cereal 450g,Cereals,Ready-to-Eat Cereal,12423.2600000000000,15345.5700000000000,192,273,0,1,0,61.23,59.99
420035,Makro Secunda,Inland North Division,Limpopo & Mpumalanga Region,Makro,6001007001035,MorningMelt Creamy Instant Oats 500g,MorningMelt,MorningMelt Creamy Instant Oats 500g,Cereals,Hot Cereals,8736.6000000000000,8215.8300000000000,179,192,0,0,0,45.21,44.99
420035,Makro Secunda,Inland North Division,Limpopo & Mpumalanga Region,Makro,6001007001042,MorningMelt Cinnamon Oats Sachets 10x35g,MorningMelt,MorningMelt Cinnamon Oats Sachets 10x35g,Cereals,Hot Cereals,9439.7600000000000,8814.0900000000000,171,184,0,0,0,50.21,49.99
420035,Makro Secunda,Inland North Division,Limpopo & Mpumalanga Region,Makro,6001007001059,SavannaSip Pure Rooibos Tea 80s,SavannaSip,SavannaSip Pure Rooibos Tea 80s,Beverages,Tea,17662.7700000000000,15254.6100000000000,255,250,0,0,1,71.03,64.99
420035,Makro Secunda,Inland North Division,Limpopo & Mpumalanga Region,Makro,6001007001066,SavannaSip Lemon Iced Tea 1.5L,SavannaSip,SavannaSip Lemon Iced Tea 1.5L,Beverages,Ready-to-Drink,11132.6400000000000,8923.3300000000000,412,380,0,0,0,25.88,24.99
420035,Makro Secunda,Inland North Division,Limpopo & Mpumalanga Region,Makro,6001007001073,CraveCraft Salted Maize Bites 125g,CraveCraft,CraveCraft Salted Maize Bites 125g,Snacks,Savoury Snacks,7172.3300000000000,6794.9600000000000,345,377,0,0,0,18.59,18.99
420035,Makro Secunda,Inland North Division,Limpopo & Mpumalanga Region,Makro,6001007001080,CraveCraft Chutney Maize Bites 125g,CraveCraft,CraveCraft Chutney Maize Bites 125g,Snacks,Savoury Snacks,5699.7600000000000,6060.7700000000000,271,333,0,0,1,20.72,18.99
420035,Makro Secunda,Inland North Division,Limpopo & Mpumalanga Region,Makro,6001007001097,CraveCraft Cheese Corn Puffs 100g,CraveCraft,CraveCraft Cheese Corn Puffs 100g,Snacks,Savoury Snacks,3470.1800000000000,5949.4100000000000,178,351,1,0,1,19.28,17.99
420035,Makro Secunda,Inland North Division,Limpopo & Mpumalanga Region,Makro,6001007001103,HomeHarvest Tomato & Herb Soup 500ml,HomeHarvest,HomeHarvest Tomato & Herb Soup 500ml,Convenience Foods,Soups,5875.8000000000000,5289.0800000000000,151,155,0,0,0,35.29,34.99
420035,Makro Secunda,Inland North Division,Limpopo & Mpumalanga Region,Makro,6001007001110,HomeHarvest Beef Stew Mix 200g,HomeHarvest,HomeHarvest Beef Stew Mix 200g,Convenience Foods,Meal Solutions,6156.7900000000000,5368.7500000000000,183,181,0,0,0,30.34,29.99
420035,Makro Secunda,Inland North Division,Limpopo & Mpumalanga Region,Makro,6001007001127,HomeHarvest Chicken Curry Meal Base 200g,HomeHarvest,HomeHarvest Chicken Curry Meal Base 200g,Convenience Foods,Meal Solutions,5163.6000000000004,4755.4200000000000,146,155,0,0,1,35.76,31.99
420036,Makro Bloemfontein,Inland South Division,Free State & Northern Cape Region,Makro,6001007001011,SunTrail Original Crunch Cereal 500g,SunTrail,SunTrail Original Crunch Cereal 500g,Cereals,Ready-to-Eat Cereal,11285.8200000000000,11706.2100000000000,188,221,0,0,1,61.22,54.99
420036,Makro Bloemfontein,Inland South Division,Free State & Northern Cape Region,Makro,6001007001028,SunTrail Honey Rings Cereal 450g,SunTrail,SunTrail Honey Rings Cereal 450g,Cereals,Ready-to-Eat Cereal,9228.9900000000000,8741.3500000000000,143,154,0,0,0,60.33,59.99
420036,Makro Bloemfontein,Inland South Division,Free State & Northern Cape Region,Makro,6001007001035,MorningMelt Creamy Instant Oats 500g,MorningMelt,MorningMelt Creamy Instant Oats 500g,Cereals,Hot Cereals,8536.6500000000000,7973.0800000000000,177,191,0,0,0,44.55,44.99
420036,Makro Bloemfontein,Inland South Division,Free State & Northern Cape Region,Makro,6001007001042,MorningMelt Cinnamon Oats Sachets 10x35g,MorningMelt,MorningMelt Cinnamon Oats Sachets 10x35g,Cereals,Hot Cereals,7965.6000000000000,6889.5800000000000,149,147,0,0,0,51.9,49.99
420036,Makro Bloemfontein,Inland South Division,Free State & Northern Cape Region,Makro,6001007001059,SavannaSip Pure Rooibos Tea 80s,SavannaSip,SavannaSip Pure Rooibos Tea 80s,Beverages,Tea,12979.7700000000000,10560.0200000000000,192,178,0,0,0,64.35,64.99
420036,Makro Bloemfontein,Inland South Division,Free State & Northern Cape Region,Makro,6001007001066,SavannaSip Lemon Iced Tea 1.5L,SavannaSip,SavannaSip Lemon Iced Tea 1.5L,Beverages,Ready-to-Drink,8307.0400000000009,7078.7300000000000,301,294,0,0,1,27.88,24.99
420036,Makro Bloemfontein,Inland South Division,Free State & Northern Cape Region,Makro,6001007001073,CraveCraft Salted Maize Bites 125g,CraveCraft,CraveCraft Salted Maize Bites 125g,Snacks,Savoury Snacks,6004.8200000000000,5069.1899999999996,285,278,0,0,0,19.45,18.99
420036,Makro Bloemfontein,Inland South Division,Free State & Northern Cape Region,Makro,6001007001080,CraveCraft Chutney Maize Bites 125g,CraveCraft,CraveCraft Chutney Maize Bites 125g,Snacks,Savoury Snacks,3302.1100000000000,4709.7900000000000,156,256,0,1,0,18.91,18.99
420036,Makro Bloemfontein,Inland South Division,Free State & Northern Cape Region,Makro,6001007001097,CraveCraft Cheese Corn Puffs 100g,CraveCraft,CraveCraft Cheese Corn Puffs 100g,Snacks,Savoury Snacks,5539.6400000000000,4729.0200000000004,289,283,0,0,0,17.8,17.99
420036,Makro Bloemfontein,Inland South Division,Free State & Northern Cape Region,Makro,6001007001103,HomeHarvest Tomato & Herb Soup 500ml,HomeHarvest,HomeHarvest Tomato & Herb Soup 500ml,Convenience Foods,Soups,4973.8700000000000,4397.0100000000000,132,134,0,0,0,35.72,34.99
420036,Makro Bloemfontein,Inland South Division,Free State & Northern Cape Region,Makro,6001007001110,HomeHarvest Beef Stew Mix 200g,HomeHarvest,HomeHarvest Beef Stew Mix 200g,Convenience Foods,Meal Solutions,4853.2299999999996,4227.1300000000000,149,150,0,0,0,29.92,29.99
420036,Makro Bloemfontein,Inland South Division,Free State & Northern Cape Region,Makro,6001007001127,HomeHarvest Chicken Curry Meal Base 200g,HomeHarvest,HomeHarvest Chicken Curry Meal Base 200g,Convenience Foods,Meal Solutions,5409.9200000000000,4746.9799999999996,158,158,0,0,0,33.38,31.99
420037,Makro Welkom,Inland South Division,Free State & Northern Cape Region,Makro,6001007001011,SunTrail Original Crunch Cereal 500g,SunTrail,SunTrail Original Crunch Cereal 500g,Cereals,Ready-to-Eat Cereal,11693.5200000000000,10550.0800000000000,199,204,0,0,0,56.34,54.99
420037,Makro Welkom,Inland South Division,Free State & Northern Cape Region,Makro,6001007001028,SunTrail Honey Rings Cereal 450g,SunTrail,SunTrail Honey Rings Cereal 450g,Cereals,Ready-to-Eat Cereal,8386.7199999999993,7484.9000000000000,132,134,0,0,0,59.85,59.99
420037,Makro Welkom,Inland South Division,Free State & Northern Cape Region,Makro,6001007001035,MorningMelt Creamy Instant Oats 500g,MorningMelt,MorningMelt Creamy Instant Oats 500g,Cereals,Hot Cereals,4404.5100000000000,5451.1600000000000,93,133,0,1,0,45.3,44.99
420037,Makro Welkom,Inland South Division,Free State & Northern Cape Region,Makro,6001007001042,MorningMelt Cinnamon Oats Sachets 10x35g,MorningMelt,MorningMelt Cinnamon Oats Sachets 10x35g,Cereals,Hot Cereals,7172.2900000000000,6182.7000000000000,129,128,0,0,0,48.93,49.99
420037,Makro Welkom,Inland South Division,Free State & Northern Cape Region,Makro,6001007001059,SavannaSip Pure Rooibos Tea 80s,SavannaSip,SavannaSip Pure Rooibos Tea 80s,Beverages,Tea,16573.0200000000000,13484.6000000000000,227,210,0,0,0,66.08,64.99
420037,Makro Welkom,Inland South Division,Free State & Northern Cape Region,Makro,6001007001066,SavannaSip Lemon Iced Tea 1.5L,SavannaSip,SavannaSip Lemon Iced Tea 1.5L,Beverages,Ready-to-Drink,8476.5100000000000,6597.1500000000000,323,288,0,0,0,26.04,24.99
420037,Makro Welkom,Inland South Division,Free State & Northern Cape Region,Makro,6001007001073,CraveCraft Salted Maize Bites 125g,CraveCraft,CraveCraft Salted Maize Bites 125g,Snacks,Savoury Snacks,6610.1500000000000,6081.1300000000000,317,337,0,0,0,18.7,18.99
420037,Makro Welkom,Inland South Division,Free State & Northern Cape Region,Makro,6001007001080,CraveCraft Chutney Maize Bites 125g,CraveCraft,CraveCraft Chutney Maize Bites 125g,Snacks,Savoury Snacks,3538.5700000000000,3978.3200000000000,177,228,0,0,1,20.78,18.99
420037,Makro Welkom,Inland South Division,Free State & Northern Cape Region,Makro,6001007001097,CraveCraft Cheese Corn Puffs 100g,CraveCraft,CraveCraft Cheese Corn Puffs 100g,Snacks,Savoury Snacks,4189.7000000000000,4298.2700000000004,209,243,0,0,1,20.13,17.99
420037,Makro Welkom,Inland South Division,Free State & Northern Cape Region,Makro,6001007001103,HomeHarvest Tomato & Herb Soup 500ml,HomeHarvest,HomeHarvest Tomato & Herb Soup 500ml,Convenience Foods,Soups,5726.1300000000000,5420.2200000000000,152,165,0,0,1,39.88,34.99
420037,Makro Welkom,Inland South Division,Free State & Northern Cape Region,Makro,6001007001110,HomeHarvest Beef Stew Mix 200g,HomeHarvest,HomeHarvest Beef Stew Mix 200g,Convenience Foods,Meal Solutions,4468.6300000000000,3771.2200000000000,142,136,0,0,0,30.06,29.99
420037,Makro Welkom,Inland South Division,Free State & Northern Cape Region,Makro,6001007001127,HomeHarvest Chicken Curry Meal Base 200g,HomeHarvest,HomeHarvest Chicken Curry Meal Base 200g,Convenience Foods,Meal Solutions,3476.1800000000000,3375.6700000000000,97,108,0,0,1,35.88,31.99
420038,Makro Kimberley,Inland South Division,Free State & Northern Cape Region,Makro,6001007001011,SunTrail Original Crunch Cereal 500g,SunTrail,SunTrail Original Crunch Cereal 500g,Cereals,Ready-to-Eat Cereal,17176.1200000000000,15341.8500000000000,290,294,0,0,0,55.9,54.99
420038,Makro Kimberley,Inland South Division,Free State & Northern Cape Region,Makro,6001007001028,SunTrail Honey Rings Cereal 450g,SunTrail,SunTrail Honey Rings Cereal 450g,Cereals,Ready-to-Eat Cereal,13185.5900000000000,11725.0500000000000,200,205,0,0,0,59.76,59.99
420038,Makro Kimberley,Inland South Division,Free State & Northern Cape Region,Makro,6001007001035,MorningMelt Creamy Instant Oats 500g,MorningMelt,MorningMelt Creamy Instant Oats 500g,Cereals,Hot Cereals,7724.2600000000000,7002.0200000000000,154,160,0,0,0,46.85,44.99
420038,Makro Kimberley,Inland South Division,Free State & Northern Cape Region,Makro,6001007001042,MorningMelt Cinnamon Oats Sachets 10x35g,MorningMelt,MorningMelt Cinnamon Oats Sachets 10x35g,Cereals,Hot Cereals,6086.5000000000000,8590.1400000000000,110,176,1,0,0,50.94,49.99
420038,Makro Kimberley,Inland South Division,Free State & Northern Cape Region,Makro,6001007001059,SavannaSip Pure Rooibos Tea 80s,SavannaSip,SavannaSip Pure Rooibos Tea 80s,Beverages,Tea,21062.4100000000000,16914.6500000000010,289,265,0,0,0,67.01,64.99
420038,Makro Kimberley,Inland South Division,Free State & Northern Cape Region,Makro,6001007001066,SavannaSip Lemon Iced Tea 1.5L,SavannaSip,SavannaSip Lemon Iced Tea 1.5L,Beverages,Ready-to-Drink,8410.1700000000000,6745.8100000000000,303,281,0,0,0,25.64,24.99
420038,Makro Kimberley,Inland South Division,Free State & Northern Cape Region,Makro,6001007001073,CraveCraft Salted Maize Bites 125g,CraveCraft,CraveCraft Salted Maize Bites 125g,Snacks,Savoury Snacks,6775.1100000000000,6345.5500000000000,339,363,0,0,0,19.46,18.99
420038,Makro Kimberley,Inland South Division,Free State & Northern Cape Region,Makro,6001007001080,CraveCraft Chutney Maize Bites 125g,CraveCraft,CraveCraft Chutney Maize Bites 125g,Snacks,Savoury Snacks,5457.8500000000000,5891.0700000000000,261,324,0,0,1,20.78,18.99
420038,Makro Kimberley,Inland South Division,Free State & Northern Cape Region,Makro,6001007001097,CraveCraft Cheese Corn Puffs 100g,CraveCraft,CraveCraft Cheese Corn Puffs 100g,Snacks,Savoury Snacks,5369.1400000000000,5371.2900000000000,283,325,0,0,1,19.31,17.99
420038,Makro Kimberley,Inland South Division,Free State & Northern Cape Region,Makro,6001007001103,HomeHarvest Tomato & Herb Soup 500ml,HomeHarvest,HomeHarvest Tomato & Herb Soup 500ml,Convenience Foods,Soups,5947.1300000000000,5057.1700000000000,158,155,0,0,0,34.2,34.99
420038,Makro Kimberley,Inland South Division,Free State & Northern Cape Region,Makro,6001007001110,HomeHarvest Beef Stew Mix 200g,HomeHarvest,HomeHarvest Beef Stew Mix 200g,Convenience Foods,Meal Solutions,4342.4500000000000,3695.6600000000000,131,128,0,0,0,31.16,29.99
420038,Makro Kimberley,Inland South Division,Free State & Northern Cape Region,Makro,6001007001127,HomeHarvest Chicken Curry Meal Base 200g,HomeHarvest,HomeHarvest Chicken Curry Meal Base 200g,Convenience Foods,Meal Solutions,7580.9200000000000,6134.9300000000000,208,194,0,0,0,32.66,31.99
420039,Makro Upington,Inland South Division,Free State & Northern Cape Region,Makro,6001007001011,SunTrail Original Crunch Cereal 500g,SunTrail,SunTrail Original Crunch Cereal 500g,Cereals,Ready-to-Eat Cereal,11393.5200000000000,10774.5100000000000,194,211,0,0,1,61.42,54.99
420039,Makro Upington,Inland South Division,Free State & Northern Cape Region,Makro,6001007001028,SunTrail Honey Rings Cereal 450g,SunTrail,SunTrail Honey Rings Cereal 450g,Cereals,Ready-to-Eat Cereal,12889.1800000000000,12035.9300000000000,198,211,0,0,0,61.72,59.99
420039,Makro Upington,Inland South Division,Free State & Northern Cape Region,Makro,6001007001035,MorningMelt Creamy Instant Oats 500g,MorningMelt,MorningMelt Creamy Instant Oats 500g,Cereals,Hot Cereals,5405.6100000000000,6351.6200000000000,109,146,0,1,0,43.96,44.99
420039,Makro Upington,Inland South Division,Free State & Northern Cape Region,Makro,6001007001042,MorningMelt Cinnamon Oats Sachets 10x35g,MorningMelt,MorningMelt Cinnamon Oats Sachets 10x35g,Cereals,Hot Cereals,7304.8000000000000,6974.4500000000000,141,153,0,0,0,50.32,49.99
420039,Makro Upington,Inland South Division,Free State & Northern Cape Region,Makro,6001007001059,SavannaSip Pure Rooibos Tea 80s,SavannaSip,SavannaSip Pure Rooibos Tea 80s,Beverages,Tea,12913.6900000000000,10135.3700000000010,187,168,0,0,0,65.45,64.99
420039,Makro Upington,Inland South Division,Free State & Northern Cape Region,Makro,6001007001066,SavannaSip Lemon Iced Tea 1.5L,SavannaSip,SavannaSip Lemon Iced Tea 1.5L,Beverages,Ready-to-Drink,9035.6900000000000,7050.7900000000000,324,289,0,0,0,25.81,24.99
420039,Makro Upington,Inland South Division,Free State & Northern Cape Region,Makro,6001007001073,CraveCraft Salted Maize Bites 125g,CraveCraft,CraveCraft Salted Maize Bites 125g,Snacks,Savoury Snacks,5866.8000000000000,5027.0200000000004,272,268,0,0,0,19.15,18.99
420039,Makro Upington,Inland South Division,Free State & Northern Cape Region,Makro,6001007001080,CraveCraft Chutney Maize Bites 125g,CraveCraft,CraveCraft Chutney Maize Bites 125g,Snacks,Savoury Snacks,4823.7400000000000,4871.2000000000000,240,277,0,0,0,19.03,18.99
420039,Makro Upington,Inland South Division,Free State & Northern Cape Region,Makro,6001007001097,CraveCraft Cheese Corn Puffs 100g,CraveCraft,CraveCraft Cheese Corn Puffs 100g,Snacks,Savoury Snacks,4097.8999999999996,3832.3100000000000,220,234,0,0,0,18.26,17.99
420039,Makro Upington,Inland South Division,Free State & Northern Cape Region,Makro,6001007001103,HomeHarvest Tomato & Herb Soup 500ml,HomeHarvest,HomeHarvest Tomato & Herb Soup 500ml,Convenience Foods,Soups,5056.9600000000000,4338.8900000000003,135,134,0,0,0,36.41,34.99
420039,Makro Upington,Inland South Division,Free State & Northern Cape Region,Makro,6001007001110,HomeHarvest Beef Stew Mix 200g,HomeHarvest,HomeHarvest Beef Stew Mix 200g,Convenience Foods,Meal Solutions,4282.0300000000000,3680.4300000000000,136,134,0,0,0,30.39,29.99
420039,Makro Upington,Inland South Division,Free State & Northern Cape Region,Makro,6001007001127,HomeHarvest Chicken Curry Meal Base 200g,HomeHarvest,HomeHarvest Chicken Curry Meal Base 200g,Convenience Foods,Meal Solutions,4924.2500000000000,4417.6499999999996,143,146,0,0,0,32.81,31.99
420040,Makro Bethlehem,Inland South Division,Free State & Northern Cape Region,Makro,6001007001011,SunTrail Original Crunch Cereal 500g,SunTrail,SunTrail Original Crunch Cereal 500g,Cereals,Ready-to-Eat Cereal,11687.8800000000000,11935.5300000000000,197,230,0,0,1,59.49,54.99
420040,Makro Bethlehem,Inland South Division,Free State & Northern Cape Region,Makro,6001007001028,SunTrail Honey Rings Cereal 450g,SunTrail,SunTrail Honey Rings Cereal 450g,Cereals,Ready-to-Eat Cereal,8385.9800000000000,8253.7999999999993,133,151,0,0,1,65.73,59.99
420040,Makro Bethlehem,Inland South Division,Free State & Northern Cape Region,Makro,6001007001035,MorningMelt Creamy Instant Oats 500g,MorningMelt,MorningMelt Creamy Instant Oats 500g,Cereals,Hot Cereals,7170.8600000000000,6164.6800000000000,144,143,0,0,0,46.43,44.99
420040,Makro Bethlehem,Inland South Division,Free State & Northern Cape Region,Makro,6001007001042,MorningMelt Cinnamon Oats Sachets 10x35g,MorningMelt,MorningMelt Cinnamon Oats Sachets 10x35g,Cereals,Hot Cereals,4338.2800000000000,5118.1499999999996,83,111,0,1,0,49.7,49.99
420040,Makro Bethlehem,Inland South Division,Free State & Northern Cape Region,Makro,6001007001059,SavannaSip Pure Rooibos Tea 80s,SavannaSip,SavannaSip Pure Rooibos Tea 80s,Beverages,Tea,15753.2100000000000,12435.8100000000000,228,205,0,0,0,66.65,64.99
420040,Makro Bethlehem,Inland South Division,Free State & Northern Cape Region,Makro,6001007001066,SavannaSip Lemon Iced Tea 1.5L,SavannaSip,SavannaSip Lemon Iced Tea 1.5L,Beverages,Ready-to-Drink,7394.8800000000000,6249.2600000000000,279,271,0,0,0,24.63,24.99
420040,Makro Bethlehem,Inland South Division,Free State & Northern Cape Region,Makro,6001007001073,CraveCraft Salted Maize Bites 125g,CraveCraft,CraveCraft Salted Maize Bites 125g,Snacks,Savoury Snacks,5781.0900000000000,6015.1100000000000,291,345,0,0,1,21.58,18.99
420040,Makro Bethlehem,Inland South Division,Free State & Northern Cape Region,Makro,6001007001080,CraveCraft Chutney Maize Bites 125g,CraveCraft,CraveCraft Chutney Maize Bites 125g,Snacks,Savoury Snacks,3731.2500000000000,3943.3900000000000,187,225,0,0,1,21.22,18.99
420040,Makro Bethlehem,Inland South Division,Free State & Northern Cape Region,Makro,6001007001097,CraveCraft Cheese Corn Puffs 100g,CraveCraft,CraveCraft Cheese Corn Puffs 100g,Snacks,Savoury Snacks,2693.9700000000000,4434.5200000000004,142,267,1,0,1,19.44,17.99
420040,Makro Bethlehem,Inland South Division,Free State & Northern Cape Region,Makro,6001007001103,HomeHarvest Tomato & Herb Soup 500ml,HomeHarvest,HomeHarvest Tomato & Herb Soup 500ml,Convenience Foods,Soups,6445.0300000000000,5474.1200000000000,163,160,0,0,0,35.7,34.99
420040,Makro Bethlehem,Inland South Division,Free State & Northern Cape Region,Makro,6001007001110,HomeHarvest Beef Stew Mix 200g,HomeHarvest,HomeHarvest Beef Stew Mix 200g,Convenience Foods,Meal Solutions,4347.8500000000004,3636.5000000000000,137,130,0,0,0,30.28,29.99
420040,Makro Bethlehem,Inland South Division,Free State & Northern Cape Region,Makro,6001007001127,HomeHarvest Chicken Curry Meal Base 200g,HomeHarvest,HomeHarvest Chicken Curry Meal Base 200g,Convenience Foods,Meal Solutions,3378.8500000000000,2876.0800000000000,100,98,0,0,0,32.98,31.99
530001,Shoprite Menlyn,Inland North Division,Gauteng North Region,Shoprite,6001007001011,SunTrail Original Crunch Cereal 500g,SunTrail,SunTrail Original Crunch Cereal 500g,Cereals,Ready-to-Eat Cereal,2956.2500000000000,4309.8999999999996,56,85,1,0,0,56.75,54.99
530001,Shoprite Menlyn,Inland North Division,Gauteng North Region,Shoprite,6001007001028,SunTrail Honey Rings Cereal 450g,SunTrail,SunTrail Honey Rings Cereal 450g,Cereals,Ready-to-Eat Cereal,4477.5100000000000,4781.5900000000000,79,87,0,0,0,61.51,59.99
530001,Shoprite Menlyn,Inland North Division,Gauteng North Region,Shoprite,6001007001035,MorningMelt Creamy Instant Oats 500g,MorningMelt,MorningMelt Creamy Instant Oats 500g,Cereals,Hot Cereals,3680.3700000000000,3696.0400000000000,87,90,0,0,0,46.36,44.99
530001,Shoprite Menlyn,Inland North Division,Gauteng North Region,Shoprite,6001007001042,MorningMelt Cinnamon Oats Sachets 10x35g,MorningMelt,MorningMelt Cinnamon Oats Sachets 10x35g,Cereals,Hot Cereals,3467.2500000000000,3512.3300000000000,70,73,0,0,0,52.06,49.99
530001,Shoprite Menlyn,Inland North Division,Gauteng North Region,Shoprite,6001007001059,SavannaSip Pure Rooibos Tea 80s,SavannaSip,SavannaSip Pure Rooibos Tea 80s,Beverages,Tea,6515.0100000000000,5933.5600000000000,104,97,0,0,0,66.77,64.99
530001,Shoprite Menlyn,Inland North Division,Gauteng North Region,Shoprite,6001007001066,SavannaSip Lemon Iced Tea 1.5L,SavannaSip,SavannaSip Lemon Iced Tea 1.5L,Beverages,Ready-to-Drink,2880.9900000000000,3472.5500000000000,114,143,1,0,0,25.92,24.99
530001,Shoprite Menlyn,Inland North Division,Gauteng North Region,Shoprite,6001007001073,CraveCraft Salted Maize Bites 125g,CraveCraft,CraveCraft Salted Maize Bites 125g,Snacks,Savoury Snacks,2776.7000000000000,2539.1400000000000,148,141,0,0,0,19.11,18.99
530001,Shoprite Menlyn,Inland North Division,Gauteng North Region,Shoprite,6001007001080,CraveCraft Chutney Maize Bites 125g,CraveCraft,CraveCraft Chutney Maize Bites 125g,Snacks,Savoury Snacks,1966.2800000000000,2625.3300000000000,106,145,0,1,0,19.73,18.99
530001,Shoprite Menlyn,Inland North Division,Gauteng North Region,Shoprite,6001007001097,CraveCraft Cheese Corn Puffs 100g,CraveCraft,CraveCraft Cheese Corn Puffs 100g,Snacks,Savoury Snacks,2358.2500000000000,2935.1800000000000,129,167,0,1,0,18.35,17.99
530001,Shoprite Menlyn,Inland North Division,Gauteng North Region,Shoprite,6001007001103,HomeHarvest Tomato & Herb Soup 500ml,HomeHarvest,HomeHarvest Tomato & Herb Soup 500ml,Convenience Foods,Soups,3142.8600000000000,2775.9200000000000,92,85,0,0,0,35.91,34.99
530001,Shoprite Menlyn,Inland North Division,Gauteng North Region,Shoprite,6001007001110,HomeHarvest Beef Stew Mix 200g,HomeHarvest,HomeHarvest Beef Stew Mix 200g,Convenience Foods,Meal Solutions,1759.0800000000000,2060.9699999999998,58,71,0,1,0,30.54,29.99
530001,Shoprite Menlyn,Inland North Division,Gauteng North Region,Shoprite,6001007001127,HomeHarvest Chicken Curry Meal Base 200g,HomeHarvest,HomeHarvest Chicken Curry Meal Base 200g,Convenience Foods,Meal Solutions,2436.8400000000000,2197.9000000000000,79,74,0,0,0,32.11,31.99
530002,Shoprite Montana,Inland North Division,Gauteng North Region,Shoprite,6001007001011,SunTrail Original Crunch Cereal 500g,SunTrail,SunTrail Original Crunch Cereal 500g,Cereals,Ready-to-Eat Cereal,6527.7300000000000,6131.7700000000000,124,121,0,0,0,55.14,54.99
530002,Shoprite Montana,Inland North Division,Gauteng North Region,Shoprite,6001007001028,SunTrail Honey Rings Cereal 450g,SunTrail,SunTrail Honey Rings Cereal 450g,Cereals,Ready-to-Eat Cereal,4269.9900000000000,5207.6899999999996,72,91,0,0,1,67.64,59.99
530002,Shoprite Montana,Inland North Division,Gauteng North Region,Shoprite,6001007001035,MorningMelt Creamy Instant Oats 500g,MorningMelt,MorningMelt Creamy Instant Oats 500g,Cereals,Hot Cereals,4073.3100000000000,3802.2700000000000,94,90,0,0,0,46.96,44.99
530002,Shoprite Montana,Inland North Division,Gauteng North Region,Shoprite,6001007001042,MorningMelt Cinnamon Oats Sachets 10x35g,MorningMelt,MorningMelt Cinnamon Oats Sachets 10x35g,Cereals,Hot Cereals,3846.3600000000000,3705.0600000000000,75,75,0,0,0,51.42,49.99
530002,Shoprite Montana,Inland North Division,Gauteng North Region,Shoprite,6001007001059,SavannaSip Pure Rooibos Tea 80s,SavannaSip,SavannaSip Pure Rooibos Tea 80s,Beverages,Tea,6385.9200000000000,5540.6700000000000,100,90,0,0,0,65.2,64.99
530002,Shoprite Montana,Inland North Division,Gauteng North Region,Shoprite,6001007001066,SavannaSip Lemon Iced Tea 1.5L,SavannaSip,SavannaSip Lemon Iced Tea 1.5L,Beverages,Ready-to-Drink,2921.5100000000000,2578.0300000000002,120,110,0,0,0,25.29,24.99
530002,Shoprite Montana,Inland North Division,Gauteng North Region,Shoprite,6001007001073,CraveCraft Salted Maize Bites 125g,CraveCraft,CraveCraft Salted Maize Bites 125g,Snacks,Savoury Snacks,2733.7700000000000,2522.1100000000000,140,135,0,0,0,19.15,18.99
530002,Shoprite Montana,Inland North Division,Gauteng North Region,Shoprite,6001007001080,CraveCraft Chutney Maize Bites 125g,CraveCraft,CraveCraft Chutney Maize Bites 125g,Snacks,Savoury Snacks,3123.7300000000000,2873.4100000000000,172,164,0,0,0,18.6,18.99
530002,Shoprite Montana,Inland North Division,Gauteng North Region,Shoprite,6001007001097,CraveCraft Cheese Corn Puffs 100g,CraveCraft,CraveCraft Cheese Corn Puffs 100g,Snacks,Savoury Snacks,1932.2900000000000,1940.4300000000000,112,117,0,0,0,18.44,17.99
530002,Shoprite Montana,Inland North Division,Gauteng North Region,Shoprite,6001007001103,HomeHarvest Tomato & Herb Soup 500ml,HomeHarvest,HomeHarvest Tomato & Herb Soup 500ml,Convenience Foods,Soups,2380.0000000000000,2222.5700000000002,71,69,0,0,0,35.1,34.99
530002,Shoprite Montana,Inland North Division,Gauteng North Region,Shoprite,6001007001110,HomeHarvest Beef Stew Mix 200g,HomeHarvest,HomeHarvest Beef Stew Mix 200g,Convenience Foods,Meal Solutions,1656.2400000000000,1976.9200000000000,58,72,0,1,0,30.91,29.99
530002,Shoprite Montana,Inland North Division,Gauteng North Region,Shoprite,6001007001127,HomeHarvest Chicken Curry Meal Base 200g,HomeHarvest,HomeHarvest Chicken Curry Meal Base 200g,Convenience Foods,Meal Solutions,1849.6800000000000,2429.4299999999998,57,78,1,0,0,31.73,31.99
530003,Shoprite Centurion,Inland North Division,Gauteng North Region,Shoprite,6001007001011,SunTrail Original Crunch Cereal 500g,SunTrail,SunTrail Original Crunch Cereal 500g,Cereals,Ready-to-Eat Cereal,7625.0900000000000,7693.2100000000000,144,151,0,0,0,54.36,54.99
530003,Shoprite Centurion,Inland North Division,Gauteng North Region,Shoprite,6001007001028,SunTrail Honey Rings Cereal 450g,SunTrail,SunTrail Honey Rings Cereal 450g,Cereals,Ready-to-Eat Cereal,3593.6300000000000,7085.7500000000000,61,125,1,0,0,62.07,59.99
530003,Shoprite Centurion,Inland North Division,Gauteng North Region,Shoprite,6001007001035,MorningMelt Creamy Instant Oats 500g,MorningMelt,MorningMelt Creamy Instant Oats 500g,Cereals,Hot Cereals,4449.7299999999996,4567.0100000000000,102,108,0,0,0,44.52,44.99
530003,Shoprite Centurion,Inland North Division,Gauteng North Region,Shoprite,6001007001042,MorningMelt Cinnamon Oats Sachets 10x35g,MorningMelt,MorningMelt Cinnamon Oats Sachets 10x35g,Cereals,Hot Cereals,3434.0500000000000,3437.2900000000000,69,72,0,0,0,49.98,49.99
530003,Shoprite Centurion,Inland North Division,Gauteng North Region,Shoprite,6001007001059,SavannaSip Pure Rooibos Tea 80s,SavannaSip,SavannaSip Pure Rooibos Tea 80s,Beverages,Tea,7267.4700000000000,8386.4400000000000,119,141,0,1,0,65.62,64.99
530003,Shoprite Centurion,Inland North Division,Gauteng North Region,Shoprite,6001007001066,SavannaSip Lemon Iced Tea 1.5L,SavannaSip,SavannaSip Lemon Iced Tea 1.5L,Beverages,Ready-to-Drink,3263.3600000000000,3049.3300000000000,139,133,0,0,0,25.6,24.99
530003,Shoprite Centurion,Inland North Division,Gauteng North Region,Shoprite,6001007001073,CraveCraft Salted Maize Bites 125g,CraveCraft,CraveCraft Salted Maize Bites 125g,Snacks,Savoury Snacks,4322.1300000000000,4000.3600000000000,227,217,0,0,0,19.84,18.99
530003,Shoprite Centurion,Inland North Division,Gauteng North Region,Shoprite,6001007001080,CraveCraft Chutney Maize Bites 125g,CraveCraft,CraveCraft Chutney Maize Bites 125g,Snacks,Savoury Snacks,3744.7900000000000,3652.3800000000000,196,196,0,0,0,18.73,18.99
530003,Shoprite Centurion,Inland North Division,Gauteng North Region,Shoprite,6001007001097,CraveCraft Cheese Corn Puffs 100g,CraveCraft,CraveCraft Cheese Corn Puffs 100g,Snacks,Savoury Snacks,3126.2400000000000,3075.5700000000000,172,174,0,0,0,18.62,17.99
530003,Shoprite Centurion,Inland North Division,Gauteng North Region,Shoprite,6001007001103,HomeHarvest Tomato & Herb Soup 500ml,HomeHarvest,HomeHarvest Tomato & Herb Soup 500ml,Convenience Foods,Soups,3542.1000000000000,3429.7900000000000,101,101,0,0,0,35.54,34.99
530003,Shoprite Centurion,Inland North Division,Gauteng North Region,Shoprite,6001007001110,HomeHarvest Beef Stew Mix 200g,HomeHarvest,HomeHarvest Beef Stew Mix 200g,Convenience Foods,Meal Solutions,2829.3200000000000,2508.1900000000000,92,85,0,0,0,30.5,29.99
530003,Shoprite Centurion,Inland North Division,Gauteng North Region,Shoprite,6001007001127,HomeHarvest Chicken Curry Meal Base 200g,HomeHarvest,HomeHarvest Chicken Curry Meal Base 200g,Convenience Foods,Meal Solutions,2570.3600000000000,2338.2900000000000,81,77,0,0,0,33.02,31.99
530004,Shoprite Pretoria CBD,Inland North Division,Gauteng North Region,Shoprite,6001007001011,SunTrail Original Crunch Cereal 500g,SunTrail,SunTrail Original Crunch Cereal 500g,Cereals,Ready-to-Eat Cereal,6150.6200000000000,9367.0000000000000,111,174,1,0,0,54.96,54.99
530004,Shoprite Pretoria CBD,Inland North Division,Gauteng North Region,Shoprite,6001007001028,SunTrail Honey Rings Cereal 450g,SunTrail,SunTrail Honey Rings Cereal 450g,Cereals,Ready-to-Eat Cereal,8050.1600000000000,8253.5900000000000,138,148,0,0,0,62.05,59.99
530004,Shoprite Pretoria CBD,Inland North Division,Gauteng North Region,Shoprite,6001007001035,MorningMelt Creamy Instant Oats 500g,MorningMelt,MorningMelt Creamy Instant Oats 500g,Cereals,Hot Cereals,6631.5800000000000,6195.5300000000000,148,143,0,0,0,44.45,44.99
530004,Shoprite Pretoria CBD,Inland North Division,Gauteng North Region,Shoprite,6001007001042,MorningMelt Cinnamon Oats Sachets 10x35g,MorningMelt,MorningMelt Cinnamon Oats Sachets 10x35g,Cereals,Hot Cereals,4066.9100000000000,4188.8900000000003,87,92,0,0,0,49.12,49.99
530004,Shoprite Pretoria CBD,Inland North Division,Gauteng North Region,Shoprite,6001007001059,SavannaSip Pure Rooibos Tea 80s,SavannaSip,SavannaSip Pure Rooibos Tea 80s,Beverages,Tea,8626.1900000000000,7706.6700000000000,136,125,0,0,0,65.75,64.99
530004,Shoprite Pretoria CBD,Inland North Division,Gauteng North Region,Shoprite,6001007001066,SavannaSip Lemon Iced Tea 1.5L,SavannaSip,SavannaSip Lemon Iced Tea 1.5L,Beverages,Ready-to-Drink,4978.3900000000003,4423.2299999999996,210,192,0,0,0,25.68,24.99
530004,Shoprite Pretoria CBD,Inland North Division,Gauteng North Region,Shoprite,6001007001073,CraveCraft Salted Maize Bites 125g,CraveCraft,CraveCraft Salted Maize Bites 125g,Snacks,Savoury Snacks,2916.9900000000000,4004.5500000000000,152,216,0,1,1,21.4,18.99
530004,Shoprite Pretoria CBD,Inland North Division,Gauteng North Region,Shoprite,6001007001080,CraveCraft Chutney Maize Bites 125g,CraveCraft,CraveCraft Chutney Maize Bites 125g,Snacks,Savoury Snacks,4000.5000000000000,3813.2600000000000,217,215,0,0,0,19.42,18.99
530004,Shoprite Pretoria CBD,Inland North Division,Gauteng North Region,Shoprite,6001007001097,CraveCraft Cheese Corn Puffs 100g,CraveCraft,CraveCraft Cheese Corn Puffs 100g,Snacks,Savoury Snacks,2863.3200000000000,3417.1700000000000,158,195,0,1,0,18.36,17.99
530004,Shoprite Pretoria CBD,Inland North Division,Gauteng North Region,Shoprite,6001007001103,HomeHarvest Tomato & Herb Soup 500ml,HomeHarvest,HomeHarvest Tomato & Herb Soup 500ml,Convenience Foods,Soups,3167.2900000000000,3013.3600000000000,90,88,0,0,0,35.78,34.99
530004,Shoprite Pretoria CBD,Inland North Division,Gauteng North Region,Shoprite,6001007001110,HomeHarvest Beef Stew Mix 200g,HomeHarvest,HomeHarvest Beef Stew Mix 200g,Convenience Foods,Meal Solutions,2233.7199999999998,2743.8500000000000,76,97,0,1,0,31.19,29.99
530004,Shoprite Pretoria CBD,Inland North Division,Gauteng North Region,Shoprite,6001007001127,HomeHarvest Chicken Curry Meal Base 200g,HomeHarvest,HomeHarvest Chicken Curry Meal Base 200g,Convenience Foods,Meal Solutions,3211.3200000000000,2834.9200000000000,103,95,0,0,0,31.56,31.99
530005,Shoprite Silver Lakes,Inland North Division,Gauteng North Region,Shoprite,6001007001011,SunTrail Original Crunch Cereal 500g,SunTrail,SunTrail Original Crunch Cereal 500g,Cereals,Ready-to-Eat Cereal,7032.3100000000000,6808.6300000000000,127,126,0,0,0,56.26,54.99
530005,Shoprite Silver Lakes,Inland North Division,Gauteng North Region,Shoprite,6001007001028,SunTrail Honey Rings Cereal 450g,SunTrail,SunTrail Honey Rings Cereal 450g,Cereals,Ready-to-Eat Cereal,6603.2500000000000,7644.0600000000000,113,135,0,0,0,60.49,59.99
530005,Shoprite Silver Lakes,Inland North Division,Gauteng North Region,Shoprite,6001007001035,MorningMelt Creamy Instant Oats 500g,MorningMelt,MorningMelt Creamy Instant Oats 500g,Cereals,Hot Cereals,4597.9200000000000,5594.4800000000000,109,136,0,1,0,45.06,44.99
530005,Shoprite Silver Lakes,Inland North Division,Gauteng North Region,Shoprite,6001007001042,MorningMelt Cinnamon Oats Sachets 10x35g,MorningMelt,MorningMelt Cinnamon Oats Sachets 10x35g,Cereals,Hot Cereals,3289.4300000000000,4043.2600000000000,65,83,0,1,0,51.09,49.99
530005,Shoprite Silver Lakes,Inland North Division,Gauteng North Region,Shoprite,6001007001059,SavannaSip Pure Rooibos Tea 80s,SavannaSip,SavannaSip Pure Rooibos Tea 80s,Beverages,Tea,7733.3000000000000,10009.3100000000000,121,162,1,0,0,66.51,64.99
530005,Shoprite Silver Lakes,Inland North Division,Gauteng North Region,Shoprite,6001007001066,SavannaSip Lemon Iced Tea 1.5L,SavannaSip,SavannaSip Lemon Iced Tea 1.5L,Beverages,Ready-to-Drink,5578.8500000000000,5067.6499999999996,222,211,0,0,0,24.65,24.99
530005,Shoprite Silver Lakes,Inland North Division,Gauteng North Region,Shoprite,6001007001073,CraveCraft Salted Maize Bites 125g,CraveCraft,CraveCraft Salted Maize Bites 125g,Snacks,Savoury Snacks,4120.2299999999996,3849.8200000000000,220,215,0,0,0,19.24,18.99
530005,Shoprite Silver Lakes,Inland North Division,Gauteng North Region,Shoprite,6001007001080,CraveCraft Chutney Maize Bites 125g,CraveCraft,CraveCraft Chutney Maize Bites 125g,Snacks,Savoury Snacks,4330.2100000000000,4367.4700000000000,237,249,0,0,0,18.97,18.99
530005,Shoprite Silver Lakes,Inland North Division,Gauteng North Region,Shoprite,6001007001097,CraveCraft Cheese Corn Puffs 100g,CraveCraft,CraveCraft Cheese Corn Puffs 100g,Snacks,Savoury Snacks,3616.7400000000000,3676.6400000000000,206,218,0,0,0,17.66,17.99
530005,Shoprite Silver Lakes,Inland North Division,Gauteng North Region,Shoprite,6001007001103,HomeHarvest Tomato & Herb Soup 500ml,HomeHarvest,HomeHarvest Tomato & Herb Soup 500ml,Convenience Foods,Soups,4575.1000000000004,4140.2400000000000,136,128,0,0,0,35.2,34.99
530005,Shoprite Silver Lakes,Inland North Division,Gauteng North Region,Shoprite,6001007001110,HomeHarvest Beef Stew Mix 200g,HomeHarvest,HomeHarvest Beef Stew Mix 200g,Convenience Foods,Meal Solutions,2434.4200000000000,2247.9699999999998,85,82,0,0,0,30.24,29.99
530005,Shoprite Silver Lakes,Inland North Division,Gauteng North Region,Shoprite,6001007001127,HomeHarvest Chicken Curry Meal Base 200g,HomeHarvest,HomeHarvest Chicken Curry Meal Base 200g,Convenience Foods,Meal Solutions,2704.3300000000000,2571.6200000000000,88,86,0,0,0,32.8,31.99
530006,Shoprite Alberton,Inland South Division,Gauteng South Region,Shoprite,6001007001011,SunTrail Original Crunch Cereal 500g,SunTrail,SunTrail Original Crunch Cereal 500g,Cereals,Ready-to-Eat Cereal,3391.8400000000000,4916.6899999999996,65,98,1,0,0,53.96,54.99
530006,Shoprite Alberton,Inland South Division,Gauteng South Region,Shoprite,6001007001028,SunTrail Honey Rings Cereal 450g,SunTrail,SunTrail Honey Rings Cereal 450g,Cereals,Ready-to-Eat Cereal,4569.3400000000000,5614.9600000000000,78,99,0,0,0,61.3,59.99
530006,Shoprite Alberton,Inland South Division,Gauteng South Region,Shoprite,6001007001035,MorningMelt Creamy Instant Oats 500g,MorningMelt,MorningMelt Creamy Instant Oats 500g,Cereals,Hot Cereals,3224.0900000000000,3243.2700000000000,73,76,0,0,0,43.68,44.99
530006,Shoprite Alberton,Inland South Division,Gauteng South Region,Shoprite,6001007001042,MorningMelt Cinnamon Oats Sachets 10x35g,MorningMelt,MorningMelt Cinnamon Oats Sachets 10x35g,Cereals,Hot Cereals,3162.4200000000000,3372.0800000000000,64,70,0,0,0,49.09,49.99
530006,Shoprite Alberton,Inland South Division,Gauteng South Region,Shoprite,6001007001059,SavannaSip Pure Rooibos Tea 80s,SavannaSip,SavannaSip Pure Rooibos Tea 80s,Beverages,Tea,8356.7199999999993,7630.5800000000000,127,119,0,0,0,63.09,64.99
530006,Shoprite Alberton,Inland South Division,Gauteng South Region,Shoprite,6001007001066,SavannaSip Lemon Iced Tea 1.5L,SavannaSip,SavannaSip Lemon Iced Tea 1.5L,Beverages,Ready-to-Drink,2644.1100000000000,3213.6600000000000,110,138,0,1,0,25.1,24.99
530006,Shoprite Alberton,Inland South Division,Gauteng South Region,Shoprite,6001007001073,CraveCraft Salted Maize Bites 125g,CraveCraft,CraveCraft Salted Maize Bites 125g,Snacks,Savoury Snacks,3161.1100000000000,3243.3300000000000,164,174,0,0,0,18.69,18.99
530006,Shoprite Alberton,Inland South Division,Gauteng South Region,Shoprite,6001007001080,CraveCraft Chutney Maize Bites 125g,CraveCraft,CraveCraft Chutney Maize Bites 125g,Snacks,Savoury Snacks,2673.4200000000000,2735.9100000000000,143,150,0,0,0,18.44,18.99
530006,Shoprite Alberton,Inland South Division,Gauteng South Region,Shoprite,6001007001097,CraveCraft Cheese Corn Puffs 100g,CraveCraft,CraveCraft Cheese Corn Puffs 100g,Snacks,Savoury Snacks,2549.6300000000000,2754.9000000000000,142,157,0,0,0,18.48,17.99
530006,Shoprite Alberton,Inland South Division,Gauteng South Region,Shoprite,6001007001103,HomeHarvest Tomato & Herb Soup 500ml,HomeHarvest,HomeHarvest Tomato & Herb Soup 500ml,Convenience Foods,Soups,2833.3300000000000,2638.5000000000000,85,82,0,0,0,35.81,34.99
530006,Shoprite Alberton,Inland South Division,Gauteng South Region,Shoprite,6001007001110,HomeHarvest Beef Stew Mix 200g,HomeHarvest,HomeHarvest Beef Stew Mix 200g,Convenience Foods,Meal Solutions,2551.2399999999998,2406.9699999999998,89,87,0,0,0,30.57,29.99
530006,Shoprite Alberton,Inland South Division,Gauteng South Region,Shoprite,6001007001127,HomeHarvest Chicken Curry Meal Base 200g,HomeHarvest,HomeHarvest Chicken Curry Meal Base 200g,Convenience Foods,Meal Solutions,1904.7900000000000,2077.8500000000000,59,66,0,0,1,35.11,31.99
530007,Shoprite Vanderbijlpark,Inland South Division,Gauteng South Region,Shoprite,6001007001011,SunTrail Original Crunch Cereal 500g,SunTrail,SunTrail Original Crunch Cereal 500g,Cereals,Ready-to-Eat Cereal,6424.2300000000000,6337.1200000000000,123,126,0,0,0,53.77,54.99
530007,Shoprite Vanderbijlpark,Inland South Division,Gauteng South Region,Shoprite,6001007001028,SunTrail Honey Rings Cereal 450g,SunTrail,SunTrail Honey Rings Cereal 450g,Cereals,Ready-to-Eat Cereal,3843.4100000000000,7195.5100000000000,65,127,1,0,0,59.02,59.99
530007,Shoprite Vanderbijlpark,Inland South Division,Gauteng South Region,Shoprite,6001007001035,MorningMelt Creamy Instant Oats 500g,MorningMelt,MorningMelt Creamy Instant Oats 500g,Cereals,Hot Cereals,3716.4600000000000,3824.2000000000000,87,92,0,0,0,44.33,44.99
530007,Shoprite Vanderbijlpark,Inland South Division,Gauteng South Region,Shoprite,6001007001042,MorningMelt Cinnamon Oats Sachets 10x35g,MorningMelt,MorningMelt Cinnamon Oats Sachets 10x35g,Cereals,Hot Cereals,5099.7600000000000,5404.5400000000000,102,111,0,0,0,52.0,49.99
530007,Shoprite Vanderbijlpark,Inland South Division,Gauteng South Region,Shoprite,6001007001059,SavannaSip Pure Rooibos Tea 80s,SavannaSip,SavannaSip Pure Rooibos Tea 80s,Beverages,Tea,7821.1400000000000,7418.4700000000000,122,120,0,0,0,63.18,64.99
530007,Shoprite Vanderbijlpark,Inland South Division,Gauteng South Region,Shoprite,6001007001066,SavannaSip Lemon Iced Tea 1.5L,SavannaSip,SavannaSip Lemon Iced Tea 1.5L,Beverages,Ready-to-Drink,4159.4799999999996,4035.5200000000000,173,173,0,0,1,27.37,24.99
530007,Shoprite Vanderbijlpark,Inland South Division,Gauteng South Region,Shoprite,6001007001073,CraveCraft Salted Maize Bites 125g,CraveCraft,CraveCraft Salted Maize Bites 125g,Snacks,Savoury Snacks,3197.0800000000000,3150.2200000000000,174,177,0,0,0,18.75,18.99
530007,Shoprite Vanderbijlpark,Inland South Division,Gauteng South Region,Shoprite,6001007001080,CraveCraft Chutney Maize Bites 125g,CraveCraft,CraveCraft Chutney Maize Bites 125g,Snacks,Savoury Snacks,2762.6200000000000,2918.9100000000000,145,160,0,0,0,19.42,18.99
530007,Shoprite Vanderbijlpark,Inland South Division,Gauteng South Region,Shoprite,6001007001097,CraveCraft Cheese Corn Puffs 100g,CraveCraft,CraveCraft Cheese Corn Puffs 100g,Snacks,Savoury Snacks,2529.1600000000000,3233.6300000000000,142,189,0,1,0,18.26,17.99
530007,Shoprite Vanderbijlpark,Inland South Division,Gauteng South Region,Shoprite,6001007001103,HomeHarvest Tomato & Herb Soup 500ml,HomeHarvest,HomeHarvest Tomato & Herb Soup 500ml,Convenience Foods,Soups,2905.0900000000000,3739.0000000000000,86,114,0,1,0,35.87,34.99
530007,Shoprite Vanderbijlpark,Inland South Division,Gauteng South Region,Shoprite,6001007001110,HomeHarvest Beef Stew Mix 200g,HomeHarvest,HomeHarvest Beef Stew Mix 200g,Convenience Foods,Meal Solutions,2626.3100000000000,2560.8300000000000,91,92,0,0,0,29.36,29.99
530007,Shoprite Vanderbijlpark,Inland South Division,Gauteng South Region,Shoprite,6001007001127,HomeHarvest Chicken Curry Meal Base 200g,HomeHarvest,HomeHarvest Chicken Curry Meal Base 200g,Convenience Foods,Meal Solutions,3201.8300000000000,2991.2300000000000,99,96,0,0,0,31.08,31.99
530008,Shoprite Vereeniging,Inland South Division,Gauteng South Region,Shoprite,6001007001011,SunTrail Original Crunch Cereal 500g,SunTrail,SunTrail Original Crunch Cereal 500g,Cereals,Ready-to-Eat Cereal,7739.2000000000000,7801.9200000000000,149,155,0,0,0,56.57,54.99
530008,Shoprite Vereeniging,Inland South Division,Gauteng South Region,Shoprite,6001007001028,SunTrail Honey Rings Cereal 450g,SunTrail,SunTrail Honey Rings Cereal 450g,Cereals,Ready-to-Eat Cereal,6501.4700000000000,7235.4400000000000,112,129,0,0,0,60.39,59.99
530008,Shoprite Vereeniging,Inland South Division,Gauteng South Region,Shoprite,6001007001035,MorningMelt Creamy Instant Oats 500g,MorningMelt,MorningMelt Creamy Instant Oats 500g,Cereals,Hot Cereals,4893.8000000000000,5232.4500000000000,116,127,0,0,0,45.05,44.99
530008,Shoprite Vereeniging,Inland South Division,Gauteng South Region,Shoprite,6001007001042,MorningMelt Cinnamon Oats Sachets 10x35g,MorningMelt,MorningMelt Cinnamon Oats Sachets 10x35g,Cereals,Hot Cereals,5920.5700000000000,5770.0300000000000,123,125,0,0,0,49.66,49.99
530008,Shoprite Vereeniging,Inland South Division,Gauteng South Region,Shoprite,6001007001059,SavannaSip Pure Rooibos Tea 80s,SavannaSip,SavannaSip Pure Rooibos Tea 80s,Beverages,Tea,12966.6800000000000,11265.8500000000000,197,178,0,0,0,65.4,64.99
530008,Shoprite Vereeniging,Inland South Division,Gauteng South Region,Shoprite,6001007001066,SavannaSip Lemon Iced Tea 1.5L,SavannaSip,SavannaSip Lemon Iced Tea 1.5L,Beverages,Ready-to-Drink,4136.8300000000000,4781.1300000000000,165,198,0,1,0,25.55,24.99
530008,Shoprite Vereeniging,Inland South Division,Gauteng South Region,Shoprite,6001007001073,CraveCraft Salted Maize Bites 125g,CraveCraft,CraveCraft Salted Maize Bites 125g,Snacks,Savoury Snacks,5140.9300000000000,4946.7800000000000,278,277,0,0,0,19.69,18.99
530008,Shoprite Vereeniging,Inland South Division,Gauteng South Region,Shoprite,6001007001080,CraveCraft Chutney Maize Bites 125g,CraveCraft,CraveCraft Chutney Maize Bites 125g,Snacks,Savoury Snacks,3690.4000000000000,3675.0200000000000,198,206,0,0,0,19.43,18.99
530008,Shoprite Vereeniging,Inland South Division,Gauteng South Region,Shoprite,6001007001097,CraveCraft Cheese Corn Puffs 100g,CraveCraft,CraveCraft Cheese Corn Puffs 100g,Snacks,Savoury Snacks,3136.0400000000000,3221.2400000000000,176,187,0,0,0,18.55,17.99
530008,Shoprite Vereeniging,Inland South Division,Gauteng South Region,Shoprite,6001007001103,HomeHarvest Tomato & Herb Soup 500ml,HomeHarvest,HomeHarvest Tomato & Herb Soup 500ml,Convenience Foods,Soups,3650.0500000000000,3504.9800000000000,104,103,0,0,0,34.15,34.99
530008,Shoprite Vereeniging,Inland South Division,Gauteng South Region,Shoprite,6001007001110,HomeHarvest Beef Stew Mix 200g,HomeHarvest,HomeHarvest Beef Stew Mix 200g,Convenience Foods,Meal Solutions,3123.8200000000000,3126.9500000000000,103,106,0,0,0,30.23,29.99
530008,Shoprite Vereeniging,Inland South Division,Gauteng South Region,Shoprite,6001007001127,HomeHarvest Chicken Curry Meal Base 200g,HomeHarvest,HomeHarvest Chicken Curry Meal Base 200g,Convenience Foods,Meal Solutions,3109.4300000000000,3053.6300000000000,97,98,0,0,0,31.1,31.99
530009,Shoprite Boksburg,Inland South Division,Gauteng South Region,Shoprite,6001007001011,SunTrail Original Crunch Cereal 500g,SunTrail,SunTrail Original Crunch Cereal 500g,Cereals,Ready-to-Eat Cereal,6213.9300000000000,6219.7700000000000,113,118,0,0,0,53.74,54.99
530009,Shoprite Boksburg,Inland South Division,Gauteng South Region,Shoprite,6001007001028,SunTrail Honey Rings Cereal 450g,SunTrail,SunTrail Honey Rings Cereal 450g,Cereals,Ready-to-Eat Cereal,5251.0600000000000,5851.3500000000000,89,102,0,0,0,58.5,59.99
530009,Shoprite Boksburg,Inland South Division,Gauteng South Region,Shoprite,6001007001035,MorningMelt Creamy Instant Oats 500g,MorningMelt,MorningMelt Creamy Instant Oats 500g,Cereals,Hot Cereals,3900.9700000000000,3833.6000000000000,86,88,0,0,0,45.08,44.99
530009,Shoprite Boksburg,Inland South Division,Gauteng South Region,Shoprite,6001007001042,MorningMelt Cinnamon Oats Sachets 10x35g,MorningMelt,MorningMelt Cinnamon Oats Sachets 10x35g,Cereals,Hot Cereals,3301.8200000000000,3408.5000000000000,67,71,0,0,0,51.53,49.99
530009,Shoprite Boksburg,Inland South Division,Gauteng South Region,Shoprite,6001007001059,SavannaSip Pure Rooibos Tea 80s,SavannaSip,SavannaSip Pure Rooibos Tea 80s,Beverages,Tea,7123.8500000000000,6469.5400000000000,114,107,0,0,0,67.17,64.99
530009,Shoprite Boksburg,Inland South Division,Gauteng South Region,Shoprite,6001007001066,SavannaSip Lemon Iced Tea 1.5L,SavannaSip,SavannaSip Lemon Iced Tea 1.5L,Beverages,Ready-to-Drink,4244.6600000000000,3996.8600000000000,166,163,0,0,0,25.73,24.99
530009,Shoprite Boksburg,Inland South Division,Gauteng South Region,Shoprite,6001007001073,CraveCraft Salted Maize Bites 125g,CraveCraft,CraveCraft Salted Maize Bites 125g,Snacks,Savoury Snacks,3285.2700000000000,3435.8800000000000,183,197,0,0,0,18.46,18.99
530009,Shoprite Boksburg,Inland South Division,Gauteng South Region,Shoprite,6001007001080,CraveCraft Chutney Maize Bites 125g,CraveCraft,CraveCraft Chutney Maize Bites 125g,Snacks,Savoury Snacks,3434.7700000000000,3417.2500000000000,178,185,0,0,0,18.83,18.99
530009,Shoprite Boksburg,Inland South Division,Gauteng South Region,Shoprite,6001007001097,CraveCraft Cheese Corn Puffs 100g,CraveCraft,CraveCraft Cheese Corn Puffs 100g,Snacks,Savoury Snacks,2942.1100000000000,2837.0100000000000,171,170,0,0,0,18.51,17.99
530009,Shoprite Boksburg,Inland South Division,Gauteng South Region,Shoprite,6001007001103,HomeHarvest Tomato & Herb Soup 500ml,HomeHarvest,HomeHarvest Tomato & Herb Soup 500ml,Convenience Foods,Soups,2405.2199999999998,2414.2500000000000,71,74,0,0,0,34.2,34.99
530009,Shoprite Boksburg,Inland South Division,Gauteng South Region,Shoprite,6001007001110,HomeHarvest Beef Stew Mix 200g,HomeHarvest,HomeHarvest Beef Stew Mix 200g,Convenience Foods,Meal Solutions,2132.8500000000000,2071.5700000000002,72,72,0,0,0,31.07,29.99
530009,Shoprite Boksburg,Inland South Division,Gauteng South Region,Shoprite,6001007001127,HomeHarvest Chicken Curry Meal Base 200g,HomeHarvest,HomeHarvest Chicken Curry Meal Base 200g,Convenience Foods,Meal Solutions,1237.1199999999999,2001.4500000000000,39,66,1,0,1,34.07,31.99
530010,Shoprite Germiston,Inland South Division,Gauteng South Region,Shoprite,6001007001011,SunTrail Original Crunch Cereal 500g,SunTrail,SunTrail Original Crunch Cereal 500g,Cereals,Ready-to-Eat Cereal,7096.6500000000000,6863.8700000000000,132,132,0,0,0,54.48,54.99
530010,Shoprite Germiston,Inland South Division,Gauteng South Region,Shoprite,6001007001028,SunTrail Honey Rings Cereal 450g,SunTrail,SunTrail Honey Rings Cereal 450g,Cereals,Ready-to-Eat Cereal,2778.6500000000000,5488.3700000000000,48,97,1,0,0,58.72,59.99
530010,Shoprite Germiston,Inland South Division,Gauteng South Region,Shoprite,6001007001035,MorningMelt Creamy Instant Oats 500g,MorningMelt,MorningMelt Creamy Instant Oats 500g,Cereals,Hot Cereals,2201.5600000000000,3494.4400000000000,49,80,1,0,0,46.48,44.99
530010,Shoprite Germiston,Inland South Division,Gauteng South Region,Shoprite,6001007001042,MorningMelt Cinnamon Oats Sachets 10x35g,MorningMelt,MorningMelt Cinnamon Oats Sachets 10x35g,Cereals,Hot Cereals,2786.8500000000000,3545.4800000000000,56,73,0,1,0,50.1,49.99
530010,Shoprite Germiston,Inland South Division,Gauteng South Region,Shoprite,6001007001059,SavannaSip Pure Rooibos Tea 80s,SavannaSip,SavannaSip Pure Rooibos Tea 80s,Beverages,Tea,5235.9799999999996,4967.3700000000000,84,83,0,0,0,66.66,64.99
530010,Shoprite Germiston,Inland South Division,Gauteng South Region,Shoprite,6001007001066,SavannaSip Lemon Iced Tea 1.5L,SavannaSip,SavannaSip Lemon Iced Tea 1.5L,Beverages,Ready-to-Drink,3163.6900000000000,2795.9900000000000,131,120,0,0,0,25.98,24.99
530010,Shoprite Germiston,Inland South Division,Gauteng South Region,Shoprite,6001007001073,CraveCraft Salted Maize Bites 125g,CraveCraft,CraveCraft Salted Maize Bites 125g,Snacks,Savoury Snacks,2284.6900000000000,2429.9800000000000,120,133,0,0,0,19.76,18.99
530010,Shoprite Germiston,Inland South Division,Gauteng South Region,Shoprite,6001007001080,CraveCraft Chutney Maize Bites 125g,CraveCraft,CraveCraft Chutney Maize Bites 125g,Snacks,Savoury Snacks,2810.0100000000000,2949.6500000000000,148,160,0,0,0,18.9,18.99
530010,Shoprite Germiston,Inland South Division,Gauteng South Region,Shoprite,6001007001097,CraveCraft Cheese Corn Puffs 100g,CraveCraft,CraveCraft Cheese Corn Puffs 100g,Snacks,Savoury Snacks,2695.4700000000000,2883.4800000000000,160,176,0,0,0,18.31,17.99
530010,Shoprite Germiston,Inland South Division,Gauteng South Region,Shoprite,6001007001103,HomeHarvest Tomato & Herb Soup 500ml,HomeHarvest,HomeHarvest Tomato & Herb Soup 500ml,Convenience Foods,Soups,2245.7399999999998,2100.0500000000002,66,64,0,0,0,34.64,34.99
530010,Shoprite Germiston,Inland South Division,Gauteng South Region,Shoprite,6001007001110,HomeHarvest Beef Stew Mix 200g,HomeHarvest,HomeHarvest Beef Stew Mix 200g,Convenience Foods,Meal Solutions,1433.1200000000000,1917.4400000000000,48,66,0,1,0,29.1,29.99
530010,Shoprite Germiston,Inland South Division,Gauteng South Region,Shoprite,6001007001127,HomeHarvest Chicken Curry Meal Base 200g,HomeHarvest,HomeHarvest Chicken Curry Meal Base 200g,Convenience Foods,Meal Solutions,2516.4699999999998,2503.4600000000000,81,83,0,0,0,31.19,31.99
530011,Shoprite Bellville,Coastal Division,Western Cape Metro Region,Shoprite,6001007001011,SunTrail Original Crunch Cereal 500g,SunTrail,SunTrail Original Crunch Cereal 500g,Cereals,Ready-to-Eat Cereal,5498.3900000000000,8822.2999999999993,103,173,1,0,1,59.65,54.99
530011,Shoprite Bellville,Coastal Division,Western Cape Metro Region,Shoprite,6001007001028,SunTrail Honey Rings Cereal 450g,SunTrail,SunTrail Honey Rings Cereal 450g,Cereals,Ready-to-Eat Cereal,5106.8400000000000,7719.5000000000000,84,131,0,1,0,59.48,59.99
530011,Shoprite Bellville,Coastal Division,Western Cape Metro Region,Shoprite,6001007001035,MorningMelt Creamy Instant Oats 500g,MorningMelt,MorningMelt Creamy Instant Oats 500g,Cereals,Hot Cereals,5819.8000000000000,5337.7500000000000,132,125,0,0,0,45.22,44.99
530011,Shoprite Bellville,Coastal Division,Western Cape Metro Region,Shoprite,6001007001042,MorningMelt Cinnamon Oats Sachets 10x35g,MorningMelt,MorningMelt Cinnamon Oats Sachets 10x35g,Cereals,Hot Cereals,6009.5800000000000,5762.5200000000000,122,121,0,0,0,49.64,49.99
530011,Shoprite Bellville,Coastal Division,Western Cape Metro Region,Shoprite,6001007001059,SavannaSip Pure Rooibos Tea 80s,SavannaSip,SavannaSip Pure Rooibos Tea 80s,Beverages,Tea,11895.2100000000000,10659.6000000000000,183,171,0,0,0,66.66,64.99
530011,Shoprite Bellville,Coastal Division,Western Cape Metro Region,Shoprite,6001007001066,SavannaSip Lemon Iced Tea 1.5L,SavannaSip,SavannaSip Lemon Iced Tea 1.5L,Beverages,Ready-to-Drink,4996.8100000000004,4191.7200000000000,195,170,0,0,0,25.51,24.99
530011,Shoprite Bellville,Coastal Division,Western Cape Metro Region,Shoprite,6001007001073,CraveCraft Salted Maize Bites 125g,CraveCraft,CraveCraft Salted Maize Bites 125g,Snacks,Savoury Snacks,3557.8400000000000,4071.1300000000000,198,233,0,1,0,18.79,18.99
530011,Shoprite Bellville,Coastal Division,Western Cape Metro Region,Shoprite,6001007001080,CraveCraft Chutney Maize Bites 125g,CraveCraft,CraveCraft Chutney Maize Bites 125g,Snacks,Savoury Snacks,4742.4100000000000,4316.4300000000000,249,234,0,0,0,18.42,18.99
530011,Shoprite Bellville,Coastal Division,Western Cape Metro Region,Shoprite,6001007001097,CraveCraft Cheese Corn Puffs 100g,CraveCraft,CraveCraft Cheese Corn Puffs 100g,Snacks,Savoury Snacks,4127.8300000000000,3738.6500000000000,235,220,0,0,0,18.45,17.99
530011,Shoprite Bellville,Coastal Division,Western Cape Metro Region,Shoprite,6001007001103,HomeHarvest Tomato & Herb Soup 500ml,HomeHarvest,HomeHarvest Tomato & Herb Soup 500ml,Convenience Foods,Soups,3926.9900000000000,3642.4600000000000,115,110,0,0,0,34.83,34.99
530011,Shoprite Bellville,Coastal Division,Western Cape Metro Region,Shoprite,6001007001110,HomeHarvest Beef Stew Mix 200g,HomeHarvest,HomeHarvest Beef Stew Mix 200g,Convenience Foods,Meal Solutions,2527.9100000000000,2352.5600000000000,84,80,0,0,0,29.74,29.99
530011,Shoprite Bellville,Coastal Division,Western Cape Metro Region,Shoprite,6001007001127,HomeHarvest Chicken Curry Meal Base 200g,HomeHarvest,HomeHarvest Chicken Curry Meal Base 200g,Convenience Foods,Meal Solutions,3255.1400000000000,2974.7400000000000,104,98,0,0,0,31.12,31.99
530012,Shoprite Brackenfell,Coastal Division,Western Cape Metro Region,Shoprite,6001007001011,SunTrail Original Crunch Cereal 500g,SunTrail,SunTrail Original Crunch Cereal 500g,Cereals,Ready-to-Eat Cereal,9324.8900000000000,8692.5200000000000,166,162,0,0,0,54.14,54.99
530012,Shoprite Brackenfell,Coastal Division,Western Cape Metro Region,Shoprite,6001007001028,SunTrail Honey Rings Cereal 450g,SunTrail,SunTrail Honey Rings Cereal 450g,Cereals,Ready-to-Eat Cereal,7741.1900000000000,8672.0200000000000,134,154,0,0,0,60.53,59.99
530012,Shoprite Brackenfell,Coastal Division,Western Cape Metro Region,Shoprite,6001007001035,MorningMelt Creamy Instant Oats 500g,MorningMelt,MorningMelt Creamy Instant Oats 500g,Cereals,Hot Cereals,4783.1099999999997,4420.1099999999997,106,102,0,0,0,46.12,44.99
530012,Shoprite Brackenfell,Coastal Division,Western Cape Metro Region,Shoprite,6001007001042,MorningMelt Cinnamon Oats Sachets 10x35g,MorningMelt,MorningMelt Cinnamon Oats Sachets 10x35g,Cereals,Hot Cereals,2650.5700000000000,4009.0300000000000,56,88,1,0,0,49.81,49.99
530012,Shoprite Brackenfell,Coastal Division,Western Cape Metro Region,Shoprite,6001007001059,SavannaSip Pure Rooibos Tea 80s,SavannaSip,SavannaSip Pure Rooibos Tea 80s,Beverages,Tea,7688.7000000000000,6800.8100000000000,120,111,0,0,1,74.03,64.99
530012,Shoprite Brackenfell,Coastal Division,Western Cape Metro Region,Shoprite,6001007001066,SavannaSip Lemon Iced Tea 1.5L,SavannaSip,SavannaSip Lemon Iced Tea 1.5L,Beverages,Ready-to-Drink,6248.1300000000000,5272.7900000000000,262,227,0,0,0,24.47,24.99
530012,Shoprite Brackenfell,Coastal Division,Western Cape Metro Region,Shoprite,6001007001073,CraveCraft Salted Maize Bites 125g,CraveCraft,CraveCraft Salted Maize Bites 125g,Snacks,Savoury Snacks,4966.7900000000000,4663.2100000000000,262,254,0,0,0,18.96,18.99
530012,Shoprite Brackenfell,Coastal Division,Western Cape Metro Region,Shoprite,6001007001080,CraveCraft Chutney Maize Bites 125g,CraveCraft,CraveCraft Chutney Maize Bites 125g,Snacks,Savoury Snacks,4221.2200000000000,3977.5900000000000,221,217,0,0,0,18.73,18.99
530012,Shoprite Brackenfell,Coastal Division,Western Cape Metro Region,Shoprite,6001007001097,CraveCraft Cheese Corn Puffs 100g,CraveCraft,CraveCraft Cheese Corn Puffs 100g,Snacks,Savoury Snacks,2954.9900000000000,2893.7400000000000,159,163,0,0,0,17.78,17.99
530012,Shoprite Brackenfell,Coastal Division,Western Cape Metro Region,Shoprite,6001007001103,HomeHarvest Tomato & Herb Soup 500ml,HomeHarvest,HomeHarvest Tomato & Herb Soup 500ml,Convenience Foods,Soups,4651.5700000000000,4020.2800000000000,132,119,0,0,0,35.39,34.99
530012,Shoprite Brackenfell,Coastal Division,Western Cape Metro Region,Shoprite,6001007001110,HomeHarvest Beef Stew Mix 200g,HomeHarvest,HomeHarvest Beef Stew Mix 200g,Convenience Foods,Meal Solutions,2005.2100000000000,2462.7800000000002,70,88,0,1,0,29.35,29.99
530012,Shoprite Brackenfell,Coastal Division,Western Cape Metro Region,Shoprite,6001007001127,HomeHarvest Chicken Curry Meal Base 200g,HomeHarvest,HomeHarvest Chicken Curry Meal Base 200g,Convenience Foods,Meal Solutions,3459.4500000000000,3222.1900000000000,109,106,0,0,0,31.67,31.99
530013,Shoprite Cape Gate,Coastal Division,Western Cape Metro Region,Shoprite,6001007001011,SunTrail Original Crunch Cereal 500g,SunTrail,SunTrail Original Crunch Cereal 500g,Cereals,Ready-to-Eat Cereal,4876.7800000000000,4803.7500000000000,88,89,0,0,0,54.32,54.99
530013,Shoprite Cape Gate,Coastal Division,Western Cape Metro Region,Shoprite,6001007001028,SunTrail Honey Rings Cereal 450g,SunTrail,SunTrail Honey Rings Cereal 450g,Cereals,Ready-to-Eat Cereal,4860.7400000000000,5224.9900000000000,81,91,0,0,0,61.56,59.99
530013,Shoprite Cape Gate,Coastal Division,Western Cape Metro Region,Shoprite,6001007001035,MorningMelt Creamy Instant Oats 500g,MorningMelt,MorningMelt Creamy Instant Oats 500g,Cereals,Hot Cereals,3843.0400000000000,3713.5300000000000,88,88,0,0,0,45.89,44.99
530013,Shoprite Cape Gate,Coastal Division,Western Cape Metro Region,Shoprite,6001007001042,MorningMelt Cinnamon Oats Sachets 10x35g,MorningMelt,MorningMelt Cinnamon Oats Sachets 10x35g,Cereals,Hot Cereals,4385.0100000000000,4143.8400000000000,86,84,0,0,0,51.21,49.99
530013,Shoprite Cape Gate,Coastal Division,Western Cape Metro Region,Shoprite,6001007001059,SavannaSip Pure Rooibos Tea 80s,SavannaSip,SavannaSip Pure Rooibos Tea 80s,Beverages,Tea,4755.8800000000000,5534.1200000000000,74,90,1,0,0,65.16,64.99
530013,Shoprite Cape Gate,Coastal Division,Western Cape Metro Region,Shoprite,6001007001066,SavannaSip Lemon Iced Tea 1.5L,SavannaSip,SavannaSip Lemon Iced Tea 1.5L,Beverages,Ready-to-Drink,3292.8900000000000,2920.1700000000000,133,122,0,0,0,25.35,24.99
530013,Shoprite Cape Gate,Coastal Division,Western Cape Metro Region,Shoprite,6001007001073,CraveCraft Salted Maize Bites 125g,CraveCraft,CraveCraft Salted Maize Bites 125g,Snacks,Savoury Snacks,1907.8200000000000,2301.6600000000000,100,126,0,1,0,18.83,18.99
530013,Shoprite Cape Gate,Coastal Division,Western Cape Metro Region,Shoprite,6001007001080,CraveCraft Chutney Maize Bites 125g,CraveCraft,CraveCraft Chutney Maize Bites 125g,Snacks,Savoury Snacks,2295.4600000000000,2200.9100000000000,127,125,0,0,0,19.36,18.99
530013,Shoprite Cape Gate,Coastal Division,Western Cape Metro Region,Shoprite,6001007001097,CraveCraft Cheese Corn Puffs 100g,CraveCraft,CraveCraft Cheese Corn Puffs 100g,Snacks,Savoury Snacks,2015.1000000000000,2529.9100000000000,113,148,0,1,0,18.58,17.99
530013,Shoprite Cape Gate,Coastal Division,Western Cape Metro Region,Shoprite,6001007001103,HomeHarvest Tomato & Herb Soup 500ml,HomeHarvest,HomeHarvest Tomato & Herb Soup 500ml,Convenience Foods,Soups,1855.4700000000000,2092.8600000000000,54,63,0,1,0,36.06,34.99
530013,Shoprite Cape Gate,Coastal Division,Western Cape Metro Region,Shoprite,6001007001110,HomeHarvest Beef Stew Mix 200g,HomeHarvest,HomeHarvest Beef Stew Mix 200g,Convenience Foods,Meal Solutions,2391.2399999999998,2255.1500000000000,79,78,0,0,0,30.36,29.99
530013,Shoprite Cape Gate,Coastal Division,Western Cape Metro Region,Shoprite,6001007001127,HomeHarvest Chicken Curry Meal Base 200g,HomeHarvest,HomeHarvest Chicken Curry Meal Base 200g,Convenience Foods,Meal Solutions,1873.1800000000000,1680.3500000000000,60,56,0,0,0,32.45,31.99
530014,Shoprite Claremont,Coastal Division,Western Cape Metro Region,Shoprite,6001007001011,SunTrail Original Crunch Cereal 500g,SunTrail,SunTrail Original Crunch Cereal 500g,Cereals,Ready-to-Eat Cereal,7183.7900000000000,6677.1000000000000,133,128,0,0,0,56.1,54.99
530014,Shoprite Claremont,Coastal Division,Western Cape Metro Region,Shoprite,6001007001028,SunTrail Honey Rings Cereal 450g,SunTrail,SunTrail Honey Rings Cereal 450g,Cereals,Ready-to-Eat Cereal,4266.8999999999996,4640.3200000000000,75,84,0,0,0,62.5,59.99
530014,Shoprite Claremont,Coastal Division,Western Cape Metro Region,Shoprite,6001007001035,MorningMelt Creamy Instant Oats 500g,MorningMelt,MorningMelt Creamy Instant Oats 500g,Cereals,Hot Cereals,3594.6000000000000,4085.5100000000000,81,96,0,1,0,45.06,44.99
530014,Shoprite Claremont,Coastal Division,Western Cape Metro Region,Shoprite,6001007001042,MorningMelt Cinnamon Oats Sachets 10x35g,MorningMelt,MorningMelt Cinnamon Oats Sachets 10x35g,Cereals,Hot Cereals,4062.8200000000000,3747.1000000000000,84,81,0,0,0,50.59,49.99
530014,Shoprite Claremont,Coastal Division,Western Cape Metro Region,Shoprite,6001007001059,SavannaSip Pure Rooibos Tea 80s,SavannaSip,SavannaSip Pure Rooibos Tea 80s,Beverages,Tea,6054.0600000000000,4967.6899999999996,91,78,0,0,0,65.21,64.99
530014,Shoprite Claremont,Coastal Division,Western Cape Metro Region,Shoprite,6001007001066,SavannaSip Lemon Iced Tea 1.5L,SavannaSip,SavannaSip Lemon Iced Tea 1.5L,Beverages,Ready-to-Drink,3101.4600000000000,2782.1200000000000,128,118,0,0,0,24.38,24.99
530014,Shoprite Claremont,Coastal Division,Western Cape Metro Region,Shoprite,6001007001073,CraveCraft Salted Maize Bites 125g,CraveCraft,CraveCraft Salted Maize Bites 125g,Snacks,Savoury Snacks,2467.9299999999998,2414.1799999999998,133,135,0,0,0,18.48,18.99
530014,Shoprite Claremont,Coastal Division,Western Cape Metro Region,Shoprite,6001007001080,CraveCraft Chutney Maize Bites 125g,CraveCraft,CraveCraft Chutney Maize Bites 125g,Snacks,Savoury Snacks,2231.4000000000000,2688.4800000000000,116,145,0,1,0,19.15,18.99
530014,Shoprite Claremont,Coastal Division,Western Cape Metro Region,Shoprite,6001007001097,CraveCraft Cheese Corn Puffs 100g,CraveCraft,CraveCraft Cheese Corn Puffs 100g,Snacks,Savoury Snacks,2107.4899999999998,2179.6500000000000,120,127,0,0,1,19.85,17.99
530014,Shoprite Claremont,Coastal Division,Western Cape Metro Region,Shoprite,6001007001103,HomeHarvest Tomato & Herb Soup 500ml,HomeHarvest,HomeHarvest Tomato & Herb Soup 500ml,Convenience Foods,Soups,2934.4000000000000,2607.0400000000000,89,81,0,0,0,35.32,34.99
530014,Shoprite Claremont,Coastal Division,Western Cape Metro Region,Shoprite,6001007001110,HomeHarvest Beef Stew Mix 200g,HomeHarvest,HomeHarvest Beef Stew Mix 200g,Convenience Foods,Meal Solutions,2364.4699999999998,2107.0100000000002,81,75,0,0,0,30.07,29.99
530014,Shoprite Claremont,Coastal Division,Western Cape Metro Region,Shoprite,6001007001127,HomeHarvest Chicken Curry Meal Base 200g,HomeHarvest,HomeHarvest Chicken Curry Meal Base 200g,Convenience Foods,Meal Solutions,1698.6900000000000,2262.8000000000002,54,74,1,0,0,31.69,31.99
530015,Shoprite Somerset West,Coastal Division,Western Cape Metro Region,Shoprite,6001007001011,SunTrail Original Crunch Cereal 500g,SunTrail,SunTrail Original Crunch Cereal 500g,Cereals,Ready-to-Eat Cereal,6347.5900000000000,9914.3400000000000,115,184,1,0,0,55.15,54.99
530015,Shoprite Somerset West,Coastal Division,Western Cape Metro Region,Shoprite,6001007001028,SunTrail Honey Rings Cereal 450g,SunTrail,SunTrail Honey Rings Cereal 450g,Cereals,Ready-to-Eat Cereal,7390.2300000000000,7517.1700000000000,125,132,0,0,0,59.57,59.99
530015,Shoprite Somerset West,Coastal Division,Western Cape Metro Region,Shoprite,6001007001035,MorningMelt Creamy Instant Oats 500g,MorningMelt,MorningMelt Creamy Instant Oats 500g,Cereals,Hot Cereals,5672.2900000000000,5382.3600000000000,124,123,0,0,0,44.01,44.99
530015,Shoprite Somerset West,Coastal Division,Western Cape Metro Region,Shoprite,6001007001042,MorningMelt Cinnamon Oats Sachets 10x35g,MorningMelt,MorningMelt Cinnamon Oats Sachets 10x35g,Cereals,Hot Cereals,5535.0900000000000,5109.3500000000004,117,112,0,0,0,49.88,49.99
530015,Shoprite Somerset West,Coastal Division,Western Cape Metro Region,Shoprite,6001007001059,SavannaSip Pure Rooibos Tea 80s,SavannaSip,SavannaSip Pure Rooibos Tea 80s,Beverages,Tea,10901.5900000000000,10627.7600000000000,166,169,0,0,1,73.26,64.99
530015,Shoprite Somerset West,Coastal Division,Western Cape Metro Region,Shoprite,6001007001066,SavannaSip Lemon Iced Tea 1.5L,SavannaSip,SavannaSip Lemon Iced Tea 1.5L,Beverages,Ready-to-Drink,5929.0800000000000,5142.3700000000000,235,210,0,0,0,25.76,24.99
530015,Shoprite Somerset West,Coastal Division,Western Cape Metro Region,Shoprite,6001007001073,CraveCraft Salted Maize Bites 125g,CraveCraft,CraveCraft Salted Maize Bites 125g,Snacks,Savoury Snacks,4123.4799999999996,3814.9200000000000,220,212,0,0,0,18.9,18.99
530015,Shoprite Somerset West,Coastal Division,Western Cape Metro Region,Shoprite,6001007001080,CraveCraft Chutney Maize Bites 125g,CraveCraft,CraveCraft Chutney Maize Bites 125g,Snacks,Savoury Snacks,3658.7500000000000,4292.7100000000000,188,230,0,1,0,18.61,18.99
530015,Shoprite Somerset West,Coastal Division,Western Cape Metro Region,Shoprite,6001007001097,CraveCraft Cheese Corn Puffs 100g,CraveCraft,CraveCraft Cheese Corn Puffs 100g,Snacks,Savoury Snacks,2327.3600000000000,2918.0800000000000,131,170,0,1,0,17.94,17.99
530015,Shoprite Somerset West,Coastal Division,Western Cape Metro Region,Shoprite,6001007001103,HomeHarvest Tomato & Herb Soup 500ml,HomeHarvest,HomeHarvest Tomato & Herb Soup 500ml,Convenience Foods,Soups,4192.8100000000004,3890.1500000000000,125,119,0,0,0,34.56,34.99
530015,Shoprite Somerset West,Coastal Division,Western Cape Metro Region,Shoprite,6001007001110,HomeHarvest Beef Stew Mix 200g,HomeHarvest,HomeHarvest Beef Stew Mix 200g,Convenience Foods,Meal Solutions,3210.2800000000000,2825.2000000000000,110,101,0,0,0,30.03,29.99
530015,Shoprite Somerset West,Coastal Division,Western Cape Metro Region,Shoprite,6001007001127,HomeHarvest Chicken Curry Meal Base 200g,HomeHarvest,HomeHarvest Chicken Curry Meal Base 200g,Convenience Foods,Meal Solutions,3480.4200000000000,3080.6000000000000,109,101,0,0,0,31.54,31.99
530016,Shoprite George,Coastal Division,Western Cape Coastal Region,Shoprite,6001007001011,SunTrail Original Crunch Cereal 500g,SunTrail,SunTrail Original Crunch Cereal 500g,Cereals,Ready-to-Eat Cereal,8635.2500000000000,8923.5200000000000,156,166,0,0,0,55.93,54.99
530016,Shoprite George,Coastal Division,Western Cape Coastal Region,Shoprite,6001007001028,SunTrail Honey Rings Cereal 450g,SunTrail,SunTrail Honey Rings Cereal 450g,Cereals,Ready-to-Eat Cereal,4576.1700000000000,7472.8600000000000,77,131,0,1,0,58.97,59.99
530016,Shoprite George,Coastal Division,Western Cape Coastal Region,Shoprite,6001007001035,MorningMelt Creamy Instant Oats 500g,MorningMelt,MorningMelt Creamy Instant Oats 500g,Cereals,Hot Cereals,5397.9000000000000,5310.2700000000000,123,126,0,0,0,45.45,44.99
530016,Shoprite George,Coastal Division,Western Cape Coastal Region,Shoprite,6001007001042,MorningMelt Cinnamon Oats Sachets 10x35g,MorningMelt,MorningMelt Cinnamon Oats Sachets 10x35g,Cereals,Hot Cereals,2503.9000000000000,3996.9700000000000,52,86,1,0,0,49.02,49.99
530016,Shoprite George,Coastal Division,Western Cape Coastal Region,Shoprite,6001007001059,SavannaSip Pure Rooibos Tea 80s,SavannaSip,SavannaSip Pure Rooibos Tea 80s,Beverages,Tea,11338.2400000000000,10328.5400000000010,181,172,0,0,0,64.53,64.99
530016,Shoprite George,Coastal Division,Western Cape Coastal Region,Shoprite,6001007001066,SavannaSip Lemon Iced Tea 1.5L,SavannaSip,SavannaSip Lemon Iced Tea 1.5L,Beverages,Ready-to-Drink,3696.9600000000000,4424.2100000000000,151,187,0,1,0,25.69,24.99
530016,Shoprite George,Coastal Division,Western Cape Coastal Region,Shoprite,6001007001073,CraveCraft Salted Maize Bites 125g,CraveCraft,CraveCraft Salted Maize Bites 125g,Snacks,Savoury Snacks,3995.9500000000000,4337.1400000000003,219,246,0,0,0,19.31,18.99
530016,Shoprite George,Coastal Division,Western Cape Coastal Region,Shoprite,6001007001080,CraveCraft Chutney Maize Bites 125g,CraveCraft,CraveCraft Chutney Maize Bites 125g,Snacks,Savoury Snacks,1890.4900000000000,3229.0000000000000,102,180,1,0,0,19.23,18.99
530016,Shoprite George,Coastal Division,Western Cape Coastal Region,Shoprite,6001007001097,CraveCraft Cheese Corn Puffs 100g,CraveCraft,CraveCraft Cheese Corn Puffs 100g,Snacks,Savoury Snacks,2887.5300000000000,4055.6300000000000,160,233,0,1,0,18.52,17.99
530016,Shoprite George,Coastal Division,Western Cape Coastal Region,Shoprite,6001007001103,HomeHarvest Tomato & Herb Soup 500ml,HomeHarvest,HomeHarvest Tomato & Herb Soup 500ml,Convenience Foods,Soups,4196.0500000000000,3918.8700000000000,125,122,0,0,0,34.86,34.99
530016,Shoprite George,Coastal Division,Western Cape Coastal Region,Shoprite,6001007001110,HomeHarvest Beef Stew Mix 200g,HomeHarvest,HomeHarvest Beef Stew Mix 200g,Convenience Foods,Meal Solutions,2743.8000000000000,2775.6600000000000,92,97,0,0,0,29.42,29.99
530016,Shoprite George,Coastal Division,Western Cape Coastal Region,Shoprite,6001007001127,HomeHarvest Chicken Curry Meal Base 200g,HomeHarvest,HomeHarvest Chicken Curry Meal Base 200g,Convenience Foods,Meal Solutions,2894.4100000000000,2801.5200000000000,93,93,0,0,0,31.67,31.99
530017,Shoprite Mossel Bay,Coastal Division,Western Cape Coastal Region,Shoprite,6001007001011,SunTrail Original Crunch Cereal 500g,SunTrail,SunTrail Original Crunch Cereal 500g,Cereals,Ready-to-Eat Cereal,5991.2600000000000,8274.2999999999993,111,160,0,1,0,53.81,54.99
530017,Shoprite Mossel Bay,Coastal Division,Western Cape Coastal Region,Shoprite,6001007001028,SunTrail Honey Rings Cereal 450g,SunTrail,SunTrail Honey Rings Cereal 450g,Cereals,Ready-to-Eat Cereal,6441.2400000000000,7298.2000000000000,111,130,0,0,0,62.13,59.99
530017,Shoprite Mossel Bay,Coastal Division,Western Cape Coastal Region,Shoprite,6001007001035,MorningMelt Creamy Instant Oats 500g,MorningMelt,MorningMelt Creamy Instant Oats 500g,Cereals,Hot Cereals,2811.5800000000000,4850.2400000000000,63,112,1,0,0,45.74,44.99
530017,Shoprite Mossel Bay,Coastal Division,Western Cape Coastal Region,Shoprite,6001007001042,MorningMelt Cinnamon Oats Sachets 10x35g,MorningMelt,MorningMelt Cinnamon Oats Sachets 10x35g,Cereals,Hot Cereals,5020.8100000000004,5417.8200000000000,103,115,0,0,0,49.83,49.99
530017,Shoprite Mossel Bay,Coastal Division,Western Cape Coastal Region,Shoprite,6001007001059,SavannaSip Pure Rooibos Tea 80s,SavannaSip,SavannaSip Pure Rooibos Tea 80s,Beverages,Tea,8338.4000000000000,8085.2800000000000,131,131,0,0,0,67.34,64.99
530017,Shoprite Mossel Bay,Coastal Division,Western Cape Coastal Region,Shoprite,6001007001066,SavannaSip Lemon Iced Tea 1.5L,SavannaSip,SavannaSip Lemon Iced Tea 1.5L,Beverages,Ready-to-Drink,3412.2200000000000,4999.8800000000000,143,218,1,0,0,24.47,24.99
530017,Shoprite Mossel Bay,Coastal Division,Western Cape Coastal Region,Shoprite,6001007001073,CraveCraft Salted Maize Bites 125g,CraveCraft,CraveCraft Salted Maize Bites 125g,Snacks,Savoury Snacks,3000.0000000000000,4934.6899999999996,154,265,0,1,1,20.68,18.99
530017,Shoprite Mossel Bay,Coastal Division,Western Cape Coastal Region,Shoprite,6001007001080,CraveCraft Chutney Maize Bites 125g,CraveCraft,CraveCraft Chutney Maize Bites 125g,Snacks,Savoury Snacks,4132.7299999999996,4218.8200000000000,218,231,0,0,0,19.02,18.99
530017,Shoprite Mossel Bay,Coastal Division,Western Cape Coastal Region,Shoprite,6001007001097,CraveCraft Cheese Corn Puffs 100g,CraveCraft,CraveCraft Cheese Corn Puffs 100g,Snacks,Savoury Snacks,3338.8800000000000,3521.1600000000000,195,215,0,0,0,17.99,17.99
530017,Shoprite Mossel Bay,Coastal Division,Western Cape Coastal Region,Shoprite,6001007001103,HomeHarvest Tomato & Herb Soup 500ml,HomeHarvest,HomeHarvest Tomato & Herb Soup 500ml,Convenience Foods,Soups,4204.7500000000000,4008.8400000000000,125,122,0,0,0,36.2,34.99
530017,Shoprite Mossel Bay,Coastal Division,Western Cape Coastal Region,Shoprite,6001007001110,HomeHarvest Beef Stew Mix 200g,HomeHarvest,HomeHarvest Beef Stew Mix 200g,Convenience Foods,Meal Solutions,2688.4100000000000,2633.4600000000000,92,94,0,0,0,29.72,29.99
530017,Shoprite Mossel Bay,Coastal Division,Western Cape Coastal Region,Shoprite,6001007001127,HomeHarvest Chicken Curry Meal Base 200g,HomeHarvest,HomeHarvest Chicken Curry Meal Base 200g,Convenience Foods,Meal Solutions,1634.7300000000000,2455.7900000000000,54,83,1,0,0,32.38,31.99
530018,Shoprite Paarl,Coastal Division,Western Cape Coastal Region,Shoprite,6001007001011,SunTrail Original Crunch Cereal 500g,SunTrail,SunTrail Original Crunch Cereal 500g,Cereals,Ready-to-Eat Cereal,6003.8200000000000,5922.6700000000000,109,112,0,0,0,53.87,54.99
530018,Shoprite Paarl,Coastal Division,Western Cape Coastal Region,Shoprite,6001007001028,SunTrail Honey Rings Cereal 450g,SunTrail,SunTrail Honey Rings Cereal 450g,Cereals,Ready-to-Eat Cereal,3865.8600000000000,4852.3000000000000,63,82,0,0,0,60.2,59.99
530018,Shoprite Paarl,Coastal Division,Western Cape Coastal Region,Shoprite,6001007001035,MorningMelt Creamy Instant Oats 500g,MorningMelt,MorningMelt Creamy Instant Oats 500g,Cereals,Hot Cereals,2914.4700000000000,4057.3800000000000,67,97,0,1,0,45.25,44.99
530018,Shoprite Paarl,Coastal Division,Western Cape Coastal Region,Shoprite,6001007001042,MorningMelt Cinnamon Oats Sachets 10x35g,MorningMelt,MorningMelt Cinnamon Oats Sachets 10x35g,Cereals,Hot Cereals,3139.6500000000000,3276.9500000000000,64,69,0,0,0,49.26,49.99
530018,Shoprite Paarl,Coastal Division,Western Cape Coastal Region,Shoprite,6001007001059,SavannaSip Pure Rooibos Tea 80s,SavannaSip,SavannaSip Pure Rooibos Tea 80s,Beverages,Tea,4172.6800000000000,5326.9700000000000,64,85,0,1,1,69.67,64.99
530018,Shoprite Paarl,Coastal Division,Western Cape Coastal Region,Shoprite,6001007001066,SavannaSip Lemon Iced Tea 1.5L,SavannaSip,SavannaSip Lemon Iced Tea 1.5L,Beverages,Ready-to-Drink,3892.1300000000000,3786.7700000000000,164,164,0,0,0,25.41,24.99
530018,Shoprite Paarl,Coastal Division,Western Cape Coastal Region,Shoprite,6001007001073,CraveCraft Salted Maize Bites 125g,CraveCraft,CraveCraft Salted Maize Bites 125g,Snacks,Savoury Snacks,2783.9700000000000,3030.6000000000000,147,167,0,0,0,19.7,18.99
530018,Shoprite Paarl,Coastal Division,Western Cape Coastal Region,Shoprite,6001007001080,CraveCraft Chutney Maize Bites 125g,CraveCraft,CraveCraft Chutney Maize Bites 125g,Snacks,Savoury Snacks,1825.1700000000000,2625.4500000000000,97,143,0,1,1,20.64,18.99
530018,Shoprite Paarl,Coastal Division,Western Cape Coastal Region,Shoprite,6001007001097,CraveCraft Cheese Corn Puffs 100g,CraveCraft,CraveCraft Cheese Corn Puffs 100g,Snacks,Savoury Snacks,2619.0600000000000,2589.5500000000002,153,157,0,0,0,17.66,17.99
530018,Shoprite Paarl,Coastal Division,Western Cape Coastal Region,Shoprite,6001007001103,HomeHarvest Tomato & Herb Soup 500ml,HomeHarvest,HomeHarvest Tomato & Herb Soup 500ml,Convenience Foods,Soups,2355.5800000000000,2333.0200000000000,68,70,0,0,0,35.63,34.99
530018,Shoprite Paarl,Coastal Division,Western Cape Coastal Region,Shoprite,6001007001110,HomeHarvest Beef Stew Mix 200g,HomeHarvest,HomeHarvest Beef Stew Mix 200g,Convenience Foods,Meal Solutions,2367.7399999999998,2228.8500000000000,83,80,0,0,0,30.24,29.99
530018,Shoprite Paarl,Coastal Division,Western Cape Coastal Region,Shoprite,6001007001127,HomeHarvest Chicken Curry Meal Base 200g,HomeHarvest,HomeHarvest Chicken Curry Meal Base 200g,Convenience Foods,Meal Solutions,1957.1900000000000,1903.5800000000000,65,65,0,0,0,31.15,31.99
530019,Shoprite Worcester,Coastal Division,Western Cape Coastal Region,Shoprite,6001007001011,SunTrail Original Crunch Cereal 500g,SunTrail,SunTrail Original Crunch Cereal 500g,Cereals,Ready-to-Eat Cereal,7315.3100000000000,7129.0700000000000,138,140,0,0,0,53.58,54.99
530019,Shoprite Worcester,Coastal Division,Western Cape Coastal Region,Shoprite,6001007001028,SunTrail Honey Rings Cereal 450g,SunTrail,SunTrail Honey Rings Cereal 450g,Cereals,Ready-to-Eat Cereal,4092.6000000000000,4612.8100000000004,72,84,0,0,0,62.08,59.99
530019,Shoprite Worcester,Coastal Division,Western Cape Coastal Region,Shoprite,6001007001035,MorningMelt Creamy Instant Oats 500g,MorningMelt,MorningMelt Creamy Instant Oats 500g,Cereals,Hot Cereals,4111.9300000000000,4231.5200000000004,93,98,0,0,0,45.07,44.99
530019,Shoprite Worcester,Coastal Division,Western Cape Coastal Region,Shoprite,6001007001042,MorningMelt Cinnamon Oats Sachets 10x35g,MorningMelt,MorningMelt Cinnamon Oats Sachets 10x35g,Cereals,Hot Cereals,3019.0500000000000,4027.2100000000000,60,82,0,1,0,50.31,49.99
530019,Shoprite Worcester,Coastal Division,Western Cape Coastal Region,Shoprite,6001007001059,SavannaSip Pure Rooibos Tea 80s,SavannaSip,SavannaSip Pure Rooibos Tea 80s,Beverages,Tea,5685.8000000000000,5632.5700000000000,85,88,0,0,1,73.12,64.99
530019,Shoprite Worcester,Coastal Division,Western Cape Coastal Region,Shoprite,6001007001066,SavannaSip Lemon Iced Tea 1.5L,SavannaSip,SavannaSip Lemon Iced Tea 1.5L,Beverages,Ready-to-Drink,3755.3600000000000,3387.0800000000000,149,138,0,0,0,25.03,24.99
530019,Shoprite Worcester,Coastal Division,Western Cape Coastal Region,Shoprite,6001007001073,CraveCraft Salted Maize Bites 125g,CraveCraft,CraveCraft Salted Maize Bites 125g,Snacks,Savoury Snacks,2745.5600000000000,3972.4900000000000,146,217,0,1,0,18.47,18.99
530019,Shoprite Worcester,Coastal Division,Western Cape Coastal Region,Shoprite,6001007001080,CraveCraft Chutney Maize Bites 125g,CraveCraft,CraveCraft Chutney Maize Bites 125g,Snacks,Savoury Snacks,2399.3100000000000,2608.1600000000000,126,143,0,0,0,18.93,18.99
530019,Shoprite Worcester,Coastal Division,Western Cape Coastal Region,Shoprite,6001007001097,CraveCraft Cheese Corn Puffs 100g,CraveCraft,CraveCraft Cheese Corn Puffs 100g,Snacks,Savoury Snacks,1879.8000000000000,2840.2400000000000,108,170,1,0,0,18.57,17.99
530019,Shoprite Worcester,Coastal Division,Western Cape Coastal Region,Shoprite,6001007001103,HomeHarvest Tomato & Herb Soup 500ml,HomeHarvest,HomeHarvest Tomato & Herb Soup 500ml,Convenience Foods,Soups,2548.5000000000000,2413.3000000000002,77,75,0,0,0,34.75,34.99
530019,Shoprite Worcester,Coastal Division,Western Cape Coastal Region,Shoprite,6001007001110,HomeHarvest Beef Stew Mix 200g,HomeHarvest,HomeHarvest Beef Stew Mix 200g,Convenience Foods,Meal Solutions,2684.8600000000000,2597.4899999999998,89,90,0,0,0,30.5,29.99
530019,Shoprite Worcester,Coastal Division,Western Cape Coastal Region,Shoprite,6001007001127,HomeHarvest Chicken Curry Meal Base 200g,HomeHarvest,HomeHarvest Chicken Curry Meal Base 200g,Convenience Foods,Meal Solutions,1844.7800000000000,2048.0300000000002,58,67,0,0,1,35.65,31.99
530020,Shoprite Vredenburg,Coastal Division,Western Cape Coastal Region,Shoprite,6001007001011,SunTrail Original Crunch Cereal 500g,SunTrail,SunTrail Original Crunch Cereal 500g,Cereals,Ready-to-Eat Cereal,5506.8300000000000,5688.8800000000000,104,112,0,0,0,55.23,54.99
530020,Shoprite Vredenburg,Coastal Division,Western Cape Coastal Region,Shoprite,6001007001028,SunTrail Honey Rings Cereal 450g,SunTrail,SunTrail Honey Rings Cereal 450g,Cereals,Ready-to-Eat Cereal,3654.1300000000000,6740.1900000000000,61,117,1,0,0,58.74,59.99
530020,Shoprite Vredenburg,Coastal Division,Western Cape Coastal Region,Shoprite,6001007001035,MorningMelt Creamy Instant Oats 500g,MorningMelt,MorningMelt Creamy Instant Oats 500g,Cereals,Hot Cereals,3298.0900000000000,4676.4700000000000,74,108,0,1,0,44.58,44.99
530020,Shoprite Vredenburg,Coastal Division,Western Cape Coastal Region,Shoprite,6001007001042,MorningMelt Cinnamon Oats Sachets 10x35g,MorningMelt,MorningMelt Cinnamon Oats Sachets 10x35g,Cereals,Hot Cereals,3717.8900000000000,3950.5200000000000,74,81,0,0,0,50.24,49.99
530020,Shoprite Vredenburg,Coastal Division,Western Cape Coastal Region,Shoprite,6001007001059,SavannaSip Pure Rooibos Tea 80s,SavannaSip,SavannaSip Pure Rooibos Tea 80s,Beverages,Tea,7330.4100000000000,7119.6300000000000,115,116,0,0,0,66.81,64.99
530020,Shoprite Vredenburg,Coastal Division,Western Cape Coastal Region,Shoprite,6001007001066,SavannaSip Lemon Iced Tea 1.5L,SavannaSip,SavannaSip Lemon Iced Tea 1.5L,Beverages,Ready-to-Drink,4528.8700000000000,4062.3000000000000,190,175,0,0,0,24.54,24.99
530020,Shoprite Vredenburg,Coastal Division,Western Cape Coastal Region,Shoprite,6001007001073,CraveCraft Salted Maize Bites 125g,CraveCraft,CraveCraft Salted Maize Bites 125g,Snacks,Savoury Snacks,3421.1900000000000,3351.6100000000000,179,183,0,0,0,19.31,18.99
530020,Shoprite Vredenburg,Coastal Division,Western Cape Coastal Region,Shoprite,6001007001080,CraveCraft Chutney Maize Bites 125g,CraveCraft,CraveCraft Chutney Maize Bites 125g,Snacks,Savoury Snacks,2509.3600000000000,4005.2400000000000,130,217,1,0,0,19.07,18.99
530020,Shoprite Vredenburg,Coastal Division,Western Cape Coastal Region,Shoprite,6001007001097,CraveCraft Cheese Corn Puffs 100g,CraveCraft,CraveCraft Cheese Corn Puffs 100g,Snacks,Savoury Snacks,3066.6500000000000,3111.1700000000000,171,181,0,0,0,18.52,17.99
530020,Shoprite Vredenburg,Coastal Division,Western Cape Coastal Region,Shoprite,6001007001103,HomeHarvest Tomato & Herb Soup 500ml,HomeHarvest,HomeHarvest Tomato & Herb Soup 500ml,Convenience Foods,Soups,3090.3600000000000,2921.4800000000000,90,88,0,0,0,34.08,34.99
530020,Shoprite Vredenburg,Coastal Division,Western Cape Coastal Region,Shoprite,6001007001110,HomeHarvest Beef Stew Mix 200g,HomeHarvest,HomeHarvest Beef Stew Mix 200g,Convenience Foods,Meal Solutions,2621.5400000000000,2690.5200000000000,89,95,0,0,0,30.59,29.99
530020,Shoprite Vredenburg,Coastal Division,Western Cape Coastal Region,Shoprite,6001007001127,HomeHarvest Chicken Curry Meal Base 200g,HomeHarvest,HomeHarvest Chicken Curry Meal Base 200g,Convenience Foods,Meal Solutions,2151.7100000000000,2166.6500000000000,69,72,0,0,0,32.0,31.99
530021,Shoprite Durban North,KZN & Eastern Cape Division,KwaZulu-Natal Region,Shoprite,6001007001011,SunTrail Original Crunch Cereal 500g,SunTrail,SunTrail Original Crunch Cereal 500g,Cereals,Ready-to-Eat Cereal,7202.3000000000000,7815.3500000000000,130,145,0,0,0,54.77,54.99
530021,Shoprite Durban North,KZN & Eastern Cape Division,KwaZulu-Natal Region,Shoprite,6001007001028,SunTrail Honey Rings Cereal 450g,SunTrail,SunTrail Honey Rings Cereal 450g,Cereals,Ready-to-Eat Cereal,4148.0200000000004,5081.1099999999997,71,89,0,0,0,61.1,59.99
530021,Shoprite Durban North,KZN & Eastern Cape Division,KwaZulu-Natal Region,Shoprite,6001007001035,MorningMelt Creamy Instant Oats 500g,MorningMelt,MorningMelt Creamy Instant Oats 500g,Cereals,Hot Cereals,4699.8900000000003,4914.7700000000004,106,114,0,0,0,44.08,44.99
530021,Shoprite Durban North,KZN & Eastern Cape Division,KwaZulu-Natal Region,Shoprite,6001007001042,MorningMelt Cinnamon Oats Sachets 10x35g,MorningMelt,MorningMelt Cinnamon Oats Sachets 10x35g,Cereals,Hot Cereals,4117.8599999999997,4265.9500000000000,82,88,0,0,0,51.11,49.99
530021,Shoprite Durban North,KZN & Eastern Cape Division,KwaZulu-Natal Region,Shoprite,6001007001059,SavannaSip Pure Rooibos Tea 80s,SavannaSip,SavannaSip Pure Rooibos Tea 80s,Beverages,Tea,9357.8200000000000,8675.6400000000000,145,139,0,0,0,65.59,64.99
530021,Shoprite Durban North,KZN & Eastern Cape Division,KwaZulu-Natal Region,Shoprite,6001007001066,SavannaSip Lemon Iced Tea 1.5L,SavannaSip,SavannaSip Lemon Iced Tea 1.5L,Beverages,Ready-to-Drink,4347.3800000000000,3933.3800000000000,173,162,0,0,0,24.41,24.99
530021,Shoprite Durban North,KZN & Eastern Cape Division,KwaZulu-Natal Region,Shoprite,6001007001073,CraveCraft Salted Maize Bites 125g,CraveCraft,CraveCraft Salted Maize Bites 125g,Snacks,Savoury Snacks,3243.2700000000000,3461.3800000000000,177,194,0,0,0,18.47,18.99
530021,Shoprite Durban North,KZN & Eastern Cape Division,KwaZulu-Natal Region,Shoprite,6001007001080,CraveCraft Chutney Maize Bites 125g,CraveCraft,CraveCraft Chutney Maize Bites 125g,Snacks,Savoury Snacks,1871.5800000000000,2572.5200000000000,102,146,0,1,0,19.53,18.99
530021,Shoprite Durban North,KZN & Eastern Cape Division,KwaZulu-Natal Region,Shoprite,6001007001097,CraveCraft Cheese Corn Puffs 100g,CraveCraft,CraveCraft Cheese Corn Puffs 100g,Snacks,Savoury Snacks,2736.9200000000000,2778.1600000000000,154,160,0,0,0,17.46,17.99
530021,Shoprite Durban North,KZN & Eastern Cape Division,KwaZulu-Natal Region,Shoprite,6001007001103,HomeHarvest Tomato & Herb Soup 500ml,HomeHarvest,HomeHarvest Tomato & Herb Soup 500ml,Convenience Foods,Soups,3226.0200000000000,2980.3900000000000,92,88,0,0,0,36.4,34.99
530021,Shoprite Durban North,KZN & Eastern Cape Division,KwaZulu-Natal Region,Shoprite,6001007001110,HomeHarvest Beef Stew Mix 200g,HomeHarvest,HomeHarvest Beef Stew Mix 200g,Convenience Foods,Meal Solutions,2972.2300000000000,2785.0800000000000,96,94,0,0,0,30.02,29.99
530021,Shoprite Durban North,KZN & Eastern Cape Division,KwaZulu-Natal Region,Shoprite,6001007001127,HomeHarvest Chicken Curry Meal Base 200g,HomeHarvest,HomeHarvest Chicken Curry Meal Base 200g,Convenience Foods,Meal Solutions,1710.5200000000000,2205.8700000000000,53,70,0,1,0,32.93,31.99
530022,Shoprite Pinetown,KZN & Eastern Cape Division,KwaZulu-Natal Region,Shoprite,6001007001011,SunTrail Original Crunch Cereal 500g,SunTrail,SunTrail Original Crunch Cereal 500g,Cereals,Ready-to-Eat Cereal,5772.4600000000000,5747.1500000000000,109,113,0,0,0,56.14,54.99
530022,Shoprite Pinetown,KZN & Eastern Cape Division,KwaZulu-Natal Region,Shoprite,6001007001028,SunTrail Honey Rings Cereal 450g,SunTrail,SunTrail Honey Rings Cereal 450g,Cereals,Ready-to-Eat Cereal,5623.9900000000000,6459.1200000000000,94,112,0,0,0,60.12,59.99
530022,Shoprite Pinetown,KZN & Eastern Cape Division,KwaZulu-Natal Region,Shoprite,6001007001035,MorningMelt Creamy Instant Oats 500g,MorningMelt,MorningMelt Creamy Instant Oats 500g,Cereals,Hot Cereals,4929.3300000000000,4915.8599999999997,108,111,0,0,0,45.33,44.99
530022,Shoprite Pinetown,KZN & Eastern Cape Division,KwaZulu-Natal Region,Shoprite,6001007001042,MorningMelt Cinnamon Oats Sachets 10x35g,MorningMelt,MorningMelt Cinnamon Oats Sachets 10x35g,Cereals,Hot Cereals,3893.9100000000000,4230.1200000000000,78,87,0,0,0,50.72,49.99
530022,Shoprite Pinetown,KZN & Eastern Cape Division,KwaZulu-Natal Region,Shoprite,6001007001059,SavannaSip Pure Rooibos Tea 80s,SavannaSip,SavannaSip Pure Rooibos Tea 80s,Beverages,Tea,8799.7999999999993,8406.3200000000000,136,136,0,0,0,66.14,64.99
530022,Shoprite Pinetown,KZN & Eastern Cape Division,KwaZulu-Natal Region,Shoprite,6001007001066,SavannaSip Lemon Iced Tea 1.5L,SavannaSip,SavannaSip Lemon Iced Tea 1.5L,Beverages,Ready-to-Drink,3605.2400000000000,3503.4100000000000,147,147,0,0,0,25.22,24.99
530022,Shoprite Pinetown,KZN & Eastern Cape Division,KwaZulu-Natal Region,Shoprite,6001007001073,CraveCraft Salted Maize Bites 125g,CraveCraft,CraveCraft Salted Maize Bites 125g,Snacks,Savoury Snacks,3918.4000000000000,3788.8600000000000,218,219,0,0,0,19.47,18.99
530022,Shoprite Pinetown,KZN & Eastern Cape Division,KwaZulu-Natal Region,Shoprite,6001007001080,CraveCraft Chutney Maize Bites 125g,CraveCraft,CraveCraft Chutney Maize Bites 125g,Snacks,Savoury Snacks,2262.3700000000000,3749.7600000000000,125,214,1,0,0,19.7,18.99
530022,Shoprite Pinetown,KZN & Eastern Cape Division,KwaZulu-Natal Region,Shoprite,6001007001097,CraveCraft Cheese Corn Puffs 100g,CraveCraft,CraveCraft Cheese Corn Puffs 100g,Snacks,Savoury Snacks,2571.7900000000000,2668.9600000000000,143,153,0,0,0,18.63,17.99
530022,Shoprite Pinetown,KZN & Eastern Cape Division,KwaZulu-Natal Region,Shoprite,6001007001103,HomeHarvest Tomato & Herb Soup 500ml,HomeHarvest,HomeHarvest Tomato & Herb Soup 500ml,Convenience Foods,Soups,3968.0500000000000,3725.2900000000000,116,112,0,0,0,34.05,34.99
530022,Shoprite Pinetown,KZN & Eastern Cape Division,KwaZulu-Natal Region,Shoprite,6001007001110,HomeHarvest Beef Stew Mix 200g,HomeHarvest,HomeHarvest Beef Stew Mix 200g,Convenience Foods,Meal Solutions,2287.4699999999998,2683.8400000000000,77,93,0,1,0,30.44,29.99
530022,Shoprite Pinetown,KZN & Eastern Cape Division,KwaZulu-Natal Region,Shoprite,6001007001127,HomeHarvest Chicken Curry Meal Base 200g,HomeHarvest,HomeHarvest Chicken Curry Meal Base 200g,Convenience Foods,Meal Solutions,2769.3300000000000,2660.2700000000000,87,86,0,0,0,33.17,31.99
530023,Shoprite Pietermaritzburg,KZN & Eastern Cape Division,KwaZulu-Natal Region,Shoprite,6001007001011,SunTrail Original Crunch Cereal 500g,SunTrail,SunTrail Original Crunch Cereal 500g,Cereals,Ready-to-Eat Cereal,5921.8300000000000,6299.7900000000000,107,118,0,0,0,55.9,54.99
530023,Shoprite Pietermaritzburg,KZN & Eastern Cape Division,KwaZulu-Natal Region,Shoprite,6001007001028,SunTrail Honey Rings Cereal 450g,SunTrail,SunTrail Honey Rings Cereal 450g,Cereals,Ready-to-Eat Cereal,3899.2300000000000,6218.6700000000000,64,105,0,1,0,58.62,59.99
530023,Shoprite Pietermaritzburg,KZN & Eastern Cape Division,KwaZulu-Natal Region,Shoprite,6001007001035,MorningMelt Creamy Instant Oats 500g,MorningMelt,MorningMelt Creamy Instant Oats 500g,Cereals,Hot Cereals,3479.0200000000000,3400.6600000000000,80,80,0,0,0,45.45,44.99
530023,Shoprite Pietermaritzburg,KZN & Eastern Cape Division,KwaZulu-Natal Region,Shoprite,6001007001042,MorningMelt Cinnamon Oats Sachets 10x35g,MorningMelt,MorningMelt Cinnamon Oats Sachets 10x35g,Cereals,Hot Cereals,3747.6600000000000,3763.3500000000000,77,80,0,0,0,50.24,49.99
530023,Shoprite Pietermaritzburg,KZN & Eastern Cape Division,KwaZulu-Natal Region,Shoprite,6001007001059,SavannaSip Pure Rooibos Tea 80s,SavannaSip,SavannaSip Pure Rooibos Tea 80s,Beverages,Tea,5414.4300000000000,5054.6800000000000,84,81,0,0,0,63.71,64.99
530023,Shoprite Pietermaritzburg,KZN & Eastern Cape Division,KwaZulu-Natal Region,Shoprite,6001007001066,SavannaSip Lemon Iced Tea 1.5L,SavannaSip,SavannaSip Lemon Iced Tea 1.5L,Beverages,Ready-to-Drink,3253.2100000000000,3020.6300000000000,133,129,0,0,0,24.31,24.99
530023,Shoprite Pietermaritzburg,KZN & Eastern Cape Division,KwaZulu-Natal Region,Shoprite,6001007001073,CraveCraft Salted Maize Bites 125g,CraveCraft,CraveCraft Salted Maize Bites 125g,Snacks,Savoury Snacks,3165.0800000000000,3142.9800000000000,173,179,0,0,0,19.08,18.99
530023,Shoprite Pietermaritzburg,KZN & Eastern Cape Division,KwaZulu-Natal Region,Shoprite,6001007001080,CraveCraft Chutney Maize Bites 125g,CraveCraft,CraveCraft Chutney Maize Bites 125g,Snacks,Savoury Snacks,2297.9100000000000,2518.5000000000000,122,137,0,0,0,18.6,18.99
530023,Shoprite Pietermaritzburg,KZN & Eastern Cape Division,KwaZulu-Natal Region,Shoprite,6001007001097,CraveCraft Cheese Corn Puffs 100g,CraveCraft,CraveCraft Cheese Corn Puffs 100g,Snacks,Savoury Snacks,1693.3500000000000,1958.0800000000000,99,118,0,0,1,20.32,17.99
530023,Shoprite Pietermaritzburg,KZN & Eastern Cape Division,KwaZulu-Natal Region,Shoprite,6001007001103,HomeHarvest Tomato & Herb Soup 500ml,HomeHarvest,HomeHarvest Tomato & Herb Soup 500ml,Convenience Foods,Soups,1622.2300000000000,2394.7399999999998,46,70,1,0,0,35.16,34.99
530023,Shoprite Pietermaritzburg,KZN & Eastern Cape Division,KwaZulu-Natal Region,Shoprite,6001007001110,HomeHarvest Beef Stew Mix 200g,HomeHarvest,HomeHarvest Beef Stew Mix 200g,Convenience Foods,Meal Solutions,1518.6800000000000,1539.6400000000000,50,52,0,0,0,30.45,29.99
530023,Shoprite Pietermaritzburg,KZN & Eastern Cape Division,KwaZulu-Natal Region,Shoprite,6001007001127,HomeHarvest Chicken Curry Meal Base 200g,HomeHarvest,HomeHarvest Chicken Curry Meal Base 200g,Convenience Foods,Meal Solutions,2320.6900000000000,2292.9699999999998,77,78,0,0,0,32.21,31.99
530024,Shoprite Richards Bay,KZN & Eastern Cape Division,KwaZulu-Natal Region,Shoprite,6001007001011,SunTrail Original Crunch Cereal 500g,SunTrail,SunTrail Original Crunch Cereal 500g,Cereals,Ready-to-Eat Cereal,8020.0600000000000,7752.3700000000000,146,146,0,0,0,53.54,54.99
530024,Shoprite Richards Bay,KZN & Eastern Cape Division,KwaZulu-Natal Region,Shoprite,6001007001028,SunTrail Honey Rings Cereal 450g,SunTrail,SunTrail Honey Rings Cereal 450g,Cereals,Ready-to-Eat Cereal,3732.4700000000000,8089.0400000000000,63,141,1,0,0,58.87,59.99
530024,Shoprite Richards Bay,KZN & Eastern Cape Division,KwaZulu-Natal Region,Shoprite,6001007001035,MorningMelt Creamy Instant Oats 500g,MorningMelt,MorningMelt Creamy Instant Oats 500g,Cereals,Hot Cereals,6152.9600000000000,6706.5100000000000,136,152,0,0,0,46.11,44.99
530024,Shoprite Richards Bay,KZN & Eastern Cape Division,KwaZulu-Natal Region,Shoprite,6001007001042,MorningMelt Cinnamon Oats Sachets 10x35g,MorningMelt,MorningMelt Cinnamon Oats Sachets 10x35g,Cereals,Hot Cereals,3858.8900000000000,5368.5800000000000,81,116,0,1,0,48.77,49.99
530024,Shoprite Richards Bay,KZN & Eastern Cape Division,KwaZulu-Natal Region,Shoprite,6001007001059,SavannaSip Pure Rooibos Tea 80s,SavannaSip,SavannaSip Pure Rooibos Tea 80s,Beverages,Tea,12269.4400000000000,11156.2300000000000,188,175,0,0,0,63.63,64.99
530024,Shoprite Richards Bay,KZN & Eastern Cape Division,KwaZulu-Natal Region,Shoprite,6001007001066,SavannaSip Lemon Iced Tea 1.5L,SavannaSip,SavannaSip Lemon Iced Tea 1.5L,Beverages,Ready-to-Drink,2743.5600000000000,3961.1600000000000,108,162,1,0,0,25.41,24.99
530024,Shoprite Richards Bay,KZN & Eastern Cape Division,KwaZulu-Natal Region,Shoprite,6001007001073,CraveCraft Salted Maize Bites 125g,CraveCraft,CraveCraft Salted Maize Bites 125g,Snacks,Savoury Snacks,3945.5400000000000,5044.6400000000003,216,287,0,1,0,19.51,18.99
530024,Shoprite Richards Bay,KZN & Eastern Cape Division,KwaZulu-Natal Region,Shoprite,6001007001080,CraveCraft Chutney Maize Bites 125g,CraveCraft,CraveCraft Chutney Maize Bites 125g,Snacks,Savoury Snacks,3128.9000000000000,4500.3800000000000,171,254,0,1,0,18.72,18.99
530024,Shoprite Richards Bay,KZN & Eastern Cape Division,KwaZulu-Natal Region,Shoprite,6001007001097,CraveCraft Cheese Corn Puffs 100g,CraveCraft,CraveCraft Cheese Corn Puffs 100g,Snacks,Savoury Snacks,3210.2100000000000,3446.0300000000000,176,195,0,0,0,18.22,17.99
530024,Shoprite Richards Bay,KZN & Eastern Cape Division,KwaZulu-Natal Region,Shoprite,6001007001103,HomeHarvest Tomato & Herb Soup 500ml,HomeHarvest,HomeHarvest Tomato & Herb Soup 500ml,Convenience Foods,Soups,3758.9900000000000,3882.3600000000000,108,116,0,0,1,37.96,34.99
530024,Shoprite Richards Bay,KZN & Eastern Cape Division,KwaZulu-Natal Region,Shoprite,6001007001110,HomeHarvest Beef Stew Mix 200g,HomeHarvest,HomeHarvest Beef Stew Mix 200g,Convenience Foods,Meal Solutions,2377.7600000000002,2358.4800000000000,83,85,0,0,0,29.67,29.99
530024,Shoprite Richards Bay,KZN & Eastern Cape Division,KwaZulu-Natal Region,Shoprite,6001007001127,HomeHarvest Chicken Curry Meal Base 200g,HomeHarvest,HomeHarvest Chicken Curry Meal Base 200g,Convenience Foods,Meal Solutions,3225.6900000000000,2992.9500000000000,102,98,0,0,0,32.22,31.99
530025,Shoprite Ballito,KZN & Eastern Cape Division,KwaZulu-Natal Region,Shoprite,6001007001011,SunTrail Original Crunch Cereal 500g,SunTrail,SunTrail Original Crunch Cereal 500g,Cereals,Ready-to-Eat Cereal,8240.6200000000008,8579.0300000000007,158,169,0,0,0,54.41,54.99
530025,Shoprite Ballito,KZN & Eastern Cape Division,KwaZulu-Natal Region,Shoprite,6001007001028,SunTrail Honey Rings Cereal 450g,SunTrail,SunTrail Honey Rings Cereal 450g,Cereals,Ready-to-Eat Cereal,6362.2900000000000,7119.4600000000000,105,121,0,0,0,59.36,59.99
530025,Shoprite Ballito,KZN & Eastern Cape Division,KwaZulu-Natal Region,Shoprite,6001007001035,MorningMelt Creamy Instant Oats 500g,MorningMelt,MorningMelt Creamy Instant Oats 500g,Cereals,Hot Cereals,5173.9200000000000,5439.8200000000000,115,124,0,0,0,45.58,44.99
530025,Shoprite Ballito,KZN & Eastern Cape Division,KwaZulu-Natal Region,Shoprite,6001007001042,MorningMelt Cinnamon Oats Sachets 10x35g,MorningMelt,MorningMelt Cinnamon Oats Sachets 10x35g,Cereals,Hot Cereals,4693.1499999999996,4925.1499999999996,98,107,0,0,0,49.96,49.99
530025,Shoprite Ballito,KZN & Eastern Cape Division,KwaZulu-Natal Region,Shoprite,6001007001059,SavannaSip Pure Rooibos Tea 80s,SavannaSip,SavannaSip Pure Rooibos Tea 80s,Beverages,Tea,11434.8500000000000,10705.1400000000000,187,180,0,0,0,65.82,64.99
530025,Shoprite Ballito,KZN & Eastern Cape Division,KwaZulu-Natal Region,Shoprite,6001007001066,SavannaSip Lemon Iced Tea 1.5L,SavannaSip,SavannaSip Lemon Iced Tea 1.5L,Beverages,Ready-to-Drink,6045.6300000000000,5328.1900000000000,238,218,0,0,0,26.11,24.99
530025,Shoprite Ballito,KZN & Eastern Cape Division,KwaZulu-Natal Region,Shoprite,6001007001073,CraveCraft Salted Maize Bites 125g,CraveCraft,CraveCraft Salted Maize Bites 125g,Snacks,Savoury Snacks,2777.2200000000000,3971.6500000000000,146,214,0,1,0,19.55,18.99
530025,Shoprite Ballito,KZN & Eastern Cape Division,KwaZulu-Natal Region,Shoprite,6001007001080,CraveCraft Chutney Maize Bites 125g,CraveCraft,CraveCraft Chutney Maize Bites 125g,Snacks,Savoury Snacks,3499.1000000000000,3695.5500000000000,184,203,0,0,0,18.82,18.99
530025,Shoprite Ballito,KZN & Eastern Cape Division,KwaZulu-Natal Region,Shoprite,6001007001097,CraveCraft Cheese Corn Puffs 100g,CraveCraft,CraveCraft Cheese Corn Puffs 100g,Snacks,Savoury Snacks,2818.2800000000000,3976.0600000000000,164,240,0,1,0,18.53,17.99
530025,Shoprite Ballito,KZN & Eastern Cape Division,KwaZulu-Natal Region,Shoprite,6001007001103,HomeHarvest Tomato & Herb Soup 500ml,HomeHarvest,HomeHarvest Tomato & Herb Soup 500ml,Convenience Foods,Soups,3949.2700000000000,3718.7200000000000,118,116,0,0,0,34.81,34.99
530025,Shoprite Ballito,KZN & Eastern Cape Division,KwaZulu-Natal Region,Shoprite,6001007001110,HomeHarvest Beef Stew Mix 200g,HomeHarvest,HomeHarvest Beef Stew Mix 200g,Convenience Foods,Meal Solutions,2373.5400000000000,2360.2900000000000,83,86,0,0,0,31.2,29.99
530025,Shoprite Ballito,KZN & Eastern Cape Division,KwaZulu-Natal Region,Shoprite,6001007001127,HomeHarvest Chicken Curry Meal Base 200g,HomeHarvest,HomeHarvest Chicken Curry Meal Base 200g,Convenience Foods,Meal Solutions,3745.5200000000000,3578.4800000000000,123,122,0,0,0,33.38,31.99
530026,Shoprite Gqeberha,KZN & Eastern Cape Division,Eastern Cape Region,Shoprite,6001007001011,SunTrail Original Crunch Cereal 500g,SunTrail,SunTrail Original Crunch Cereal 500g,Cereals,Ready-to-Eat Cereal,7533.2300000000000,8607.1400000000000,134,159,0,0,0,54.14,54.99
530026,Shoprite Gqeberha,KZN & Eastern Cape Division,Eastern Cape Region,Shoprite,6001007001028,SunTrail Honey Rings Cereal 450g,SunTrail,SunTrail Honey Rings Cereal 450g,Cereals,Ready-to-Eat Cereal,2816.2600000000000,7598.7300000000000,46,129,1,0,0,61.46,59.99
530026,Shoprite Gqeberha,KZN & Eastern Cape Division,Eastern Cape Region,Shoprite,6001007001035,MorningMelt Creamy Instant Oats 500g,MorningMelt,MorningMelt Creamy Instant Oats 500g,Cereals,Hot Cereals,5250.9900000000000,5869.5200000000000,119,137,0,0,0,46.18,44.99
530026,Shoprite Gqeberha,KZN & Eastern Cape Division,Eastern Cape Region,Shoprite,6001007001042,MorningMelt Cinnamon Oats Sachets 10x35g,MorningMelt,MorningMelt Cinnamon Oats Sachets 10x35g,Cereals,Hot Cereals,3395.3300000000000,5118.9799999999996,71,110,0,1,0,50.82,49.99
530026,Shoprite Gqeberha,KZN & Eastern Cape Division,Eastern Cape Region,Shoprite,6001007001059,SavannaSip Pure Rooibos Tea 80s,SavannaSip,SavannaSip Pure Rooibos Tea 80s,Beverages,Tea,10491.5100000000000,10253.1299999999990,160,160,0,0,0,64.58,64.99
530026,Shoprite Gqeberha,KZN & Eastern Cape Division,Eastern Cape Region,Shoprite,6001007001066,SavannaSip Lemon Iced Tea 1.5L,SavannaSip,SavannaSip Lemon Iced Tea 1.5L,Beverages,Ready-to-Drink,3143.8500000000000,4108.6700000000000,130,175,0,1,0,25.17,24.99
530026,Shoprite Gqeberha,KZN & Eastern Cape Division,Eastern Cape Region,Shoprite,6001007001073,CraveCraft Salted Maize Bites 125g,CraveCraft,CraveCraft Salted Maize Bites 125g,Snacks,Savoury Snacks,3204.2000000000000,4588.1000000000004,170,251,0,1,0,18.46,18.99
530026,Shoprite Gqeberha,KZN & Eastern Cape Division,Eastern Cape Region,Shoprite,6001007001080,CraveCraft Chutney Maize Bites 125g,CraveCraft,CraveCraft Chutney Maize Bites 125g,Snacks,Savoury Snacks,2853.7200000000000,3411.9700000000000,160,196,0,0,0,19.23,18.99
530026,Shoprite Gqeberha,KZN & Eastern Cape Division,Eastern Cape Region,Shoprite,6001007001097,CraveCraft Cheese Corn Puffs 100g,CraveCraft,CraveCraft Cheese Corn Puffs 100g,Snacks,Savoury Snacks,2611.9200000000000,2844.4200000000000,151,172,0,0,0,17.8,17.99
530026,Shoprite Gqeberha,KZN & Eastern Cape Division,Eastern Cape Region,Shoprite,6001007001103,HomeHarvest Tomato & Herb Soup 500ml,HomeHarvest,HomeHarvest Tomato & Herb Soup 500ml,Convenience Foods,Soups,1876.1900000000000,3392.3400000000000,52,98,1,0,0,35.45,34.99
530026,Shoprite Gqeberha,KZN & Eastern Cape Division,Eastern Cape Region,Shoprite,6001007001110,HomeHarvest Beef Stew Mix 200g,HomeHarvest,HomeHarvest Beef Stew Mix 200g,Convenience Foods,Meal Solutions,1155.9500000000000,2015.8800000000000,39,71,1,0,0,30.48,29.99
530026,Shoprite Gqeberha,KZN & Eastern Cape Division,Eastern Cape Region,Shoprite,6001007001127,HomeHarvest Chicken Curry Meal Base 200g,HomeHarvest,HomeHarvest Chicken Curry Meal Base 200g,Convenience Foods,Meal Solutions,1861.5700000000000,2448.6400000000000,62,84,0,1,0,31.28,31.99
530027,Shoprite East London,KZN & Eastern Cape Division,Eastern Cape Region,Shoprite,6001007001011,SunTrail Original Crunch Cereal 500g,SunTrail,SunTrail Original Crunch Cereal 500g,Cereals,Ready-to-Eat Cereal,6835.1600000000000,8054.2200000000000,131,158,0,0,0,55.65,54.99
530027,Shoprite East London,KZN & Eastern Cape Division,Eastern Cape Region,Shoprite,6001007001028,SunTrail Honey Rings Cereal 450g,SunTrail,SunTrail Honey Rings Cereal 450g,Cereals,Ready-to-Eat Cereal,6129.0300000000000,7889.7500000000000,104,139,0,0,0,62.55,59.99
530027,Shoprite East London,KZN & Eastern Cape Division,Eastern Cape Region,Shoprite,6001007001035,MorningMelt Creamy Instant Oats 500g,MorningMelt,MorningMelt Creamy Instant Oats 500g,Cereals,Hot Cereals,3982.9600000000000,4659.5600000000004,90,108,0,0,0,44.01,44.99
530027,Shoprite East London,KZN & Eastern Cape Division,Eastern Cape Region,Shoprite,6001007001042,MorningMelt Cinnamon Oats Sachets 10x35g,MorningMelt,MorningMelt Cinnamon Oats Sachets 10x35g,Cereals,Hot Cereals,3390.8300000000000,5458.6300000000000,71,117,0,1,0,51.06,49.99
530027,Shoprite East London,KZN & Eastern Cape Division,Eastern Cape Region,Shoprite,6001007001059,SavannaSip Pure Rooibos Tea 80s,SavannaSip,SavannaSip Pure Rooibos Tea 80s,Beverages,Tea,7270.8000000000000,9481.7999999999993,111,149,0,1,0,63.2,64.99
530027,Shoprite East London,KZN & Eastern Cape Division,Eastern Cape Region,Shoprite,6001007001066,SavannaSip Lemon Iced Tea 1.5L,SavannaSip,SavannaSip Lemon Iced Tea 1.5L,Beverages,Ready-to-Drink,4642.3000000000000,4760.3700000000000,192,203,0,0,0,24.97,24.99
530027,Shoprite East London,KZN & Eastern Cape Division,Eastern Cape Region,Shoprite,6001007001073,CraveCraft Salted Maize Bites 125g,CraveCraft,CraveCraft Salted Maize Bites 125g,Snacks,Savoury Snacks,2423.3600000000000,3751.7600000000000,135,215,0,1,0,19.45,18.99
530027,Shoprite East London,KZN & Eastern Cape Division,Eastern Cape Region,Shoprite,6001007001080,CraveCraft Chutney Maize Bites 125g,CraveCraft,CraveCraft Chutney Maize Bites 125g,Snacks,Savoury Snacks,3074.9000000000000,3584.7800000000000,166,202,0,0,0,18.59,18.99
530027,Shoprite East London,KZN & Eastern Cape Division,Eastern Cape Region,Shoprite,6001007001097,CraveCraft Cheese Corn Puffs 100g,CraveCraft,CraveCraft Cheese Corn Puffs 100g,Snacks,Savoury Snacks,2104.2100000000000,3293.3100000000000,123,197,0,1,0,18.48,17.99
530027,Shoprite East London,KZN & Eastern Cape Division,Eastern Cape Region,Shoprite,6001007001103,HomeHarvest Tomato & Herb Soup 500ml,HomeHarvest,HomeHarvest Tomato & Herb Soup 500ml,Convenience Foods,Soups,2735.3000000000000,3876.9300000000000,79,117,0,1,0,35.03,34.99
530027,Shoprite East London,KZN & Eastern Cape Division,Eastern Cape Region,Shoprite,6001007001110,HomeHarvest Beef Stew Mix 200g,HomeHarvest,HomeHarvest Beef Stew Mix 200g,Convenience Foods,Meal Solutions,3107.4400000000000,3505.5900000000000,104,121,0,0,0,30.25,29.99
530027,Shoprite East London,KZN & Eastern Cape Division,Eastern Cape Region,Shoprite,6001007001127,HomeHarvest Chicken Curry Meal Base 200g,HomeHarvest,HomeHarvest Chicken Curry Meal Base 200g,Convenience Foods,Meal Solutions,2749.8500000000000,2851.5600000000000,87,93,0,0,0,33.03,31.99
530028,Shoprite Mthatha,KZN & Eastern Cape Division,Eastern Cape Region,Shoprite,6001007001011,SunTrail Original Crunch Cereal 500g,SunTrail,SunTrail Original Crunch Cereal 500g,Cereals,Ready-to-Eat Cereal,3497.5800000000000,5243.7800000000000,66,102,0,1,0,56.02,54.99
530028,Shoprite Mthatha,KZN & Eastern Cape Division,Eastern Cape Region,Shoprite,6001007001028,SunTrail Honey Rings Cereal 450g,SunTrail,SunTrail Honey Rings Cereal 450g,Cereals,Ready-to-Eat Cereal,4849.3999999999996,6250.6000000000000,81,107,0,0,0,60.63,59.99
530028,Shoprite Mthatha,KZN & Eastern Cape Division,Eastern Cape Region,Shoprite,6001007001035,MorningMelt Creamy Instant Oats 500g,MorningMelt,MorningMelt Creamy Instant Oats 500g,Cereals,Hot Cereals,2473.8600000000000,4369.9700000000000,58,105,1,0,0,46.93,44.99
530028,Shoprite Mthatha,KZN & Eastern Cape Division,Eastern Cape Region,Shoprite,6001007001042,MorningMelt Cinnamon Oats Sachets 10x35g,MorningMelt,MorningMelt Cinnamon Oats Sachets 10x35g,Cereals,Hot Cereals,2885.4100000000000,4586.6800000000000,60,98,0,1,0,50.94,49.99
530028,Shoprite Mthatha,KZN & Eastern Cape Division,Eastern Cape Region,Shoprite,6001007001059,SavannaSip Pure Rooibos Tea 80s,SavannaSip,SavannaSip Pure Rooibos Tea 80s,Beverages,Tea,7634.5900000000000,7862.6500000000000,115,124,0,0,0,63.89,64.99
530028,Shoprite Mthatha,KZN & Eastern Cape Division,Eastern Cape Region,Shoprite,6001007001066,SavannaSip Lemon Iced Tea 1.5L,SavannaSip,SavannaSip Lemon Iced Tea 1.5L,Beverages,Ready-to-Drink,3929.3700000000000,4137.2600000000000,163,179,0,0,0,25.52,24.99
530028,Shoprite Mthatha,KZN & Eastern Cape Division,Eastern Cape Region,Shoprite,6001007001073,CraveCraft Salted Maize Bites 125g,CraveCraft,CraveCraft Salted Maize Bites 125g,Snacks,Savoury Snacks,2240.9200000000000,3612.9100000000000,117,197,0,1,0,18.96,18.99
530028,Shoprite Mthatha,KZN & Eastern Cape Division,Eastern Cape Region,Shoprite,6001007001080,CraveCraft Chutney Maize Bites 125g,CraveCraft,CraveCraft Chutney Maize Bites 125g,Snacks,Savoury Snacks,3596.0100000000000,3798.2600000000000,193,211,0,0,0,19.3,18.99
530028,Shoprite Mthatha,KZN & Eastern Cape Division,Eastern Cape Region,Shoprite,6001007001097,CraveCraft Cheese Corn Puffs 100g,CraveCraft,CraveCraft Cheese Corn Puffs 100g,Snacks,Savoury Snacks,1510.8300000000000,2370.2199999999998,85,137,0,1,0,18.55,17.99
530028,Shoprite Mthatha,KZN & Eastern Cape Division,Eastern Cape Region,Shoprite,6001007001103,HomeHarvest Tomato & Herb Soup 500ml,HomeHarvest,HomeHarvest Tomato & Herb Soup 500ml,Convenience Foods,Soups,2525.7900000000000,2607.7900000000000,73,78,0,0,0,34.31,34.99
530028,Shoprite Mthatha,KZN & Eastern Cape Division,Eastern Cape Region,Shoprite,6001007001110,HomeHarvest Beef Stew Mix 200g,HomeHarvest,HomeHarvest Beef Stew Mix 200g,Convenience Foods,Meal Solutions,2408.8500000000000,2424.5400000000000,84,88,0,0,0,29.26,29.99
530028,Shoprite Mthatha,KZN & Eastern Cape Division,Eastern Cape Region,Shoprite,6001007001127,HomeHarvest Chicken Curry Meal Base 200g,HomeHarvest,HomeHarvest Chicken Curry Meal Base 200g,Convenience Foods,Meal Solutions,2289.9400000000000,2404.7500000000000,70,76,0,0,0,32.73,31.99
530029,Shoprite Komani,KZN & Eastern Cape Division,Eastern Cape Region,Shoprite,6001007001011,SunTrail Original Crunch Cereal 500g,SunTrail,SunTrail Original Crunch Cereal 500g,Cereals,Ready-to-Eat Cereal,4233.6499999999996,4785.3599999999997,80,94,0,0,0,57.13,54.99
530029,Shoprite Komani,KZN & Eastern Cape Division,Eastern Cape Region,Shoprite,6001007001028,SunTrail Honey Rings Cereal 450g,SunTrail,SunTrail Honey Rings Cereal 450g,Cereals,Ready-to-Eat Cereal,1779.6200000000000,4819.2700000000004,30,84,1,0,0,62.07,59.99
530029,Shoprite Komani,KZN & Eastern Cape Division,Eastern Cape Region,Shoprite,6001007001035,MorningMelt Creamy Instant Oats 500g,MorningMelt,MorningMelt Creamy Instant Oats 500g,Cereals,Hot Cereals,2643.8600000000000,2747.2900000000000,61,66,0,0,0,44.82,44.99
530029,Shoprite Komani,KZN & Eastern Cape Division,Eastern Cape Region,Shoprite,6001007001042,MorningMelt Cinnamon Oats Sachets 10x35g,MorningMelt,MorningMelt Cinnamon Oats Sachets 10x35g,Cereals,Hot Cereals,2932.3900000000000,3334.8400000000000,58,69,0,0,0,49.44,49.99
530029,Shoprite Komani,KZN & Eastern Cape Division,Eastern Cape Region,Shoprite,6001007001059,SavannaSip Pure Rooibos Tea 80s,SavannaSip,SavannaSip Pure Rooibos Tea 80s,Beverages,Tea,5043.0400000000000,5071.6099999999997,76,79,0,0,0,65.31,64.99
530029,Shoprite Komani,KZN & Eastern Cape Division,Eastern Cape Region,Shoprite,6001007001066,SavannaSip Lemon Iced Tea 1.5L,SavannaSip,SavannaSip Lemon Iced Tea 1.5L,Beverages,Ready-to-Drink,3038.3400000000000,3074.3800000000000,127,134,0,0,0,25.18,24.99
530029,Shoprite Komani,KZN & Eastern Cape Division,Eastern Cape Region,Shoprite,6001007001073,CraveCraft Salted Maize Bites 125g,CraveCraft,CraveCraft Salted Maize Bites 125g,Snacks,Savoury Snacks,1675.3400000000000,2404.6900000000000,87,130,0,1,0,19.14,18.99
530029,Shoprite Komani,KZN & Eastern Cape Division,Eastern Cape Region,Shoprite,6001007001080,CraveCraft Chutney Maize Bites 125g,CraveCraft,CraveCraft Chutney Maize Bites 125g,Snacks,Savoury Snacks,2360.6999999999998,2755.0400000000000,121,147,0,0,0,18.86,18.99
530029,Shoprite Komani,KZN & Eastern Cape Division,Eastern Cape Region,Shoprite,6001007001097,CraveCraft Cheese Corn Puffs 100g,CraveCraft,CraveCraft Cheese Corn Puffs 100g,Snacks,Savoury Snacks,1481.8400000000000,2562.3800000000000,84,149,0,1,1,19.92,17.99
530029,Shoprite Komani,KZN & Eastern Cape Division,Eastern Cape Region,Shoprite,6001007001103,HomeHarvest Tomato & Herb Soup 500ml,HomeHarvest,HomeHarvest Tomato & Herb Soup 500ml,Convenience Foods,Soups,2488.7300000000000,2554.7900000000000,69,74,0,0,0,36.39,34.99
530029,Shoprite Komani,KZN & Eastern Cape Division,Eastern Cape Region,Shoprite,6001007001110,HomeHarvest Beef Stew Mix 200g,HomeHarvest,HomeHarvest Beef Stew Mix 200g,Convenience Foods,Meal Solutions,1699.9200000000000,1877.6100000000000,58,67,0,0,0,29.85,29.99
530029,Shoprite Komani,KZN & Eastern Cape Division,Eastern Cape Region,Shoprite,6001007001127,HomeHarvest Chicken Curry Meal Base 200g,HomeHarvest,HomeHarvest Chicken Curry Meal Base 200g,Convenience Foods,Meal Solutions,2103.9400000000000,2284.9800000000000,66,75,0,0,0,31.68,31.99
530030,Shoprite Jeffreys Bay,KZN & Eastern Cape Division,Eastern Cape Region,Shoprite,6001007001011,SunTrail Original Crunch Cereal 500g,SunTrail,SunTrail Original Crunch Cereal 500g,Cereals,Ready-to-Eat Cereal,4323.8900000000003,5974.9200000000000,80,115,0,1,0,54.06,54.99
530030,Shoprite Jeffreys Bay,KZN & Eastern Cape Division,Eastern Cape Region,Shoprite,6001007001028,SunTrail Honey Rings Cereal 450g,SunTrail,SunTrail Honey Rings Cereal 450g,Cereals,Ready-to-Eat Cereal,3196.7100000000000,5719.4600000000000,56,103,0,1,0,62.21,59.99
530030,Shoprite Jeffreys Bay,KZN & Eastern Cape Division,Eastern Cape Region,Shoprite,6001007001035,MorningMelt Creamy Instant Oats 500g,MorningMelt,MorningMelt Creamy Instant Oats 500g,Cereals,Hot Cereals,3124.4800000000000,3647.9300000000000,72,88,0,0,0,44.15,44.99
530030,Shoprite Jeffreys Bay,KZN & Eastern Cape Division,Eastern Cape Region,Shoprite,6001007001042,MorningMelt Cinnamon Oats Sachets 10x35g,MorningMelt,MorningMelt Cinnamon Oats Sachets 10x35g,Cereals,Hot Cereals,2992.0100000000000,3379.4800000000000,59,69,0,0,0,48.99,49.99
530030,Shoprite Jeffreys Bay,KZN & Eastern Cape Division,Eastern Cape Region,Shoprite,6001007001059,SavannaSip Pure Rooibos Tea 80s,SavannaSip,SavannaSip Pure Rooibos Tea 80s,Beverages,Tea,7190.5700000000000,7007.0600000000000,111,112,0,0,0,63.59,64.99
530030,Shoprite Jeffreys Bay,KZN & Eastern Cape Division,Eastern Cape Region,Shoprite,6001007001066,SavannaSip Lemon Iced Tea 1.5L,SavannaSip,SavannaSip Lemon Iced Tea 1.5L,Beverages,Ready-to-Drink,2846.1600000000000,2980.8500000000000,119,129,0,0,0,24.49,24.99
530030,Shoprite Jeffreys Bay,KZN & Eastern Cape Division,Eastern Cape Region,Shoprite,6001007001073,CraveCraft Salted Maize Bites 125g,CraveCraft,CraveCraft Salted Maize Bites 125g,Snacks,Savoury Snacks,2262.2199999999998,2415.1000000000000,121,133,0,0,0,19.5,18.99
530030,Shoprite Jeffreys Bay,KZN & Eastern Cape Division,Eastern Cape Region,Shoprite,6001007001080,CraveCraft Chutney Maize Bites 125g,CraveCraft,CraveCraft Chutney Maize Bites 125g,Snacks,Savoury Snacks,2007.5200000000000,3082.3200000000000,105,167,0,1,0,19.71,18.99
530030,Shoprite Jeffreys Bay,KZN & Eastern Cape Division,Eastern Cape Region,Shoprite,6001007001097,CraveCraft Cheese Corn Puffs 100g,CraveCraft,CraveCraft Cheese Corn Puffs 100g,Snacks,Savoury Snacks,1739.0900000000000,2443.1700000000000,101,147,0,1,0,18.39,17.99
530030,Shoprite Jeffreys Bay,KZN & Eastern Cape Division,Eastern Cape Region,Shoprite,6001007001103,HomeHarvest Tomato & Herb Soup 500ml,HomeHarvest,HomeHarvest Tomato & Herb Soup 500ml,Convenience Foods,Soups,1995.9400000000000,2720.1700000000000,57,81,0,1,0,35.04,34.99
530030,Shoprite Jeffreys Bay,KZN & Eastern Cape Division,Eastern Cape Region,Shoprite,6001007001110,HomeHarvest Beef Stew Mix 200g,HomeHarvest,HomeHarvest Beef Stew Mix 200g,Convenience Foods,Meal Solutions,1910.0800000000000,1912.9700000000000,63,66,0,0,0,30.23,29.99
530030,Shoprite Jeffreys Bay,KZN & Eastern Cape Division,Eastern Cape Region,Shoprite,6001007001127,HomeHarvest Chicken Curry Meal Base 200g,HomeHarvest,HomeHarvest Chicken Curry Meal Base 200g,Convenience Foods,Meal Solutions,1675.1200000000000,1830.4500000000000,54,61,0,0,0,32.52,31.99
530031,Shoprite Polokwane,Inland North Division,Limpopo & Mpumalanga Region,Shoprite,6001007001011,SunTrail Original Crunch Cereal 500g,SunTrail,SunTrail Original Crunch Cereal 500g,Cereals,Ready-to-Eat Cereal,6577.1800000000000,6981.0700000000000,119,131,0,0,0,56.56,54.99
530031,Shoprite Polokwane,Inland North Division,Limpopo & Mpumalanga Region,Shoprite,6001007001028,SunTrail Honey Rings Cereal 450g,SunTrail,SunTrail Honey Rings Cereal 450g,Cereals,Ready-to-Eat Cereal,3933.9300000000000,7821.4800000000000,67,138,1,0,0,59.31,59.99
530031,Shoprite Polokwane,Inland North Division,Limpopo & Mpumalanga Region,Shoprite,6001007001035,MorningMelt Creamy Instant Oats 500g,MorningMelt,MorningMelt Creamy Instant Oats 500g,Cereals,Hot Cereals,4119.3500000000004,4584.6000000000004,93,107,0,0,0,46.71,44.99
530031,Shoprite Polokwane,Inland North Division,Limpopo & Mpumalanga Region,Shoprite,6001007001042,MorningMelt Cinnamon Oats Sachets 10x35g,MorningMelt,MorningMelt Cinnamon Oats Sachets 10x35g,Cereals,Hot Cereals,4474.0600000000004,4708.9600000000000,90,97,0,0,0,50.52,49.99
530031,Shoprite Polokwane,Inland North Division,Limpopo & Mpumalanga Region,Shoprite,6001007001059,SavannaSip Pure Rooibos Tea 80s,SavannaSip,SavannaSip Pure Rooibos Tea 80s,Beverages,Tea,7265.4400000000000,9324.2600000000000,117,157,0,1,0,66.08,64.99
530031,Shoprite Polokwane,Inland North Division,Limpopo & Mpumalanga Region,Shoprite,6001007001066,SavannaSip Lemon Iced Tea 1.5L,SavannaSip,SavannaSip Lemon Iced Tea 1.5L,Beverages,Ready-to-Drink,2992.4000000000000,4167.2800000000000,122,175,0,1,1,27.8,24.99
530031,Shoprite Polokwane,Inland North Division,Limpopo & Mpumalanga Region,Shoprite,6001007001073,CraveCraft Salted Maize Bites 125g,CraveCraft,CraveCraft Salted Maize Bites 125g,Snacks,Savoury Snacks,2899.5200000000000,5144.0700000000000,151,277,1,0,0,19.19,18.99
530031,Shoprite Polokwane,Inland North Division,Limpopo & Mpumalanga Region,Shoprite,6001007001080,CraveCraft Chutney Maize Bites 125g,CraveCraft,CraveCraft Chutney Maize Bites 125g,Snacks,Savoury Snacks,3033.5800000000000,4612.1099999999997,169,266,0,1,0,18.65,18.99
530031,Shoprite Polokwane,Inland North Division,Limpopo & Mpumalanga Region,Shoprite,6001007001097,CraveCraft Cheese Corn Puffs 100g,CraveCraft,CraveCraft Cheese Corn Puffs 100g,Snacks,Savoury Snacks,3488.3500000000000,3764.3200000000000,200,225,0,0,0,18.38,17.99
530031,Shoprite Polokwane,Inland North Division,Limpopo & Mpumalanga Region,Shoprite,6001007001103,HomeHarvest Tomato & Herb Soup 500ml,HomeHarvest,HomeHarvest Tomato & Herb Soup 500ml,Convenience Foods,Soups,3777.6000000000000,3852.0900000000000,112,118,0,0,0,35.67,34.99
530031,Shoprite Polokwane,Inland North Division,Limpopo & Mpumalanga Region,Shoprite,6001007001110,HomeHarvest Beef Stew Mix 200g,HomeHarvest,HomeHarvest Beef Stew Mix 200g,Convenience Foods,Meal Solutions,2687.9300000000000,2965.2500000000000,93,106,0,0,1,33.95,29.99
530031,Shoprite Polokwane,Inland North Division,Limpopo & Mpumalanga Region,Shoprite,6001007001127,HomeHarvest Chicken Curry Meal Base 200g,HomeHarvest,HomeHarvest Chicken Curry Meal Base 200g,Convenience Foods,Meal Solutions,3745.0600000000000,3643.7000000000000,121,122,0,0,0,32.49,31.99
530032,Shoprite Mbombela,Inland North Division,Limpopo & Mpumalanga Region,Shoprite,6001007001011,SunTrail Original Crunch Cereal 500g,SunTrail,SunTrail Original Crunch Cereal 500g,Cereals,Ready-to-Eat Cereal,2368.7399999999998,4354.5700000000000,45,86,1,0,0,53.8,54.99
530032,Shoprite Mbombela,Inland North Division,Limpopo & Mpumalanga Region,Shoprite,6001007001028,SunTrail Honey Rings Cereal 450g,SunTrail,SunTrail Honey Rings Cereal 450g,Cereals,Ready-to-Eat Cereal,5246.6600000000000,6384.4500000000000,86,108,0,0,0,60.6,59.99
530032,Shoprite Mbombela,Inland North Division,Limpopo & Mpumalanga Region,Shoprite,6001007001035,MorningMelt Creamy Instant Oats 500g,MorningMelt,MorningMelt Creamy Instant Oats 500g,Cereals,Hot Cereals,3664.1200000000000,3986.3600000000000,82,93,0,0,0,45.94,44.99
530032,Shoprite Mbombela,Inland North Division,Limpopo & Mpumalanga Region,Shoprite,6001007001042,MorningMelt Cinnamon Oats Sachets 10x35g,MorningMelt,MorningMelt Cinnamon Oats Sachets 10x35g,Cereals,Hot Cereals,3176.5500000000000,4222.4900000000000,62,86,0,1,0,50.97,49.99
530032,Shoprite Mbombela,Inland North Division,Limpopo & Mpumalanga Region,Shoprite,6001007001059,SavannaSip Pure Rooibos Tea 80s,SavannaSip,SavannaSip Pure Rooibos Tea 80s,Beverages,Tea,6007.5400000000000,7159.1700000000000,91,112,0,1,0,67.1,64.99
530032,Shoprite Mbombela,Inland North Division,Limpopo & Mpumalanga Region,Shoprite,6001007001066,SavannaSip Lemon Iced Tea 1.5L,SavannaSip,SavannaSip Lemon Iced Tea 1.5L,Beverages,Ready-to-Drink,2634.2900000000000,2403.8200000000002,106,101,0,0,0,25.37,24.99
530032,Shoprite Mbombela,Inland North Division,Limpopo & Mpumalanga Region,Shoprite,6001007001073,CraveCraft Salted Maize Bites 125g,CraveCraft,CraveCraft Salted Maize Bites 125g,Snacks,Savoury Snacks,2411.2700000000000,3177.0700000000000,124,169,0,1,0,18.5,18.99
530032,Shoprite Mbombela,Inland North Division,Limpopo & Mpumalanga Region,Shoprite,6001007001080,CraveCraft Chutney Maize Bites 125g,CraveCraft,CraveCraft Chutney Maize Bites 125g,Snacks,Savoury Snacks,2104.5900000000000,2997.3900000000000,116,170,0,1,0,18.93,18.99
530032,Shoprite Mbombela,Inland North Division,Limpopo & Mpumalanga Region,Shoprite,6001007001097,CraveCraft Cheese Corn Puffs 100g,CraveCraft,CraveCraft Cheese Corn Puffs 100g,Snacks,Savoury Snacks,1595.5700000000000,1823.0900000000000,94,110,0,0,0,17.51,17.99
530032,Shoprite Mbombela,Inland North Division,Limpopo & Mpumalanga Region,Shoprite,6001007001103,HomeHarvest Tomato & Herb Soup 500ml,HomeHarvest,HomeHarvest Tomato & Herb Soup 500ml,Convenience Foods,Soups,2310.4800000000000,2248.2300000000000,70,70,0,0,0,34.02,34.99
530032,Shoprite Mbombela,Inland North Division,Limpopo & Mpumalanga Region,Shoprite,6001007001110,HomeHarvest Beef Stew Mix 200g,HomeHarvest,HomeHarvest Beef Stew Mix 200g,Convenience Foods,Meal Solutions,1913.3600000000000,1897.5900000000000,66,67,0,0,0,30.27,29.99
530032,Shoprite Mbombela,Inland North Division,Limpopo & Mpumalanga Region,Shoprite,6001007001127,HomeHarvest Chicken Curry Meal Base 200g,HomeHarvest,HomeHarvest Chicken Curry Meal Base 200g,Convenience Foods,Meal Solutions,1722.9600000000000,1802.0100000000000,53,57,0,0,0,32.65,31.99
530033,Shoprite Tzaneen,Inland North Division,Limpopo & Mpumalanga Region,Shoprite,6001007001011,SunTrail Original Crunch Cereal 500g,SunTrail,SunTrail Original Crunch Cereal 500g,Cereals,Ready-to-Eat Cereal,2970.2400000000000,5096.8900000000003,56,100,1,0,0,55.62,54.99
530033,Shoprite Tzaneen,Inland North Division,Limpopo & Mpumalanga Region,Shoprite,6001007001028,SunTrail Honey Rings Cereal 450g,SunTrail,SunTrail Honey Rings Cereal 450g,Cereals,Ready-to-Eat Cereal,3815.7000000000000,4856.6800000000000,66,87,0,0,1,65.96,59.99
530033,Shoprite Tzaneen,Inland North Division,Limpopo & Mpumalanga Region,Shoprite,6001007001035,MorningMelt Creamy Instant Oats 500g,MorningMelt,MorningMelt Creamy Instant Oats 500g,Cereals,Hot Cereals,3165.1400000000000,4836.9500000000000,71,113,0,1,1,49.64,44.99
530033,Shoprite Tzaneen,Inland North Division,Limpopo & Mpumalanga Region,Shoprite,6001007001042,MorningMelt Cinnamon Oats Sachets 10x35g,MorningMelt,MorningMelt Cinnamon Oats Sachets 10x35g,Cereals,Hot Cereals,3820.7100000000000,4192.4200000000000,77,87,0,0,0,50.89,49.99
530033,Shoprite Tzaneen,Inland North Division,Limpopo & Mpumalanga Region,Shoprite,6001007001059,SavannaSip Pure Rooibos Tea 80s,SavannaSip,SavannaSip Pure Rooibos Tea 80s,Beverages,Tea,8459.7800000000007,7859.7300000000000,130,124,0,0,0,66.61,64.99
530033,Shoprite Tzaneen,Inland North Division,Limpopo & Mpumalanga Region,Shoprite,6001007001066,SavannaSip Lemon Iced Tea 1.5L,SavannaSip,SavannaSip Lemon Iced Tea 1.5L,Beverages,Ready-to-Drink,4325.3100000000004,4349.2500000000000,175,183,0,0,0,24.8,24.99
530033,Shoprite Tzaneen,Inland North Division,Limpopo & Mpumalanga Region,Shoprite,6001007001073,CraveCraft Salted Maize Bites 125g,CraveCraft,CraveCraft Salted Maize Bites 125g,Snacks,Savoury Snacks,3128.7600000000000,3218.0600000000000,172,183,0,0,0,18.68,18.99
530033,Shoprite Tzaneen,Inland North Division,Limpopo & Mpumalanga Region,Shoprite,6001007001080,CraveCraft Chutney Maize Bites 125g,CraveCraft,CraveCraft Chutney Maize Bites 125g,Snacks,Savoury Snacks,2338.3600000000000,2680.1600000000000,122,144,0,0,0,18.91,18.99
530033,Shoprite Tzaneen,Inland North Division,Limpopo & Mpumalanga Region,Shoprite,6001007001097,CraveCraft Cheese Corn Puffs 100g,CraveCraft,CraveCraft Cheese Corn Puffs 100g,Snacks,Savoury Snacks,2370.8200000000002,2397.2199999999998,139,145,0,0,0,18.41,17.99
530033,Shoprite Tzaneen,Inland North Division,Limpopo & Mpumalanga Region,Shoprite,6001007001103,HomeHarvest Tomato & Herb Soup 500ml,HomeHarvest,HomeHarvest Tomato & Herb Soup 500ml,Convenience Foods,Soups,3237.1300000000000,3354.5200000000000,95,102,0,0,0,34.2,34.99
530033,Shoprite Tzaneen,Inland North Division,Limpopo & Mpumalanga Region,Shoprite,6001007001110,HomeHarvest Beef Stew Mix 200g,HomeHarvest,HomeHarvest Beef Stew Mix 200g,Convenience Foods,Meal Solutions,2122.4899999999998,2626.8000000000000,71,91,0,1,0,29.41,29.99
530033,Shoprite Tzaneen,Inland North Division,Limpopo & Mpumalanga Region,Shoprite,6001007001127,HomeHarvest Chicken Curry Meal Base 200g,HomeHarvest,HomeHarvest Chicken Curry Meal Base 200g,Convenience Foods,Meal Solutions,1308.5000000000000,2230.9899999999998,42,74,1,0,0,32.29,31.99
530034,Shoprite Middelburg,Inland North Division,Limpopo & Mpumalanga Region,Shoprite,6001007001011,SunTrail Original Crunch Cereal 500g,SunTrail,SunTrail Original Crunch Cereal 500g,Cereals,Ready-to-Eat Cereal,2658.9600000000000,5524.4800000000000,50,107,1,0,1,62.02,54.99
530034,Shoprite Middelburg,Inland North Division,Limpopo & Mpumalanga Region,Shoprite,6001007001028,SunTrail Honey Rings Cereal 450g,SunTrail,SunTrail Honey Rings Cereal 450g,Cereals,Ready-to-Eat Cereal,4765.7700000000004,5738.6200000000000,77,97,0,0,0,58.7,59.99
530034,Shoprite Middelburg,Inland North Division,Limpopo & Mpumalanga Region,Shoprite,6001007001035,MorningMelt Creamy Instant Oats 500g,MorningMelt,MorningMelt Creamy Instant Oats 500g,Cereals,Hot Cereals,3720.8400000000000,4172.6899999999996,83,97,0,0,0,45.08,44.99
530034,Shoprite Middelburg,Inland North Division,Limpopo & Mpumalanga Region,Shoprite,6001007001042,MorningMelt Cinnamon Oats Sachets 10x35g,MorningMelt,MorningMelt Cinnamon Oats Sachets 10x35g,Cereals,Hot Cereals,4699.8500000000004,5011.4300000000000,98,107,0,0,0,51.04,49.99
530034,Shoprite Middelburg,Inland North Division,Limpopo & Mpumalanga Region,Shoprite,6001007001059,SavannaSip Pure Rooibos Tea 80s,SavannaSip,SavannaSip Pure Rooibos Tea 80s,Beverages,Tea,6742.9300000000000,8293.8400000000000,109,138,0,1,0,66.98,64.99
530034,Shoprite Middelburg,Inland North Division,Limpopo & Mpumalanga Region,Shoprite,6001007001066,SavannaSip Lemon Iced Tea 1.5L,SavannaSip,SavannaSip Lemon Iced Tea 1.5L,Beverages,Ready-to-Drink,2871.7800000000000,3156.8900000000000,120,136,0,0,1,27.98,24.99
530034,Shoprite Middelburg,Inland North Division,Limpopo & Mpumalanga Region,Shoprite,6001007001073,CraveCraft Salted Maize Bites 125g,CraveCraft,CraveCraft Salted Maize Bites 125g,Snacks,Savoury Snacks,2668.2000000000000,4265.0000000000000,136,227,1,0,0,19.24,18.99
530034,Shoprite Middelburg,Inland North Division,Limpopo & Mpumalanga Region,Shoprite,6001007001080,CraveCraft Chutney Maize Bites 125g,CraveCraft,CraveCraft Chutney Maize Bites 125g,Snacks,Savoury Snacks,2854.5300000000000,2941.7900000000000,152,163,0,0,0,19.18,18.99
530034,Shoprite Middelburg,Inland North Division,Limpopo & Mpumalanga Region,Shoprite,6001007001097,CraveCraft Cheese Corn Puffs 100g,CraveCraft,CraveCraft Cheese Corn Puffs 100g,Snacks,Savoury Snacks,2144.2500000000000,2379.0700000000002,118,135,0,0,0,18.45,17.99
530034,Shoprite Middelburg,Inland North Division,Limpopo & Mpumalanga Region,Shoprite,6001007001103,HomeHarvest Tomato & Herb Soup 500ml,HomeHarvest,HomeHarvest Tomato & Herb Soup 500ml,Convenience Foods,Soups,2699.6700000000000,3766.6600000000000,75,109,0,1,0,34.43,34.99
530034,Shoprite Middelburg,Inland North Division,Limpopo & Mpumalanga Region,Shoprite,6001007001110,HomeHarvest Beef Stew Mix 200g,HomeHarvest,HomeHarvest Beef Stew Mix 200g,Convenience Foods,Meal Solutions,2469.2700000000000,2440.9600000000000,86,89,0,0,0,29.56,29.99
530034,Shoprite Middelburg,Inland North Division,Limpopo & Mpumalanga Region,Shoprite,6001007001127,HomeHarvest Chicken Curry Meal Base 200g,HomeHarvest,HomeHarvest Chicken Curry Meal Base 200g,Convenience Foods,Meal Solutions,2120.0600000000000,3047.0400000000000,68,100,0,1,0,32.28,31.99
530035,Shoprite Secunda,Inland North Division,Limpopo & Mpumalanga Region,Shoprite,6001007001011,SunTrail Original Crunch Cereal 500g,SunTrail,SunTrail Original Crunch Cereal 500g,Cereals,Ready-to-Eat Cereal,3705.8500000000000,6502.9700000000000,70,128,1,0,0,57.04,54.99
530035,Shoprite Secunda,Inland North Division,Limpopo & Mpumalanga Region,Shoprite,6001007001028,SunTrail Honey Rings Cereal 450g,SunTrail,SunTrail Honey Rings Cereal 450g,Cereals,Ready-to-Eat Cereal,6663.0400000000000,8260.7900000000009,110,140,0,0,0,60.4,59.99
530035,Shoprite Secunda,Inland North Division,Limpopo & Mpumalanga Region,Shoprite,6001007001035,MorningMelt Creamy Instant Oats 500g,MorningMelt,MorningMelt Creamy Instant Oats 500g,Cereals,Hot Cereals,3980.2800000000000,4443.2200000000000,86,100,0,0,0,44.38,44.99
530035,Shoprite Secunda,Inland North Division,Limpopo & Mpumalanga Region,Shoprite,6001007001042,MorningMelt Cinnamon Oats Sachets 10x35g,MorningMelt,MorningMelt Cinnamon Oats Sachets 10x35g,Cereals,Hot Cereals,4315.1899999999996,4810.3100000000004,87,101,0,0,0,51.09,49.99
530035,Shoprite Secunda,Inland North Division,Limpopo & Mpumalanga Region,Shoprite,6001007001059,SavannaSip Pure Rooibos Tea 80s,SavannaSip,SavannaSip Pure Rooibos Tea 80s,Beverages,Tea,9814.1800000000000,9784.9900000000000,159,163,0,0,0,64.14,64.99
530035,Shoprite Secunda,Inland North Division,Limpopo & Mpumalanga Region,Shoprite,6001007001066,SavannaSip Lemon Iced Tea 1.5L,SavannaSip,SavannaSip Lemon Iced Tea 1.5L,Beverages,Ready-to-Drink,4478.1499999999996,4338.4900000000000,176,176,0,0,0,24.62,24.99
530035,Shoprite Secunda,Inland North Division,Limpopo & Mpumalanga Region,Shoprite,6001007001073,CraveCraft Salted Maize Bites 125g,CraveCraft,CraveCraft Salted Maize Bites 125g,Snacks,Savoury Snacks,3404.8700000000000,3671.0400000000000,174,196,0,0,0,19.17,18.99
530035,Shoprite Secunda,Inland North Division,Limpopo & Mpumalanga Region,Shoprite,6001007001080,CraveCraft Chutney Maize Bites 125g,CraveCraft,CraveCraft Chutney Maize Bites 125g,Snacks,Savoury Snacks,2431.4899999999998,3669.5900000000000,137,212,0,1,1,20.4,18.99
530035,Shoprite Secunda,Inland North Division,Limpopo & Mpumalanga Region,Shoprite,6001007001097,CraveCraft Cheese Corn Puffs 100g,CraveCraft,CraveCraft Cheese Corn Puffs 100g,Snacks,Savoury Snacks,2085.3200000000002,3728.4300000000000,113,211,1,0,0,18.48,17.99
530035,Shoprite Secunda,Inland North Division,Limpopo & Mpumalanga Region,Shoprite,6001007001103,HomeHarvest Tomato & Herb Soup 500ml,HomeHarvest,HomeHarvest Tomato & Herb Soup 500ml,Convenience Foods,Soups,3540.1800000000000,3652.8300000000000,99,106,0,0,0,34.69,34.99
530035,Shoprite Secunda,Inland North Division,Limpopo & Mpumalanga Region,Shoprite,6001007001110,HomeHarvest Beef Stew Mix 200g,HomeHarvest,HomeHarvest Beef Stew Mix 200g,Convenience Foods,Meal Solutions,2564.8900000000000,2609.2500000000000,85,89,0,0,0,30.73,29.99
530035,Shoprite Secunda,Inland North Division,Limpopo & Mpumalanga Region,Shoprite,6001007001127,HomeHarvest Chicken Curry Meal Base 200g,HomeHarvest,HomeHarvest Chicken Curry Meal Base 200g,Convenience Foods,Meal Solutions,3338.5700000000000,3314.7700000000000,102,106,0,0,0,32.78,31.99
530036,Shoprite Bloemfontein,Inland South Division,Free State & Northern Cape Region,Shoprite,6001007001011,SunTrail Original Crunch Cereal 500g,SunTrail,SunTrail Original Crunch Cereal 500g,Cereals,Ready-to-Eat Cereal,4463.3400000000000,7885.4000000000000,86,156,1,0,1,60.64,54.99
530036,Shoprite Bloemfontein,Inland South Division,Free State & Northern Cape Region,Shoprite,6001007001028,SunTrail Honey Rings Cereal 450g,SunTrail,SunTrail Honey Rings Cereal 450g,Cereals,Ready-to-Eat Cereal,5431.5600000000000,6603.8000000000000,92,115,0,0,0,61.25,59.99
530036,Shoprite Bloemfontein,Inland South Division,Free State & Northern Cape Region,Shoprite,6001007001035,MorningMelt Creamy Instant Oats 500g,MorningMelt,MorningMelt Creamy Instant Oats 500g,Cereals,Hot Cereals,2849.9600000000000,4524.6499999999996,64,106,1,0,0,45.43,44.99
530036,Shoprite Bloemfontein,Inland South Division,Free State & Northern Cape Region,Shoprite,6001007001042,MorningMelt Cinnamon Oats Sachets 10x35g,MorningMelt,MorningMelt Cinnamon Oats Sachets 10x35g,Cereals,Hot Cereals,4015.9800000000000,4032.0800000000000,80,84,0,0,0,48.59,49.99
530036,Shoprite Bloemfontein,Inland South Division,Free State & Northern Cape Region,Shoprite,6001007001059,SavannaSip Pure Rooibos Tea 80s,SavannaSip,SavannaSip Pure Rooibos Tea 80s,Beverages,Tea,8427.3200000000000,7708.0500000000000,129,121,0,0,0,65.35,64.99
530036,Shoprite Bloemfontein,Inland South Division,Free State & Northern Cape Region,Shoprite,6001007001066,SavannaSip Lemon Iced Tea 1.5L,SavannaSip,SavannaSip Lemon Iced Tea 1.5L,Beverages,Ready-to-Drink,4294.4900000000000,4268.7500000000000,173,177,0,0,0,24.34,24.99
530036,Shoprite Bloemfontein,Inland South Division,Free State & Northern Cape Region,Shoprite,6001007001073,CraveCraft Salted Maize Bites 125g,CraveCraft,CraveCraft Salted Maize Bites 125g,Snacks,Savoury Snacks,3187.1400000000000,3264.8600000000000,175,186,0,0,0,18.72,18.99
530036,Shoprite Bloemfontein,Inland South Division,Free State & Northern Cape Region,Shoprite,6001007001080,CraveCraft Chutney Maize Bites 125g,CraveCraft,CraveCraft Chutney Maize Bites 125g,Snacks,Savoury Snacks,3613.9200000000000,3697.9000000000000,194,207,0,0,0,18.81,18.99
530036,Shoprite Bloemfontein,Inland South Division,Free State & Northern Cape Region,Shoprite,6001007001097,CraveCraft Cheese Corn Puffs 100g,CraveCraft,CraveCraft Cheese Corn Puffs 100g,Snacks,Savoury Snacks,2790.7900000000000,2801.7400000000000,158,163,0,0,0,18.67,17.99
530036,Shoprite Bloemfontein,Inland South Division,Free State & Northern Cape Region,Shoprite,6001007001103,HomeHarvest Tomato & Herb Soup 500ml,HomeHarvest,HomeHarvest Tomato & Herb Soup 500ml,Convenience Foods,Soups,2948.5200000000000,2950.8300000000000,85,88,0,0,0,34.79,34.99
530036,Shoprite Bloemfontein,Inland South Division,Free State & Northern Cape Region,Shoprite,6001007001110,HomeHarvest Beef Stew Mix 200g,HomeHarvest,HomeHarvest Beef Stew Mix 200g,Convenience Foods,Meal Solutions,2056.1500000000000,1951.2100000000000,70,69,0,0,0,29.9,29.99
530036,Shoprite Bloemfontein,Inland South Division,Free State & Northern Cape Region,Shoprite,6001007001127,HomeHarvest Chicken Curry Meal Base 200g,HomeHarvest,HomeHarvest Chicken Curry Meal Base 200g,Convenience Foods,Meal Solutions,2816.0600000000000,2907.3400000000000,90,96,0,0,0,31.87,31.99
530037,Shoprite Welkom,Inland South Division,Free State & Northern Cape Region,Shoprite,6001007001011,SunTrail Original Crunch Cereal 500g,SunTrail,SunTrail Original Crunch Cereal 500g,Cereals,Ready-to-Eat Cereal,4372.5400000000000,6968.4400000000000,84,138,1,0,0,56.66,54.99
530037,Shoprite Welkom,Inland South Division,Free State & Northern Cape Region,Shoprite,6001007001028,SunTrail Honey Rings Cereal 450g,SunTrail,SunTrail Honey Rings Cereal 450g,Cereals,Ready-to-Eat Cereal,5670.2900000000000,7061.9100000000000,95,122,0,0,0,62.32,59.99
530037,Shoprite Welkom,Inland South Division,Free State & Northern Cape Region,Shoprite,6001007001035,MorningMelt Creamy Instant Oats 500g,MorningMelt,MorningMelt Creamy Instant Oats 500g,Cereals,Hot Cereals,2296.0100000000002,3618.0700000000000,51,84,1,0,0,45.27,44.99
530037,Shoprite Welkom,Inland South Division,Free State & Northern Cape Region,Shoprite,6001007001042,MorningMelt Cinnamon Oats Sachets 10x35g,MorningMelt,MorningMelt Cinnamon Oats Sachets 10x35g,Cereals,Hot Cereals,3023.3400000000000,4174.1499999999996,63,89,0,1,0,50.89,49.99
530037,Shoprite Welkom,Inland South Division,Free State & Northern Cape Region,Shoprite,6001007001059,SavannaSip Pure Rooibos Tea 80s,SavannaSip,SavannaSip Pure Rooibos Tea 80s,Beverages,Tea,7943.7900000000000,7382.2600000000000,122,118,0,0,0,67.91,64.99
530037,Shoprite Welkom,Inland South Division,Free State & Northern Cape Region,Shoprite,6001007001066,SavannaSip Lemon Iced Tea 1.5L,SavannaSip,SavannaSip Lemon Iced Tea 1.5L,Beverages,Ready-to-Drink,4022.4400000000000,3660.1800000000000,160,150,0,0,0,24.32,24.99
530037,Shoprite Welkom,Inland South Division,Free State & Northern Cape Region,Shoprite,6001007001073,CraveCraft Salted Maize Bites 125g,CraveCraft,CraveCraft Salted Maize Bites 125g,Snacks,Savoury Snacks,3175.6900000000000,3208.1600000000000,169,176,0,0,0,19.15,18.99
530037,Shoprite Welkom,Inland South Division,Free State & Northern Cape Region,Shoprite,6001007001080,CraveCraft Chutney Maize Bites 125g,CraveCraft,CraveCraft Chutney Maize Bites 125g,Snacks,Savoury Snacks,3440.5800000000000,3635.4800000000000,193,210,0,0,0,18.95,18.99
530037,Shoprite Welkom,Inland South Division,Free State & Northern Cape Region,Shoprite,6001007001097,CraveCraft Cheese Corn Puffs 100g,CraveCraft,CraveCraft Cheese Corn Puffs 100g,Snacks,Savoury Snacks,2423.5700000000002,3290.5700000000000,137,191,0,1,0,17.6,17.99
530037,Shoprite Welkom,Inland South Division,Free State & Northern Cape Region,Shoprite,6001007001103,HomeHarvest Tomato & Herb Soup 500ml,HomeHarvest,HomeHarvest Tomato & Herb Soup 500ml,Convenience Foods,Soups,2293.3700000000000,2381.0700000000002,67,72,0,0,0,34.8,34.99
530037,Shoprite Welkom,Inland South Division,Free State & Northern Cape Region,Shoprite,6001007001110,HomeHarvest Beef Stew Mix 200g,HomeHarvest,HomeHarvest Beef Stew Mix 200g,Convenience Foods,Meal Solutions,2009.1700000000000,2018.2900000000000,67,70,0,0,0,30.6,29.99
530037,Shoprite Welkom,Inland South Division,Free State & Northern Cape Region,Shoprite,6001007001127,HomeHarvest Chicken Curry Meal Base 200g,HomeHarvest,HomeHarvest Chicken Curry Meal Base 200g,Convenience Foods,Meal Solutions,1173.5000000000000,1856.4700000000000,38,62,1,0,0,32.75,31.99
530038,Shoprite Kimberley,Inland South Division,Free State & Northern Cape Region,Shoprite,6001007001011,SunTrail Original Crunch Cereal 500g,SunTrail,SunTrail Original Crunch Cereal 500g,Cereals,Ready-to-Eat Cereal,6277.8900000000000,6239.1100000000000,119,122,0,0,0,54.32,54.99
530038,Shoprite Kimberley,Inland South Division,Free State & Northern Cape Region,Shoprite,6001007001028,SunTrail Honey Rings Cereal 450g,SunTrail,SunTrail Honey Rings Cereal 450g,Cereals,Ready-to-Eat Cereal,6014.1400000000000,6934.1800000000000,101,120,0,0,0,62.18,59.99
530038,Shoprite Kimberley,Inland South Division,Free State & Northern Cape Region,Shoprite,6001007001035,MorningMelt Creamy Instant Oats 500g,MorningMelt,MorningMelt Creamy Instant Oats 500g,Cereals,Hot Cereals,2316.0400000000000,4167.9900000000000,51,94,1,0,0,44.02,44.99
530038,Shoprite Kimberley,Inland South Division,Free State & Northern Cape Region,Shoprite,6001007001042,MorningMelt Cinnamon Oats Sachets 10x35g,MorningMelt,MorningMelt Cinnamon Oats Sachets 10x35g,Cereals,Hot Cereals,5244.3200000000000,5377.1000000000000,103,110,0,0,0,49.58,49.99
530038,Shoprite Kimberley,Inland South Division,Free State & Northern Cape Region,Shoprite,6001007001059,SavannaSip Pure Rooibos Tea 80s,SavannaSip,SavannaSip Pure Rooibos Tea 80s,Beverages,Tea,8699.4900000000000,8097.5000000000000,133,129,0,0,0,65.17,64.99
530038,Shoprite Kimberley,Inland South Division,Free State & Northern Cape Region,Shoprite,6001007001066,SavannaSip Lemon Iced Tea 1.5L,SavannaSip,SavannaSip Lemon Iced Tea 1.5L,Beverages,Ready-to-Drink,3160.3800000000000,3662.1400000000000,127,151,0,1,0,24.89,24.99
530038,Shoprite Kimberley,Inland South Division,Free State & Northern Cape Region,Shoprite,6001007001073,CraveCraft Salted Maize Bites 125g,CraveCraft,CraveCraft Salted Maize Bites 125g,Snacks,Savoury Snacks,2690.9000000000000,3559.9200000000000,142,193,0,1,0,19.76,18.99
530038,Shoprite Kimberley,Inland South Division,Free State & Northern Cape Region,Shoprite,6001007001080,CraveCraft Chutney Maize Bites 125g,CraveCraft,CraveCraft Chutney Maize Bites 125g,Snacks,Savoury Snacks,2694.4200000000000,2886.8700000000000,144,161,0,0,0,18.75,18.99
530038,Shoprite Kimberley,Inland South Division,Free State & Northern Cape Region,Shoprite,6001007001097,CraveCraft Cheese Corn Puffs 100g,CraveCraft,CraveCraft Cheese Corn Puffs 100g,Snacks,Savoury Snacks,3168.3900000000000,3363.8700000000000,173,190,0,0,0,17.56,17.99
530038,Shoprite Kimberley,Inland South Division,Free State & Northern Cape Region,Shoprite,6001007001103,HomeHarvest Tomato & Herb Soup 500ml,HomeHarvest,HomeHarvest Tomato & Herb Soup 500ml,Convenience Foods,Soups,3212.0000000000000,3366.3800000000000,93,101,0,0,0,36.08,34.99
530038,Shoprite Kimberley,Inland South Division,Free State & Northern Cape Region,Shoprite,6001007001110,HomeHarvest Beef Stew Mix 200g,HomeHarvest,HomeHarvest Beef Stew Mix 200g,Convenience Foods,Meal Solutions,2357.6400000000000,2343.7900000000000,82,84,0,0,0,30.44,29.99
530038,Shoprite Kimberley,Inland South Division,Free State & Northern Cape Region,Shoprite,6001007001127,HomeHarvest Chicken Curry Meal Base 200g,HomeHarvest,HomeHarvest Chicken Curry Meal Base 200g,Convenience Foods,Meal Solutions,2569.0500000000002,2567.2500000000000,82,84,0,0,0,32.63,31.99
530039,Shoprite Upington,Inland South Division,Free State & Northern Cape Region,Shoprite,6001007001011,SunTrail Original Crunch Cereal 500g,SunTrail,SunTrail Original Crunch Cereal 500g,Cereals,Ready-to-Eat Cereal,2854.6000000000000,5137.1099999999997,53,98,1,0,0,53.43,54.99
530039,Shoprite Upington,Inland South Division,Free State & Northern Cape Region,Shoprite,6001007001028,SunTrail Honey Rings Cereal 450g,SunTrail,SunTrail Honey Rings Cereal 450g,Cereals,Ready-to-Eat Cereal,4814.9500000000000,5813.5600000000000,84,106,0,0,0,60.29,59.99
530039,Shoprite Upington,Inland South Division,Free State & Northern Cape Region,Shoprite,6001007001035,MorningMelt Creamy Instant Oats 500g,MorningMelt,MorningMelt Creamy Instant Oats 500g,Cereals,Hot Cereals,2714.5700000000000,2972.7500000000000,59,67,0,0,0,46.42,44.99
530039,Shoprite Upington,Inland South Division,Free State & Northern Cape Region,Shoprite,6001007001042,MorningMelt Cinnamon Oats Sachets 10x35g,MorningMelt,MorningMelt Cinnamon Oats Sachets 10x35g,Cereals,Hot Cereals,3724.3300000000000,3894.3100000000000,75,82,0,0,0,50.36,49.99
530039,Shoprite Upington,Inland South Division,Free State & Northern Cape Region,Shoprite,6001007001059,SavannaSip Pure Rooibos Tea 80s,SavannaSip,SavannaSip Pure Rooibos Tea 80s,Beverages,Tea,5794.2800000000000,5689.5800000000000,87,89,0,0,0,67.27,64.99
530039,Shoprite Upington,Inland South Division,Free State & Northern Cape Region,Shoprite,6001007001066,SavannaSip Lemon Iced Tea 1.5L,SavannaSip,SavannaSip Lemon Iced Tea 1.5L,Beverages,Ready-to-Drink,2072.0400000000000,3111.5300000000000,88,136,1,0,0,24.77,24.99
530039,Shoprite Upington,Inland South Division,Free State & Northern Cape Region,Shoprite,6001007001073,CraveCraft Salted Maize Bites 125g,CraveCraft,CraveCraft Salted Maize Bites 125g,Snacks,Savoury Snacks,1987.4700000000000,2178.0600000000000,111,126,0,0,0,19.34,18.99
530039,Shoprite Upington,Inland South Division,Free State & Northern Cape Region,Shoprite,6001007001080,CraveCraft Chutney Maize Bites 125g,CraveCraft,CraveCraft Chutney Maize Bites 125g,Snacks,Savoury Snacks,1975.8000000000000,2863.0400000000000,108,161,0,1,0,19.48,18.99
530039,Shoprite Upington,Inland South Division,Free State & Northern Cape Region,Shoprite,6001007001097,CraveCraft Cheese Corn Puffs 100g,CraveCraft,CraveCraft Cheese Corn Puffs 100g,Snacks,Savoury Snacks,2327.1400000000000,2352.5200000000000,135,140,0,0,0,17.46,17.99
530039,Shoprite Upington,Inland South Division,Free State & Northern Cape Region,Shoprite,6001007001103,HomeHarvest Tomato & Herb Soup 500ml,HomeHarvest,HomeHarvest Tomato & Herb Soup 500ml,Convenience Foods,Soups,2089.4000000000000,2782.6800000000000,62,85,0,1,0,36.22,34.99
530039,Shoprite Upington,Inland South Division,Free State & Northern Cape Region,Shoprite,6001007001110,HomeHarvest Beef Stew Mix 200g,HomeHarvest,HomeHarvest Beef Stew Mix 200g,Convenience Foods,Meal Solutions,1092.9800000000000,1596.8300000000000,38,58,1,0,0,29.56,29.99
530039,Shoprite Upington,Inland South Division,Free State & Northern Cape Region,Shoprite,6001007001127,HomeHarvest Chicken Curry Meal Base 200g,HomeHarvest,HomeHarvest Chicken Curry Meal Base 200g,Convenience Foods,Meal Solutions,2077.5800000000000,2081.8600000000000,67,69,0,0,0,31.03,31.99
530040,Shoprite Bethlehem,Inland South Division,Free State & Northern Cape Region,Shoprite,6001007001011,SunTrail Original Crunch Cereal 500g,SunTrail,SunTrail Original Crunch Cereal 500g,Cereals,Ready-to-Eat Cereal,7706.1600000000000,8406.4599999999991,145,162,0,0,0,55.93,54.99
530040,Shoprite Bethlehem,Inland South Division,Free State & Northern Cape Region,Shoprite,6001007001028,SunTrail Honey Rings Cereal 450g,SunTrail,SunTrail Honey Rings Cereal 450g,Cereals,Ready-to-Eat Cereal,5667.7900000000000,9131.4300000000000,95,159,0,1,0,61.23,59.99
530040,Shoprite Bethlehem,Inland South Division,Free State & Northern Cape Region,Shoprite,6001007001035,MorningMelt Creamy Instant Oats 500g,MorningMelt,MorningMelt Creamy Instant Oats 500g,Cereals,Hot Cereals,3390.1300000000000,5291.2700000000000,78,125,1,0,0,45.64,44.99
530040,Shoprite Bethlehem,Inland South Division,Free State & Northern Cape Region,Shoprite,6001007001042,MorningMelt Cinnamon Oats Sachets 10x35g,MorningMelt,MorningMelt Cinnamon Oats Sachets 10x35g,Cereals,Hot Cereals,3791.6900000000000,4890.1000000000004,79,105,0,1,0,50.51,49.99
530040,Shoprite Bethlehem,Inland South Division,Free State & Northern Cape Region,Shoprite,6001007001059,SavannaSip Pure Rooibos Tea 80s,SavannaSip,SavannaSip Pure Rooibos Tea 80s,Beverages,Tea,9680.7099999999991,9405.3900000000000,149,149,0,0,0,67.06,64.99
530040,Shoprite Bethlehem,Inland South Division,Free State & Northern Cape Region,Shoprite,6001007001066,SavannaSip Lemon Iced Tea 1.5L,SavannaSip,SavannaSip Lemon Iced Tea 1.5L,Beverages,Ready-to-Drink,3907.2200000000000,3934.5600000000000,163,168,0,0,0,24.73,24.99
530040,Shoprite Bethlehem,Inland South Division,Free State & Northern Cape Region,Shoprite,6001007001073,CraveCraft Salted Maize Bites 125g,CraveCraft,CraveCraft Salted Maize Bites 125g,Snacks,Savoury Snacks,4209.2900000000000,4574.6000000000004,227,253,0,0,0,18.91,18.99
530040,Shoprite Bethlehem,Inland South Division,Free State & Northern Cape Region,Shoprite,6001007001080,CraveCraft Chutney Maize Bites 125g,CraveCraft,CraveCraft Chutney Maize Bites 125g,Snacks,Savoury Snacks,3252.6000000000000,4680.5400000000000,178,268,0,1,0,18.5,18.99
530040,Shoprite Bethlehem,Inland South Division,Free State & Northern Cape Region,Shoprite,6001007001097,CraveCraft Cheese Corn Puffs 100g,CraveCraft,CraveCraft Cheese Corn Puffs 100g,Snacks,Savoury Snacks,3428.5100000000000,3532.3600000000000,196,208,0,0,0,18.12,17.99
530040,Shoprite Bethlehem,Inland South Division,Free State & Northern Cape Region,Shoprite,6001007001103,HomeHarvest Tomato & Herb Soup 500ml,HomeHarvest,HomeHarvest Tomato & Herb Soup 500ml,Convenience Foods,Soups,3116.1100000000000,3108.6000000000000,91,93,0,0,0,34.68,34.99
530040,Shoprite Bethlehem,Inland South Division,Free State & Northern Cape Region,Shoprite,6001007001110,HomeHarvest Beef Stew Mix 200g,HomeHarvest,HomeHarvest Beef Stew Mix 200g,Convenience Foods,Meal Solutions,3556.0300000000000,3467.5800000000000,117,118,0,0,0,30.97,29.99
530040,Shoprite Bethlehem,Inland South Division,Free State & Northern Cape Region,Shoprite,6001007001127,HomeHarvest Chicken Curry Meal Base 200g,HomeHarvest,HomeHarvest Chicken Curry Meal Base 200g,Convenience Foods,Meal Solutions,1870.1100000000000,2994.1300000000000,60,99,1,0,0,32.01,31.99
